2026-04-08 01:39:56 | INFO     | app.db.seed:seed_venues:44 - Seeded 15 venues.
2026-04-08 01:39:56 | INFO     | app.db.seed:seed_teams:69 - Seeded 18 teams.
2026-04-08 01:39:56 | INFO     | app.db.seed:seed_players:94 - Seeded 90 players.
2026-04-08 01:39:56 | INFO     | app.db.seed:seed_fixtures:132 - Seeded 72 fixtures.
2026-04-08 01:39:56 | INFO     | app.db.seed:seed_team_stats:180 - Seeded 90 team stats.
2026-04-08 01:39:56 | INFO     | app.db.seed:seed_player_stats:231 - Seeded 450 player stats.
2026-04-08 01:39:56 | INFO     | app.db.seed:seed_odds:265 - Seeded 472 odds records.
2026-04-08 01:39:56 | INFO     | app.db.seed:seed_from_csv:20 - All demo data seeded successfully.
2026-04-08 01:40:01 | INFO     | app.db.seed:seed_venues:28 - Venues already seeded, skipping.
2026-04-08 01:40:01 | INFO     | app.db.seed:seed_teams:52 - Teams already seeded, skipping.
2026-04-08 01:40:01 | INFO     | app.db.seed:seed_players:77 - Players already seeded, skipping.
2026-04-08 01:40:01 | INFO     | app.db.seed:seed_fixtures:102 - Fixtures already seeded, skipping.
2026-04-08 01:40:01 | INFO     | app.db.seed:seed_team_stats:140 - Team stats already seeded, skipping.
2026-04-08 01:40:01 | INFO     | app.db.seed:seed_player_stats:188 - Player stats already seeded, skipping.
2026-04-08 01:40:01 | INFO     | app.db.seed:seed_odds:239 - Odds already seeded, skipping.
2026-04-08 01:40:01 | INFO     | app.db.seed:seed_from_csv:20 - All demo data seeded successfully.
2026-04-08 01:40:05 | INFO     | app.services.training:run_match_model_training:48 - [61ef501f] Starting match model training...
2026-04-08 01:40:05 | INFO     | app.features.pipeline:get_team_features:442 - Building team feature matrix...
2026-04-08 01:40:06 | INFO     | app.features.pipeline:get_team_features:444 - Team features shape: (1800, 87)
2026-04-08 01:40:06 | INFO     | app.services.training:run_match_model_training:56 - Training with 1575 samples, 71 features.
2026-04-08 01:40:06 | INFO     | app.services.training:run_match_model_training:70 - Train: 1023, Val: 237, Test: 315
2026-04-08 01:40:06 | INFO     | app.pricing.models:fit:191 - Training LogisticRegression component...
2026-04-08 01:40:06 | INFO     | app.pricing.models:fit:193 - Training XGBoost component...
2026-04-08 01:40:06 | INFO     | app.pricing.calibration:fit:37 - Isotonic calibrator fitted.
2026-04-08 01:40:06 | INFO     | app.pricing.models:fit:320 - Calibration report: raw_brier=0.4105, cal_brier=0.24314
2026-04-08 01:40:06 | INFO     | app.services.training:run_match_model_training:97 - Test metrics: {'raw_brier': 0.28066, 'calibrated_brier': 0.27722, 'raw_logloss': 0.78236, 'calibrated_logloss': 1.83641}
2026-04-08 01:40:06 | INFO     | app.pricing.models:save:368 - Model 'match_win_ensemble' saved to data/models/match_win_ensemble.joblib
2026-04-08 01:40:06 | INFO     | app.services.training:run_match_model_training:120 - [61ef501f] Match model training complete.
2026-04-08 01:40:06 | INFO     | app.services.training:run_player_disposals_training:132 - [61ef501f] Starting player disposals model training...
2026-04-08 01:40:06 | INFO     | app.features.pipeline:get_player_features:452 - Building player feature matrix for 'disposals'...
2026-04-08 01:40:06 | INFO     | app.features.pipeline:get_player_features:454 - Player features shape: (450, 19)
2026-04-08 01:40:06 | INFO     | app.services.training:run_player_disposals_training:142 - Player model training with 450 samples.
2026-04-08 01:40:06 | INFO     | app.pricing.models:fit:253 - PlayerDisposalsModel fitted. Residual std: 3.65
2026-04-08 01:40:06 | INFO     | app.pricing.calibration:fit:37 - Isotonic calibrator fitted.
2026-04-08 01:40:06 | INFO     | app.pricing.models:save:368 - Model 'player_disposals_model' saved to data/models/player_disposals_model.joblib
2026-04-08 01:40:06 | INFO     | app.pricing.models:save:368 - Model 'player_disposals_calibrator' saved to data/models/player_disposals_calibrator.joblib
2026-04-08 01:40:06 | INFO     | app.services.training:run_player_disposals_training:193 - [61ef501f] Player model training complete.
2026-04-08 01:40:19 | INFO     | app.services.backtest:run:54 - [21b95201] Starting walk-forward backtest...
2026-04-08 01:40:19 | INFO     | app.features.pipeline:get_team_features:442 - Building team feature matrix...
2026-04-08 01:40:19 | INFO     | app.features.pipeline:get_team_features:444 - Team features shape: (1800, 87)
2026-04-08 01:40:19 | INFO     | app.services.backtest:run:66 - Backtest on 1575 samples with 71 features.
2026-04-08 01:40:19 | INFO     | app.pricing.models:fit:191 - Training LogisticRegression component...
2026-04-08 01:40:19 | WARNING  | app.services.backtest:run:109 - Training failed at fold 30: This solver needs samples of at least 2 classes in the data, but the data contains only one class: 0
2026-04-08 01:40:19 | INFO     | app.pricing.models:fit:191 - Training LogisticRegression component...
2026-04-08 01:40:19 | INFO     | app.pricing.models:fit:193 - Training XGBoost component...
2026-04-08 01:40:19 | INFO     | app.pricing.calibration:fit:37 - Isotonic calibrator fitted.
2026-04-08 01:40:19 | WARNING  | app.services.backtest:run:109 - Training failed at fold 39: y_true contains only one label (1). Please provide the true labels explicitly through the labels argument.
2026-04-08 01:40:19 | INFO     | app.pricing.models:fit:191 - Training LogisticRegression component...
2026-04-08 01:40:19 | INFO     | app.pricing.models:fit:193 - Training XGBoost component...
2026-04-08 01:40:19 | INFO     | app.pricing.calibration:fit:37 - Isotonic calibrator fitted.
2026-04-08 01:40:19 | WARNING  | app.services.backtest:run:109 - Training failed at fold 48: y_true contains only one label (1). Please provide the true labels explicitly through the labels argument.
2026-04-08 01:40:19 | INFO     | app.pricing.models:fit:191 - Training LogisticRegression component...
2026-04-08 01:40:19 | INFO     | app.pricing.models:fit:193 - Training XGBoost component...
2026-04-08 01:40:19 | INFO     | app.pricing.calibration:fit:37 - Isotonic calibrator fitted.
2026-04-08 01:40:19 | INFO     | app.pricing.models:fit:320 - Calibration report: raw_brier=0.0812, cal_brier=0.0
2026-04-08 01:40:47 | INFO     | app.services.backtest:run:54 - [ae8328aa] Starting walk-forward backtest...
2026-04-08 01:40:47 | INFO     | app.features.pipeline:get_team_features:442 - Building team feature matrix...
2026-04-08 01:40:47 | INFO     | app.features.pipeline:get_team_features:444 - Team features shape: (1800, 87)
2026-04-08 01:40:47 | INFO     | app.services.backtest:run:66 - Backtest on 1575 samples with 71 features.
2026-04-08 01:40:47 | INFO     | app.pricing.models:fit:191 - Training LogisticRegression component...
2026-04-08 01:40:47 | WARNING  | app.services.backtest:run:109 - Training failed at fold 30: This solver needs samples of at least 2 classes in the data, but the data contains only one class: 0
2026-04-08 01:40:47 | INFO     | app.pricing.models:fit:191 - Training LogisticRegression component...
2026-04-08 01:40:47 | INFO     | app.pricing.models:fit:193 - Training XGBoost component...
2026-04-08 01:40:47 | INFO     | app.pricing.calibration:fit:37 - Isotonic calibrator fitted.
2026-04-08 01:40:47 | WARNING  | app.services.backtest:run:109 - Training failed at fold 39: y_true contains only one label (1). Please provide the true labels explicitly through the labels argument.
2026-04-08 01:40:47 | INFO     | app.pricing.models:fit:191 - Training LogisticRegression component...
2026-04-08 01:40:47 | INFO     | app.pricing.models:fit:193 - Training XGBoost component...
2026-04-08 01:40:47 | INFO     | app.pricing.calibration:fit:37 - Isotonic calibrator fitted.
2026-04-08 01:40:47 | WARNING  | app.services.backtest:run:109 - Training failed at fold 48: y_true contains only one label (1). Please provide the true labels explicitly through the labels argument.
2026-04-08 01:40:47 | INFO     | app.pricing.models:fit:191 - Training LogisticRegression component...
2026-04-08 01:40:48 | INFO     | app.pricing.models:fit:193 - Training XGBoost component...
2026-04-08 01:40:48 | INFO     | app.pricing.calibration:fit:37 - Isotonic calibrator fitted.
2026-04-08 01:40:48 | INFO     | app.pricing.models:fit:320 - Calibration report: raw_brier=0.0812, cal_brier=0.0
2026-04-08 01:40:48 | INFO     | app.pricing.models:fit:191 - Training LogisticRegression component...
2026-04-08 01:40:48 | INFO     | app.pricing.models:fit:193 - Training XGBoost component...
2026-04-08 01:40:48 | INFO     | app.pricing.calibration:fit:37 - Isotonic calibrator fitted.
2026-04-08 01:40:48 | WARNING  | app.services.backtest:run:109 - Training failed at fold 66: y_true contains only one label (0). Please provide the true labels explicitly through the labels argument.
2026-04-08 01:40:48 | INFO     | app.pricing.models:fit:191 - Training LogisticRegression component...
2026-04-08 01:40:48 | INFO     | app.pricing.models:fit:193 - Training XGBoost component...
2026-04-08 01:40:48 | INFO     | app.pricing.calibration:fit:37 - Isotonic calibrator fitted.
2026-04-08 01:40:48 | WARNING  | app.services.backtest:run:109 - Training failed at fold 75: y_true contains only one label (0). Please provide the true labels explicitly through the labels argument.
2026-04-08 01:40:48 | INFO     | app.pricing.models:fit:191 - Training LogisticRegression component...
2026-04-08 01:40:48 | INFO     | app.pricing.models:fit:193 - Training XGBoost component...
2026-04-08 01:40:48 | INFO     | app.pricing.calibration:fit:37 - Isotonic calibrator fitted.
2026-04-08 01:40:48 | INFO     | app.pricing.models:fit:320 - Calibration report: raw_brier=0.4042, cal_brier=0.0
2026-04-08 01:40:48 | INFO     | app.pricing.models:fit:191 - Training LogisticRegression component...
2026-04-08 01:40:48 | INFO     | app.pricing.models:fit:193 - Training XGBoost component...
2026-04-08 01:40:48 | INFO     | app.pricing.calibration:fit:37 - Isotonic calibrator fitted.
2026-04-08 01:40:48 | WARNING  | app.services.backtest:run:109 - Training failed at fold 93: y_true contains only one label (1). Please provide the true labels explicitly through the labels argument.
2026-04-08 01:40:48 | INFO     | app.pricing.models:fit:191 - Training LogisticRegression component...
2026-04-08 01:40:48 | INFO     | app.pricing.models:fit:193 - Training XGBoost component...
2026-04-08 01:40:48 | INFO     | app.pricing.calibration:fit:37 - Isotonic calibrator fitted.
2026-04-08 01:40:48 | WARNING  | app.services.backtest:run:109 - Training failed at fold 102: y_true contains only one label (1). Please provide the true labels explicitly through the labels argument.
2026-04-08 01:40:48 | INFO     | app.pricing.models:fit:191 - Training LogisticRegression component...
2026-04-08 01:40:48 | INFO     | app.pricing.models:fit:193 - Training XGBoost component...
2026-04-08 01:40:48 | INFO     | app.pricing.calibration:fit:37 - Isotonic calibrator fitted.
2026-04-08 01:40:48 | WARNING  | app.services.backtest:run:109 - Training failed at fold 111: y_true contains only one label (1). Please provide the true labels explicitly through the labels argument.
2026-04-08 01:40:48 | INFO     | app.pricing.models:fit:191 - Training LogisticRegression component...
2026-04-08 01:40:48 | INFO     | app.pricing.models:fit:193 - Training XGBoost component...
2026-04-08 01:40:48 | INFO     | app.pricing.calibration:fit:37 - Isotonic calibrator fitted.
2026-04-08 01:40:48 | WARNING  | app.services.backtest:run:109 - Training failed at fold 120: y_true contains only one label (1). Please provide the true labels explicitly through the labels argument.
2026-04-08 01:40:48 | INFO     | app.pricing.models:fit:191 - Training LogisticRegression component...
2026-04-08 01:40:48 | INFO     | app.pricing.models:fit:193 - Training XGBoost component...
2026-04-08 01:40:48 | INFO     | app.pricing.calibration:fit:37 - Isotonic calibrator fitted.
2026-04-08 01:40:48 | WARNING  | app.services.backtest:run:109 - Training failed at fold 129: y_true contains only one label (1). Please provide the true labels explicitly through the labels argument.
2026-04-08 01:40:48 | INFO     | app.pricing.models:fit:191 - Training LogisticRegression component...
2026-04-08 01:40:48 | INFO     | app.pricing.models:fit:193 - Training XGBoost component...
2026-04-08 01:40:48 | INFO     | app.pricing.calibration:fit:37 - Isotonic calibrator fitted.
2026-04-08 01:40:48 | WARNING  | app.services.backtest:run:109 - Training failed at fold 138: y_true contains only one label (1). Please provide the true labels explicitly through the labels argument.
2026-04-08 01:40:48 | INFO     | app.pricing.models:fit:191 - Training LogisticRegression component...
2026-04-08 01:40:48 | INFO     | app.pricing.models:fit:193 - Training XGBoost component...
2026-04-08 01:40:48 | INFO     | app.pricing.calibration:fit:37 - Isotonic calibrator fitted.
2026-04-08 01:40:48 | WARNING  | app.services.backtest:run:109 - Training failed at fold 147: y_true contains only one label (1). Please provide the true labels explicitly through the labels argument.
2026-04-08 01:40:48 | INFO     | app.pricing.models:fit:191 - Training LogisticRegression component...
2026-04-08 01:40:48 | INFO     | app.pricing.models:fit:193 - Training XGBoost component...
2026-04-08 01:40:48 | INFO     | app.pricing.calibration:fit:37 - Isotonic calibrator fitted.
2026-04-08 01:40:48 | WARNING  | app.services.backtest:run:109 - Training failed at fold 156: y_true contains only one label (1). Please provide the true labels explicitly through the labels argument.
2026-04-08 01:40:48 | INFO     | app.pricing.models:fit:191 - Training LogisticRegression component...
2026-04-08 01:40:48 | INFO     | app.pricing.models:fit:193 - Training XGBoost component...
2026-04-08 01:40:48 | INFO     | app.pricing.calibration:fit:37 - Isotonic calibrator fitted.
2026-04-08 01:40:48 | WARNING  | app.services.backtest:run:109 - Training failed at fold 165: y_true contains only one label (1). Please provide the true labels explicitly through the labels argument.
2026-04-08 01:40:48 | INFO     | app.pricing.models:fit:191 - Training LogisticRegression component...
2026-04-08 01:40:48 | INFO     | app.pricing.models:fit:193 - Training XGBoost component...
2026-04-08 01:40:48 | INFO     | app.pricing.calibration:fit:37 - Isotonic calibrator fitted.
2026-04-08 01:40:48 | WARNING  | app.services.backtest:run:109 - Training failed at fold 174: y_true contains only one label (1). Please provide the true labels explicitly through the labels argument.
2026-04-08 01:40:48 | INFO     | app.pricing.models:fit:191 - Training LogisticRegression component...
2026-04-08 01:40:48 | INFO     | app.pricing.models:fit:193 - Training XGBoost component...
2026-04-08 01:40:48 | INFO     | app.pricing.calibration:fit:37 - Isotonic calibrator fitted.
2026-04-08 01:40:48 | WARNING  | app.services.backtest:run:109 - Training failed at fold 183: y_true contains only one label (1). Please provide the true labels explicitly through the labels argument.
2026-04-08 01:40:48 | INFO     | app.pricing.models:fit:191 - Training LogisticRegression component...
2026-04-08 01:40:48 | INFO     | app.pricing.models:fit:193 - Training XGBoost component...
2026-04-08 01:40:48 | INFO     | app.pricing.calibration:fit:37 - Isotonic calibrator fitted.
2026-04-08 01:40:48 | WARNING  | app.services.backtest:run:109 - Training failed at fold 192: y_true contains only one label (1). Please provide the true labels explicitly through the labels argument.
2026-04-08 01:40:48 | INFO     | app.pricing.models:fit:191 - Training LogisticRegression component...
2026-04-08 01:40:48 | INFO     | app.pricing.models:fit:193 - Training XGBoost component...
2026-04-08 01:40:48 | INFO     | app.pricing.calibration:fit:37 - Isotonic calibrator fitted.
2026-04-08 01:40:48 | INFO     | app.pricing.models:fit:320 - Calibration report: raw_brier=0.2745, cal_brier=0.0
2026-04-08 01:40:48 | INFO     | app.pricing.models:fit:191 - Training LogisticRegression component...
2026-04-08 01:40:48 | INFO     | app.pricing.models:fit:193 - Training XGBoost component...
2026-04-08 01:40:48 | INFO     | app.pricing.calibration:fit:37 - Isotonic calibrator fitted.
2026-04-08 01:40:48 | INFO     | app.pricing.models:fit:320 - Calibration report: raw_brier=0.0858, cal_brier=0.0
2026-04-08 01:40:48 | INFO     | app.pricing.models:fit:191 - Training LogisticRegression component...
2026-04-08 01:40:48 | INFO     | app.pricing.models:fit:193 - Training XGBoost component...
2026-04-08 01:40:48 | INFO     | app.pricing.calibration:fit:37 - Isotonic calibrator fitted.
2026-04-08 01:40:48 | INFO     | app.pricing.models:fit:320 - Calibration report: raw_brier=0.1797, cal_brier=0.02083
2026-04-08 01:40:48 | INFO     | app.pricing.models:fit:191 - Training LogisticRegression component...
2026-04-08 01:40:48 | INFO     | app.pricing.models:fit:193 - Training XGBoost component...
2026-04-08 01:40:48 | INFO     | app.pricing.calibration:fit:37 - Isotonic calibrator fitted.
2026-04-08 01:40:48 | INFO     | app.pricing.models:fit:320 - Calibration report: raw_brier=0.2736, cal_brier=0.0743
2026-04-08 01:40:48 | INFO     | app.pricing.models:fit:191 - Training LogisticRegression component...
2026-04-08 01:40:48 | INFO     | app.pricing.models:fit:193 - Training XGBoost component...
2026-04-08 01:40:48 | INFO     | app.pricing.calibration:fit:37 - Isotonic calibrator fitted.
2026-04-08 01:40:48 | INFO     | app.pricing.models:fit:320 - Calibration report: raw_brier=0.2910, cal_brier=0.18719
2026-04-08 01:40:48 | INFO     | app.pricing.models:fit:191 - Training LogisticRegression component...
2026-04-08 01:40:48 | INFO     | app.pricing.models:fit:193 - Training XGBoost component...
2026-04-08 01:40:48 | INFO     | app.pricing.calibration:fit:37 - Isotonic calibrator fitted.
2026-04-08 01:40:48 | INFO     | app.pricing.models:fit:320 - Calibration report: raw_brier=0.2415, cal_brier=0.1291
2026-04-08 01:40:48 | INFO     | app.pricing.models:fit:191 - Training LogisticRegression component...
2026-04-08 01:40:48 | INFO     | app.pricing.models:fit:193 - Training XGBoost component...
2026-04-08 01:40:48 | INFO     | app.pricing.calibration:fit:37 - Isotonic calibrator fitted.
2026-04-08 01:40:48 | INFO     | app.pricing.models:fit:320 - Calibration report: raw_brier=0.2954, cal_brier=0.0
2026-04-08 01:40:48 | INFO     | app.pricing.models:fit:191 - Training LogisticRegression component...
2026-04-08 01:40:48 | INFO     | app.pricing.models:fit:193 - Training XGBoost component...
2026-04-08 01:40:48 | INFO     | app.pricing.calibration:fit:37 - Isotonic calibrator fitted.
2026-04-08 01:40:48 | WARNING  | app.services.backtest:run:109 - Training failed at fold 264: y_true contains only one label (1). Please provide the true labels explicitly through the labels argument.
2026-04-08 01:40:48 | INFO     | app.pricing.models:fit:191 - Training LogisticRegression component...
2026-04-08 01:40:48 | INFO     | app.pricing.models:fit:193 - Training XGBoost component...
2026-04-08 01:40:48 | INFO     | app.pricing.calibration:fit:37 - Isotonic calibrator fitted.
2026-04-08 01:40:48 | WARNING  | app.services.backtest:run:109 - Training failed at fold 273: y_true contains only one label (1). Please provide the true labels explicitly through the labels argument.
2026-04-08 01:40:48 | INFO     | app.pricing.models:fit:191 - Training LogisticRegression component...
2026-04-08 01:40:48 | INFO     | app.pricing.models:fit:193 - Training XGBoost component...
2026-04-08 01:40:48 | INFO     | app.pricing.calibration:fit:37 - Isotonic calibrator fitted.
2026-04-08 01:40:48 | INFO     | app.pricing.models:fit:320 - Calibration report: raw_brier=0.1899, cal_brier=0.12346
2026-04-08 01:40:48 | INFO     | app.pricing.models:fit:191 - Training LogisticRegression component...
2026-04-08 01:40:48 | INFO     | app.pricing.models:fit:193 - Training XGBoost component...
2026-04-08 01:40:48 | INFO     | app.pricing.calibration:fit:37 - Isotonic calibrator fitted.
2026-04-08 01:40:48 | INFO     | app.pricing.models:fit:320 - Calibration report: raw_brier=0.2550, cal_brier=0.20672
2026-04-08 01:40:48 | INFO     | app.pricing.models:fit:191 - Training LogisticRegression component...
2026-04-08 01:40:49 | INFO     | app.pricing.models:fit:193 - Training XGBoost component...
2026-04-08 01:40:49 | INFO     | app.pricing.calibration:fit:37 - Isotonic calibrator fitted.
2026-04-08 01:40:49 | INFO     | app.pricing.models:fit:320 - Calibration report: raw_brier=0.1862, cal_brier=0.0
2026-04-08 01:40:49 | INFO     | app.pricing.models:fit:191 - Training LogisticRegression component...
2026-04-08 01:40:49 | INFO     | app.pricing.models:fit:193 - Training XGBoost component...
2026-04-08 01:40:49 | INFO     | app.pricing.calibration:fit:37 - Isotonic calibrator fitted.
2026-04-08 01:40:49 | INFO     | app.pricing.models:fit:320 - Calibration report: raw_brier=0.2176, cal_brier=0.0
2026-04-08 01:40:49 | INFO     | app.pricing.models:fit:191 - Training LogisticRegression component...
2026-04-08 01:40:49 | INFO     | app.pricing.models:fit:193 - Training XGBoost component...
2026-04-08 01:40:49 | INFO     | app.pricing.calibration:fit:37 - Isotonic calibrator fitted.
2026-04-08 01:40:49 | INFO     | app.pricing.models:fit:320 - Calibration report: raw_brier=0.2711, cal_brier=0.0
2026-04-08 01:40:49 | INFO     | app.pricing.models:fit:191 - Training LogisticRegression component...
2026-04-08 01:40:49 | INFO     | app.pricing.models:fit:193 - Training XGBoost component...
2026-04-08 01:40:49 | INFO     | app.pricing.calibration:fit:37 - Isotonic calibrator fitted.
2026-04-08 01:40:49 | INFO     | app.pricing.models:fit:320 - Calibration report: raw_brier=0.1966, cal_brier=0.03401
2026-04-08 01:40:49 | INFO     | app.pricing.models:fit:191 - Training LogisticRegression component...
2026-04-08 01:40:49 | INFO     | app.pricing.models:fit:193 - Training XGBoost component...
2026-04-08 01:40:49 | INFO     | app.pricing.calibration:fit:37 - Isotonic calibrator fitted.
2026-04-08 01:40:49 | INFO     | app.pricing.models:fit:320 - Calibration report: raw_brier=0.2168, cal_brier=0.10476
2026-04-08 01:40:49 | INFO     | app.pricing.models:fit:191 - Training LogisticRegression component...
2026-04-08 01:40:49 | INFO     | app.pricing.models:fit:193 - Training XGBoost component...
2026-04-08 01:40:49 | INFO     | app.pricing.calibration:fit:37 - Isotonic calibrator fitted.
2026-04-08 01:40:49 | INFO     | app.pricing.models:fit:320 - Calibration report: raw_brier=0.2485, cal_brier=0.13072
2026-04-08 01:40:49 | INFO     | app.pricing.models:fit:191 - Training LogisticRegression component...
2026-04-08 01:40:49 | INFO     | app.pricing.models:fit:193 - Training XGBoost component...
2026-04-08 01:40:49 | INFO     | app.pricing.calibration:fit:37 - Isotonic calibrator fitted.
2026-04-08 01:40:49 | INFO     | app.pricing.models:fit:320 - Calibration report: raw_brier=0.2220, cal_brier=0.0
2026-04-08 01:40:49 | INFO     | app.pricing.models:fit:191 - Training LogisticRegression component...
2026-04-08 01:40:49 | INFO     | app.pricing.models:fit:193 - Training XGBoost component...
2026-04-08 01:40:49 | INFO     | app.pricing.calibration:fit:37 - Isotonic calibrator fitted.
2026-04-08 01:40:49 | INFO     | app.pricing.models:fit:320 - Calibration report: raw_brier=0.2341, cal_brier=0.0
2026-04-08 01:40:49 | INFO     | app.pricing.models:fit:191 - Training LogisticRegression component...
2026-04-08 01:40:49 | INFO     | app.pricing.models:fit:193 - Training XGBoost component...
2026-04-08 01:40:49 | INFO     | app.pricing.calibration:fit:37 - Isotonic calibrator fitted.
2026-04-08 01:40:49 | INFO     | app.pricing.models:fit:320 - Calibration report: raw_brier=0.2259, cal_brier=0.0
2026-04-08 01:40:49 | INFO     | app.pricing.models:fit:191 - Training LogisticRegression component...
2026-04-08 01:40:49 | INFO     | app.pricing.models:fit:193 - Training XGBoost component...
2026-04-08 01:40:49 | INFO     | app.pricing.calibration:fit:37 - Isotonic calibrator fitted.
2026-04-08 01:40:49 | INFO     | app.pricing.models:fit:320 - Calibration report: raw_brier=0.2464, cal_brier=0.0
2026-04-08 01:40:49 | INFO     | app.pricing.models:fit:191 - Training LogisticRegression component...
2026-04-08 01:40:49 | INFO     | app.pricing.models:fit:193 - Training XGBoost component...
2026-04-08 01:40:49 | INFO     | app.pricing.calibration:fit:37 - Isotonic calibrator fitted.
2026-04-08 01:40:49 | INFO     | app.pricing.models:fit:320 - Calibration report: raw_brier=0.0576, cal_brier=0.0
2026-04-08 01:40:49 | INFO     | app.pricing.models:fit:191 - Training LogisticRegression component...
2026-04-08 01:40:49 | INFO     | app.pricing.models:fit:193 - Training XGBoost component...
2026-04-08 01:40:49 | INFO     | app.pricing.calibration:fit:37 - Isotonic calibrator fitted.
2026-04-08 01:40:49 | INFO     | app.pricing.models:fit:320 - Calibration report: raw_brier=0.0629, cal_brier=0.0
2026-04-08 01:40:49 | INFO     | app.pricing.models:fit:191 - Training LogisticRegression component...
2026-04-08 01:40:49 | INFO     | app.pricing.models:fit:193 - Training XGBoost component...
2026-04-08 01:40:49 | INFO     | app.pricing.calibration:fit:37 - Isotonic calibrator fitted.
2026-04-08 01:40:49 | INFO     | app.pricing.models:fit:320 - Calibration report: raw_brier=0.1686, cal_brier=0.0082
2026-04-08 01:40:49 | INFO     | app.pricing.models:fit:191 - Training LogisticRegression component...
2026-04-08 01:40:49 | INFO     | app.pricing.models:fit:193 - Training XGBoost component...
2026-04-08 01:40:50 | INFO     | app.pricing.calibration:fit:37 - Isotonic calibrator fitted.
2026-04-08 01:40:50 | INFO     | app.pricing.models:fit:320 - Calibration report: raw_brier=0.2343, cal_brier=0.0
2026-04-08 01:40:50 | INFO     | app.pricing.models:fit:191 - Training LogisticRegression component...
2026-04-08 01:40:50 | INFO     | app.pricing.models:fit:193 - Training XGBoost component...
2026-04-08 01:40:50 | INFO     | app.pricing.calibration:fit:37 - Isotonic calibrator fitted.
2026-04-08 01:40:50 | INFO     | app.pricing.models:fit:320 - Calibration report: raw_brier=0.3268, cal_brier=0.0
2026-04-08 01:40:50 | INFO     | app.pricing.models:fit:191 - Training LogisticRegression component...
2026-04-08 01:40:50 | INFO     | app.pricing.models:fit:193 - Training XGBoost component...
2026-04-08 01:40:50 | INFO     | app.pricing.calibration:fit:37 - Isotonic calibrator fitted.
2026-04-08 01:40:50 | INFO     | app.pricing.models:fit:320 - Calibration report: raw_brier=0.3492, cal_brier=0.01538
2026-04-08 01:40:50 | INFO     | app.pricing.models:fit:191 - Training LogisticRegression component...
2026-04-08 01:40:50 | INFO     | app.pricing.models:fit:193 - Training XGBoost component...
2026-04-08 01:40:50 | INFO     | app.pricing.calibration:fit:37 - Isotonic calibrator fitted.
2026-04-08 01:40:50 | INFO     | app.pricing.models:fit:320 - Calibration report: raw_brier=0.3766, cal_brier=0.0
2026-04-08 01:40:50 | INFO     | app.pricing.models:fit:191 - Training LogisticRegression component...
2026-04-08 01:40:50 | INFO     | app.pricing.models:fit:193 - Training XGBoost component...
2026-04-08 01:40:50 | INFO     | app.pricing.calibration:fit:37 - Isotonic calibrator fitted.
2026-04-08 01:40:50 | INFO     | app.pricing.models:fit:320 - Calibration report: raw_brier=0.4094, cal_brier=0.04224
2026-04-08 01:40:50 | INFO     | app.pricing.models:fit:191 - Training LogisticRegression component...
2026-04-08 01:40:50 | INFO     | app.pricing.models:fit:193 - Training XGBoost component...
2026-04-08 01:40:50 | INFO     | app.pricing.calibration:fit:37 - Isotonic calibrator fitted.
2026-04-08 01:40:50 | INFO     | app.pricing.models:fit:320 - Calibration report: raw_brier=0.4372, cal_brier=0.14025
2026-04-08 01:40:50 | INFO     | app.pricing.models:fit:191 - Training LogisticRegression component...
2026-04-08 01:40:50 | INFO     | app.pricing.models:fit:193 - Training XGBoost component...
2026-04-08 01:40:50 | INFO     | app.pricing.calibration:fit:37 - Isotonic calibrator fitted.
2026-04-08 01:40:50 | INFO     | app.pricing.models:fit:320 - Calibration report: raw_brier=0.3405, cal_brier=0.21
2026-04-08 01:40:50 | INFO     | app.pricing.models:fit:191 - Training LogisticRegression component...
2026-04-08 01:40:50 | INFO     | app.pricing.models:fit:193 - Training XGBoost component...
2026-04-08 01:40:50 | INFO     | app.pricing.calibration:fit:37 - Isotonic calibrator fitted.
2026-04-08 01:40:50 | INFO     | app.pricing.models:fit:320 - Calibration report: raw_brier=0.2975, cal_brier=0.21368
2026-04-08 01:40:50 | INFO     | app.pricing.models:fit:191 - Training LogisticRegression component...
2026-04-08 01:40:50 | INFO     | app.pricing.models:fit:193 - Training XGBoost component...
2026-04-08 01:40:50 | INFO     | app.pricing.calibration:fit:37 - Isotonic calibrator fitted.
2026-04-08 01:40:50 | INFO     | app.pricing.models:fit:320 - Calibration report: raw_brier=0.2836, cal_brier=0.17459
2026-04-08 01:40:50 | INFO     | app.pricing.models:fit:191 - Training LogisticRegression component...
2026-04-08 01:40:50 | INFO     | app.pricing.models:fit:193 - Training XGBoost component...
2026-04-08 01:40:50 | INFO     | app.pricing.calibration:fit:37 - Isotonic calibrator fitted.
2026-04-08 01:40:50 | INFO     | app.pricing.models:fit:320 - Calibration report: raw_brier=0.2790, cal_brier=0.16892
2026-04-08 01:40:50 | INFO     | app.pricing.models:fit:191 - Training LogisticRegression component...
2026-04-08 01:40:50 | INFO     | app.pricing.models:fit:193 - Training XGBoost component...
2026-04-08 01:40:50 | INFO     | app.pricing.calibration:fit:37 - Isotonic calibrator fitted.
2026-04-08 01:40:50 | INFO     | app.pricing.models:fit:320 - Calibration report: raw_brier=0.1970, cal_brier=0.0
2026-04-08 01:40:50 | INFO     | app.pricing.models:fit:191 - Training LogisticRegression component...
2026-04-08 01:40:50 | INFO     | app.pricing.models:fit:193 - Training XGBoost component...
2026-04-08 01:40:50 | INFO     | app.pricing.calibration:fit:37 - Isotonic calibrator fitted.
2026-04-08 01:40:50 | INFO     | app.pricing.models:fit:320 - Calibration report: raw_brier=0.1959, cal_brier=0.0
2026-04-08 01:40:50 | INFO     | app.pricing.models:fit:191 - Training LogisticRegression component...
2026-04-08 01:40:50 | INFO     | app.pricing.models:fit:193 - Training XGBoost component...
2026-04-08 01:40:50 | INFO     | app.pricing.calibration:fit:37 - Isotonic calibrator fitted.
2026-04-08 01:40:50 | INFO     | app.pricing.models:fit:320 - Calibration report: raw_brier=0.1941, cal_brier=0.0
2026-04-08 01:40:50 | INFO     | app.pricing.models:fit:191 - Training LogisticRegression component...
2026-04-08 01:40:50 | INFO     | app.pricing.models:fit:193 - Training XGBoost component...
2026-04-08 01:40:50 | INFO     | app.pricing.calibration:fit:37 - Isotonic calibrator fitted.
2026-04-08 01:40:50 | INFO     | app.pricing.models:fit:320 - Calibration report: raw_brier=0.1086, cal_brier=0.05833
2026-04-08 01:40:50 | INFO     | app.pricing.models:fit:191 - Training LogisticRegression component...
2026-04-08 01:40:50 | INFO     | app.pricing.models:fit:193 - Training XGBoost component...
2026-04-08 01:40:51 | INFO     | app.pricing.calibration:fit:37 - Isotonic calibrator fitted.
2026-04-08 01:40:51 | INFO     | app.pricing.models:fit:320 - Calibration report: raw_brier=0.1075, cal_brier=0.04891
2026-04-08 01:40:51 | INFO     | app.pricing.models:fit:191 - Training LogisticRegression component...
2026-04-08 01:40:51 | INFO     | app.pricing.models:fit:193 - Training XGBoost component...
2026-04-08 01:40:51 | INFO     | app.pricing.calibration:fit:37 - Isotonic calibrator fitted.
2026-04-08 01:40:51 | INFO     | app.pricing.models:fit:320 - Calibration report: raw_brier=0.1218, cal_brier=0.05127
2026-04-08 01:40:51 | INFO     | app.pricing.models:fit:191 - Training LogisticRegression component...
2026-04-08 01:40:51 | INFO     | app.pricing.models:fit:193 - Training XGBoost component...
2026-04-08 01:40:51 | INFO     | app.pricing.calibration:fit:37 - Isotonic calibrator fitted.
2026-04-08 01:40:51 | INFO     | app.pricing.models:fit:320 - Calibration report: raw_brier=0.1240, cal_brier=0.05238
2026-04-08 01:40:51 | INFO     | app.pricing.models:fit:191 - Training LogisticRegression component...
2026-04-08 01:40:51 | INFO     | app.pricing.models:fit:193 - Training XGBoost component...
2026-04-08 01:40:51 | INFO     | app.pricing.calibration:fit:37 - Isotonic calibrator fitted.
2026-04-08 01:40:51 | INFO     | app.pricing.models:fit:320 - Calibration report: raw_brier=0.1152, cal_brier=0.04891
2026-04-08 01:40:51 | INFO     | app.pricing.models:fit:191 - Training LogisticRegression component...
2026-04-08 01:40:51 | INFO     | app.pricing.models:fit:193 - Training XGBoost component...
2026-04-08 01:40:51 | INFO     | app.pricing.calibration:fit:37 - Isotonic calibrator fitted.
2026-04-08 01:40:51 | INFO     | app.pricing.models:fit:320 - Calibration report: raw_brier=0.1129, cal_brier=0.04189
2026-04-08 01:40:51 | INFO     | app.pricing.models:fit:191 - Training LogisticRegression component...
2026-04-08 01:40:51 | INFO     | app.pricing.models:fit:193 - Training XGBoost component...
2026-04-08 01:40:51 | INFO     | app.pricing.calibration:fit:37 - Isotonic calibrator fitted.
2026-04-08 01:40:51 | INFO     | app.pricing.models:fit:320 - Calibration report: raw_brier=0.1172, cal_brier=0.04754
2026-04-08 01:40:51 | INFO     | app.pricing.models:fit:191 - Training LogisticRegression component...
2026-04-08 01:40:51 | INFO     | app.pricing.models:fit:193 - Training XGBoost component...
2026-04-08 01:40:51 | INFO     | app.pricing.calibration:fit:37 - Isotonic calibrator fitted.
2026-04-08 01:40:51 | INFO     | app.pricing.models:fit:320 - Calibration report: raw_brier=0.0954, cal_brier=0.00749
2026-04-08 01:40:51 | INFO     | app.pricing.models:fit:191 - Training LogisticRegression component...
2026-04-08 01:40:51 | INFO     | app.pricing.models:fit:193 - Training XGBoost component...
2026-04-08 01:40:51 | INFO     | app.pricing.calibration:fit:37 - Isotonic calibrator fitted.
2026-04-08 01:40:51 | INFO     | app.pricing.models:fit:320 - Calibration report: raw_brier=0.0916, cal_brier=0.0
2026-04-08 01:40:51 | INFO     | app.pricing.models:fit:191 - Training LogisticRegression component...
2026-04-08 01:40:51 | INFO     | app.pricing.models:fit:193 - Training XGBoost component...
2026-04-08 01:40:51 | INFO     | app.pricing.calibration:fit:37 - Isotonic calibrator fitted.
2026-04-08 01:40:51 | INFO     | app.pricing.models:fit:320 - Calibration report: raw_brier=0.0848, cal_brier=0.0
2026-04-08 01:40:51 | INFO     | app.pricing.models:fit:191 - Training LogisticRegression component...
2026-04-08 01:40:51 | INFO     | app.pricing.models:fit:193 - Training XGBoost component...
2026-04-08 01:40:51 | INFO     | app.pricing.calibration:fit:37 - Isotonic calibrator fitted.
2026-04-08 01:40:51 | INFO     | app.pricing.models:fit:320 - Calibration report: raw_brier=0.0309, cal_brier=0.0
2026-04-08 01:40:51 | INFO     | app.pricing.models:fit:191 - Training LogisticRegression component...
2026-04-08 01:40:51 | INFO     | app.pricing.models:fit:193 - Training XGBoost component...
2026-04-08 01:40:51 | INFO     | app.pricing.calibration:fit:37 - Isotonic calibrator fitted.
2026-04-08 01:40:51 | INFO     | app.pricing.models:fit:320 - Calibration report: raw_brier=0.0406, cal_brier=0.0
2026-04-08 01:40:51 | INFO     | app.pricing.models:fit:191 - Training LogisticRegression component...
2026-04-08 01:40:51 | INFO     | app.pricing.models:fit:193 - Training XGBoost component...
2026-04-08 01:40:51 | INFO     | app.pricing.calibration:fit:37 - Isotonic calibrator fitted.
2026-04-08 01:40:51 | INFO     | app.pricing.models:fit:320 - Calibration report: raw_brier=0.0533, cal_brier=0.0
2026-04-08 01:40:51 | INFO     | app.pricing.models:fit:191 - Training LogisticRegression component...
2026-04-08 01:40:51 | INFO     | app.pricing.models:fit:193 - Training XGBoost component...
2026-04-08 01:40:51 | INFO     | app.pricing.calibration:fit:37 - Isotonic calibrator fitted.
2026-04-08 01:40:51 | INFO     | app.pricing.models:fit:320 - Calibration report: raw_brier=0.0738, cal_brier=0.00773
2026-04-08 01:40:51 | INFO     | app.pricing.models:fit:191 - Training LogisticRegression component...
2026-04-08 01:40:51 | INFO     | app.pricing.models:fit:193 - Training XGBoost component...
2026-04-08 01:40:51 | INFO     | app.pricing.calibration:fit:37 - Isotonic calibrator fitted.
2026-04-08 01:40:51 | INFO     | app.pricing.models:fit:320 - Calibration report: raw_brier=0.0942, cal_brier=0.0
2026-04-08 01:40:51 | INFO     | app.pricing.models:fit:191 - Training LogisticRegression component...
2026-04-08 01:40:51 | INFO     | app.pricing.models:fit:193 - Training XGBoost component...
2026-04-08 01:40:51 | INFO     | app.pricing.calibration:fit:37 - Isotonic calibrator fitted.
2026-04-08 01:40:51 | INFO     | app.pricing.models:fit:320 - Calibration report: raw_brier=0.1150, cal_brier=0.00889
2026-04-08 01:40:51 | INFO     | app.pricing.models:fit:191 - Training LogisticRegression component...
2026-04-08 01:40:51 | INFO     | app.pricing.models:fit:193 - Training XGBoost component...
2026-04-08 01:40:51 | INFO     | app.pricing.calibration:fit:37 - Isotonic calibrator fitted.
2026-04-08 01:40:51 | INFO     | app.pricing.models:fit:320 - Calibration report: raw_brier=0.1376, cal_brier=0.06542
2026-04-08 01:40:51 | INFO     | app.pricing.models:fit:191 - Training LogisticRegression component...
2026-04-08 01:40:52 | INFO     | app.pricing.models:fit:193 - Training XGBoost component...
2026-04-08 01:40:52 | INFO     | app.pricing.calibration:fit:37 - Isotonic calibrator fitted.
2026-04-08 01:40:52 | INFO     | app.pricing.models:fit:320 - Calibration report: raw_brier=0.1630, cal_brier=0.14324
2026-04-08 01:40:52 | INFO     | app.pricing.models:fit:191 - Training LogisticRegression component...
2026-04-08 01:40:52 | INFO     | app.pricing.models:fit:193 - Training XGBoost component...
2026-04-08 01:40:52 | INFO     | app.pricing.calibration:fit:37 - Isotonic calibrator fitted.
2026-04-08 01:40:52 | INFO     | app.pricing.models:fit:320 - Calibration report: raw_brier=0.1870, cal_brier=0.15574
2026-04-08 01:40:52 | INFO     | app.pricing.models:fit:191 - Training LogisticRegression component...
2026-04-08 01:40:52 | INFO     | app.pricing.models:fit:193 - Training XGBoost component...
2026-04-08 01:40:52 | INFO     | app.pricing.calibration:fit:37 - Isotonic calibrator fitted.
2026-04-08 01:40:52 | INFO     | app.pricing.models:fit:320 - Calibration report: raw_brier=0.1975, cal_brier=0.15873
2026-04-08 01:40:52 | INFO     | app.pricing.models:fit:191 - Training LogisticRegression component...
2026-04-08 01:40:52 | INFO     | app.pricing.models:fit:193 - Training XGBoost component...
2026-04-08 01:40:52 | INFO     | app.pricing.calibration:fit:37 - Isotonic calibrator fitted.
2026-04-08 01:40:52 | INFO     | app.pricing.models:fit:320 - Calibration report: raw_brier=0.2041, cal_brier=0.15576
2026-04-08 01:40:52 | INFO     | app.pricing.models:fit:191 - Training LogisticRegression component...
2026-04-08 01:40:52 | INFO     | app.pricing.models:fit:193 - Training XGBoost component...
2026-04-08 01:40:52 | INFO     | app.pricing.calibration:fit:37 - Isotonic calibrator fitted.
2026-04-08 01:40:52 | INFO     | app.pricing.models:fit:320 - Calibration report: raw_brier=0.2078, cal_brier=0.15432
2026-04-08 01:40:52 | INFO     | app.pricing.models:fit:191 - Training LogisticRegression component...
2026-04-08 01:40:52 | INFO     | app.pricing.models:fit:193 - Training XGBoost component...
2026-04-08 01:40:52 | INFO     | app.pricing.calibration:fit:37 - Isotonic calibrator fitted.
2026-04-08 01:40:52 | INFO     | app.pricing.models:fit:320 - Calibration report: raw_brier=0.2056, cal_brier=0.15291
2026-04-08 01:40:52 | INFO     | app.pricing.models:fit:191 - Training LogisticRegression component...
2026-04-08 01:40:52 | INFO     | app.pricing.models:fit:193 - Training XGBoost component...
2026-04-08 01:40:52 | INFO     | app.pricing.calibration:fit:37 - Isotonic calibrator fitted.
2026-04-08 01:40:52 | INFO     | app.pricing.models:fit:320 - Calibration report: raw_brier=0.1683, cal_brier=0.11482
2026-04-08 01:40:52 | INFO     | app.pricing.models:fit:191 - Training LogisticRegression component...
2026-04-08 01:40:52 | INFO     | app.pricing.models:fit:193 - Training XGBoost component...
2026-04-08 01:40:52 | INFO     | app.pricing.calibration:fit:37 - Isotonic calibrator fitted.
2026-04-08 01:40:52 | INFO     | app.pricing.models:fit:320 - Calibration report: raw_brier=0.1706, cal_brier=0.1138
2026-04-08 01:40:52 | INFO     | app.pricing.models:fit:191 - Training LogisticRegression component...
2026-04-08 01:40:52 | INFO     | app.pricing.models:fit:193 - Training XGBoost component...
2026-04-08 01:40:52 | INFO     | app.pricing.calibration:fit:37 - Isotonic calibrator fitted.
2026-04-08 01:40:52 | INFO     | app.pricing.models:fit:320 - Calibration report: raw_brier=0.1819, cal_brier=0.12911
2026-04-08 01:40:52 | INFO     | app.pricing.models:fit:191 - Training LogisticRegression component...
2026-04-08 01:40:52 | INFO     | app.pricing.models:fit:193 - Training XGBoost component...
2026-04-08 01:40:52 | INFO     | app.pricing.calibration:fit:37 - Isotonic calibrator fitted.
2026-04-08 01:40:52 | INFO     | app.pricing.models:fit:320 - Calibration report: raw_brier=0.2176, cal_brier=0.122
2026-04-08 01:40:52 | INFO     | app.pricing.models:fit:191 - Training LogisticRegression component...
2026-04-08 01:40:52 | INFO     | app.pricing.models:fit:193 - Training XGBoost component...
2026-04-08 01:40:52 | INFO     | app.pricing.calibration:fit:37 - Isotonic calibrator fitted.
2026-04-08 01:40:52 | INFO     | app.pricing.models:fit:320 - Calibration report: raw_brier=0.2446, cal_brier=0.1343
2026-04-08 01:40:52 | INFO     | app.pricing.models:fit:191 - Training LogisticRegression component...
2026-04-08 01:40:52 | INFO     | app.pricing.models:fit:193 - Training XGBoost component...
2026-04-08 01:40:52 | INFO     | app.pricing.calibration:fit:37 - Isotonic calibrator fitted.
2026-04-08 01:40:52 | INFO     | app.pricing.models:fit:320 - Calibration report: raw_brier=0.2383, cal_brier=0.12256
2026-04-08 01:40:52 | INFO     | app.pricing.models:fit:191 - Training LogisticRegression component...
2026-04-08 01:40:52 | INFO     | app.pricing.models:fit:193 - Training XGBoost component...
2026-04-08 01:40:52 | INFO     | app.pricing.calibration:fit:37 - Isotonic calibrator fitted.
2026-04-08 01:40:52 | INFO     | app.pricing.models:fit:320 - Calibration report: raw_brier=0.2142, cal_brier=0.14006
2026-04-08 01:40:52 | INFO     | app.pricing.models:fit:191 - Training LogisticRegression component...
2026-04-08 01:40:52 | INFO     | app.pricing.models:fit:193 - Training XGBoost component...
2026-04-08 01:40:53 | INFO     | app.pricing.calibration:fit:37 - Isotonic calibrator fitted.
2026-04-08 01:40:53 | INFO     | app.pricing.models:fit:320 - Calibration report: raw_brier=0.1990, cal_brier=0.10817
2026-04-08 01:40:53 | INFO     | app.pricing.models:fit:191 - Training LogisticRegression component...
2026-04-08 01:40:53 | INFO     | app.pricing.models:fit:193 - Training XGBoost component...
2026-04-08 01:40:53 | INFO     | app.pricing.calibration:fit:37 - Isotonic calibrator fitted.
2026-04-08 01:40:53 | INFO     | app.pricing.models:fit:320 - Calibration report: raw_brier=0.2093, cal_brier=0.15169
2026-04-08 01:40:53 | INFO     | app.pricing.models:fit:191 - Training LogisticRegression component...
2026-04-08 01:40:53 | INFO     | app.pricing.models:fit:193 - Training XGBoost component...
2026-04-08 01:40:53 | INFO     | app.pricing.calibration:fit:37 - Isotonic calibrator fitted.
2026-04-08 01:40:53 | INFO     | app.pricing.models:fit:320 - Calibration report: raw_brier=0.2303, cal_brier=0.17075
2026-04-08 01:40:53 | INFO     | app.pricing.models:fit:191 - Training LogisticRegression component...
2026-04-08 01:40:53 | INFO     | app.pricing.models:fit:193 - Training XGBoost component...
2026-04-08 01:40:53 | INFO     | app.pricing.calibration:fit:37 - Isotonic calibrator fitted.
2026-04-08 01:40:53 | INFO     | app.pricing.models:fit:320 - Calibration report: raw_brier=0.2086, cal_brier=0.1335
2026-04-08 01:40:53 | INFO     | app.pricing.models:fit:191 - Training LogisticRegression component...
2026-04-08 01:40:53 | INFO     | app.pricing.models:fit:193 - Training XGBoost component...
2026-04-08 01:40:53 | INFO     | app.pricing.calibration:fit:37 - Isotonic calibrator fitted.
2026-04-08 01:40:53 | INFO     | app.pricing.models:fit:320 - Calibration report: raw_brier=0.2004, cal_brier=0.12228
2026-04-08 01:40:53 | INFO     | app.pricing.models:fit:191 - Training LogisticRegression component...
2026-04-08 01:40:53 | INFO     | app.pricing.models:fit:193 - Training XGBoost component...
2026-04-08 01:40:53 | INFO     | app.pricing.calibration:fit:37 - Isotonic calibrator fitted.
2026-04-08 01:40:53 | INFO     | app.pricing.models:fit:320 - Calibration report: raw_brier=0.1925, cal_brier=0.13244
2026-04-08 01:40:53 | INFO     | app.pricing.models:fit:191 - Training LogisticRegression component...
2026-04-08 01:40:53 | INFO     | app.pricing.models:fit:193 - Training XGBoost component...
2026-04-08 01:40:53 | INFO     | app.pricing.calibration:fit:37 - Isotonic calibrator fitted.
2026-04-08 01:40:53 | INFO     | app.pricing.models:fit:320 - Calibration report: raw_brier=0.2339, cal_brier=0.14874
2026-04-08 01:40:53 | INFO     | app.pricing.models:fit:191 - Training LogisticRegression component...
2026-04-08 01:40:53 | INFO     | app.pricing.models:fit:193 - Training XGBoost component...
2026-04-08 01:40:53 | INFO     | app.pricing.calibration:fit:37 - Isotonic calibrator fitted.
2026-04-08 01:40:53 | INFO     | app.pricing.models:fit:320 - Calibration report: raw_brier=0.2833, cal_brier=0.15346
2026-04-08 01:40:53 | INFO     | app.pricing.models:fit:191 - Training LogisticRegression component...
2026-04-08 01:40:53 | INFO     | app.pricing.models:fit:193 - Training XGBoost component...
2026-04-08 01:40:53 | INFO     | app.pricing.calibration:fit:37 - Isotonic calibrator fitted.
2026-04-08 01:40:53 | INFO     | app.pricing.models:fit:320 - Calibration report: raw_brier=0.3282, cal_brier=0.14419
2026-04-08 01:40:53 | INFO     | app.pricing.models:fit:191 - Training LogisticRegression component...
2026-04-08 01:40:53 | INFO     | app.pricing.models:fit:193 - Training XGBoost component...
2026-04-08 01:40:53 | INFO     | app.pricing.calibration:fit:37 - Isotonic calibrator fitted.
2026-04-08 01:40:53 | INFO     | app.pricing.models:fit:320 - Calibration report: raw_brier=0.2638, cal_brier=0.10223
2026-04-08 01:40:53 | INFO     | app.pricing.models:fit:191 - Training LogisticRegression component...
2026-04-08 01:40:53 | INFO     | app.pricing.models:fit:193 - Training XGBoost component...
2026-04-08 01:40:53 | INFO     | app.pricing.calibration:fit:37 - Isotonic calibrator fitted.
2026-04-08 01:40:53 | INFO     | app.pricing.models:fit:320 - Calibration report: raw_brier=0.1943, cal_brier=0.06264
2026-04-08 01:40:53 | INFO     | app.pricing.models:fit:191 - Training LogisticRegression component...
2026-04-08 01:40:53 | INFO     | app.pricing.models:fit:193 - Training XGBoost component...
2026-04-08 01:40:53 | INFO     | app.pricing.calibration:fit:37 - Isotonic calibrator fitted.
2026-04-08 01:40:53 | INFO     | app.pricing.models:fit:320 - Calibration report: raw_brier=0.2165, cal_brier=0.07214
2026-04-08 01:40:53 | INFO     | app.pricing.models:fit:191 - Training LogisticRegression component...
2026-04-08 01:40:53 | INFO     | app.pricing.models:fit:193 - Training XGBoost component...
2026-04-08 01:40:53 | INFO     | app.pricing.calibration:fit:37 - Isotonic calibrator fitted.
2026-04-08 01:40:53 | INFO     | app.pricing.models:fit:320 - Calibration report: raw_brier=0.2484, cal_brier=0.07363
2026-04-08 01:40:53 | INFO     | app.pricing.models:fit:191 - Training LogisticRegression component...
2026-04-08 01:40:53 | INFO     | app.pricing.models:fit:193 - Training XGBoost component...
2026-04-08 01:40:53 | INFO     | app.pricing.calibration:fit:37 - Isotonic calibrator fitted.
2026-04-08 01:40:53 | INFO     | app.pricing.models:fit:320 - Calibration report: raw_brier=0.2725, cal_brier=0.07083
2026-04-08 01:40:53 | INFO     | app.pricing.models:fit:191 - Training LogisticRegression component...
2026-04-08 01:40:53 | INFO     | app.pricing.models:fit:193 - Training XGBoost component...
2026-04-08 01:40:54 | INFO     | app.pricing.calibration:fit:37 - Isotonic calibrator fitted.
2026-04-08 01:40:54 | INFO     | app.pricing.models:fit:320 - Calibration report: raw_brier=0.2989, cal_brier=0.09641
2026-04-08 01:40:54 | INFO     | app.pricing.models:fit:191 - Training LogisticRegression component...
2026-04-08 01:40:54 | INFO     | app.pricing.models:fit:193 - Training XGBoost component...
2026-04-08 01:40:54 | INFO     | app.pricing.calibration:fit:37 - Isotonic calibrator fitted.
2026-04-08 01:40:54 | INFO     | app.pricing.models:fit:320 - Calibration report: raw_brier=0.3297, cal_brier=0.15748
2026-04-08 01:40:54 | INFO     | app.pricing.models:fit:191 - Training LogisticRegression component...
2026-04-08 01:40:54 | INFO     | app.pricing.models:fit:193 - Training XGBoost component...
2026-04-08 01:40:54 | INFO     | app.pricing.calibration:fit:37 - Isotonic calibrator fitted.
2026-04-08 01:40:54 | INFO     | app.pricing.models:fit:320 - Calibration report: raw_brier=0.3336, cal_brier=0.17491
2026-04-08 01:40:54 | INFO     | app.pricing.models:fit:191 - Training LogisticRegression component...
2026-04-08 01:40:54 | INFO     | app.pricing.models:fit:193 - Training XGBoost component...
2026-04-08 01:40:54 | INFO     | app.pricing.calibration:fit:37 - Isotonic calibrator fitted.
2026-04-08 01:40:54 | INFO     | app.pricing.models:fit:320 - Calibration report: raw_brier=0.3286, cal_brier=0.18187
2026-04-08 01:40:54 | INFO     | app.pricing.models:fit:191 - Training LogisticRegression component...
2026-04-08 01:40:54 | INFO     | app.pricing.models:fit:193 - Training XGBoost component...
2026-04-08 01:40:54 | INFO     | app.pricing.calibration:fit:37 - Isotonic calibrator fitted.
2026-04-08 01:40:54 | INFO     | app.pricing.models:fit:320 - Calibration report: raw_brier=0.3224, cal_brier=0.17179
2026-04-08 01:40:54 | INFO     | app.pricing.models:fit:191 - Training LogisticRegression component...
2026-04-08 01:40:54 | INFO     | app.pricing.models:fit:193 - Training XGBoost component...
2026-04-08 01:40:54 | INFO     | app.pricing.calibration:fit:37 - Isotonic calibrator fitted.
2026-04-08 01:40:54 | INFO     | app.pricing.models:fit:320 - Calibration report: raw_brier=0.3179, cal_brier=0.16403
2026-04-08 01:40:54 | INFO     | app.pricing.models:fit:191 - Training LogisticRegression component...
2026-04-08 01:40:54 | INFO     | app.pricing.models:fit:193 - Training XGBoost component...
2026-04-08 01:40:54 | INFO     | app.pricing.calibration:fit:37 - Isotonic calibrator fitted.
2026-04-08 01:40:54 | INFO     | app.pricing.models:fit:320 - Calibration report: raw_brier=0.3255, cal_brier=0.14005
2026-04-08 01:40:54 | INFO     | app.pricing.models:fit:191 - Training LogisticRegression component...
2026-04-08 01:40:54 | INFO     | app.pricing.models:fit:193 - Training XGBoost component...
2026-04-08 01:40:54 | INFO     | app.pricing.calibration:fit:37 - Isotonic calibrator fitted.
2026-04-08 01:40:54 | INFO     | app.pricing.models:fit:320 - Calibration report: raw_brier=0.3398, cal_brier=0.13862
2026-04-08 01:40:54 | INFO     | app.pricing.models:fit:191 - Training LogisticRegression component...
2026-04-08 01:40:54 | INFO     | app.pricing.models:fit:193 - Training XGBoost component...
2026-04-08 01:40:54 | INFO     | app.pricing.calibration:fit:37 - Isotonic calibrator fitted.
2026-04-08 01:40:54 | INFO     | app.pricing.models:fit:320 - Calibration report: raw_brier=0.3293, cal_brier=0.14525
2026-04-08 01:40:54 | INFO     | app.pricing.models:fit:191 - Training LogisticRegression component...
2026-04-08 01:40:54 | INFO     | app.pricing.models:fit:193 - Training XGBoost component...
2026-04-08 01:40:54 | INFO     | app.pricing.calibration:fit:37 - Isotonic calibrator fitted.
2026-04-08 01:40:54 | INFO     | app.pricing.models:fit:320 - Calibration report: raw_brier=0.3263, cal_brier=0.17204
2026-04-08 01:40:54 | INFO     | app.pricing.models:fit:191 - Training LogisticRegression component...
2026-04-08 01:40:54 | INFO     | app.pricing.models:fit:193 - Training XGBoost component...
2026-04-08 01:40:54 | INFO     | app.pricing.calibration:fit:37 - Isotonic calibrator fitted.
2026-04-08 01:40:54 | INFO     | app.pricing.models:fit:320 - Calibration report: raw_brier=0.3213, cal_brier=0.1878
2026-04-08 01:40:54 | INFO     | app.pricing.models:fit:191 - Training LogisticRegression component...
2026-04-08 01:40:54 | INFO     | app.pricing.models:fit:193 - Training XGBoost component...
2026-04-08 01:40:54 | INFO     | app.pricing.calibration:fit:37 - Isotonic calibrator fitted.
2026-04-08 01:40:54 | INFO     | app.pricing.models:fit:320 - Calibration report: raw_brier=0.3406, cal_brier=0.20791
2026-04-08 01:40:54 | INFO     | app.pricing.models:fit:191 - Training LogisticRegression component...
2026-04-08 01:40:54 | INFO     | app.pricing.models:fit:193 - Training XGBoost component...
2026-04-08 01:40:54 | INFO     | app.pricing.calibration:fit:37 - Isotonic calibrator fitted.
2026-04-08 01:40:54 | INFO     | app.pricing.models:fit:320 - Calibration report: raw_brier=0.3087, cal_brier=0.21881
2026-04-08 01:40:54 | INFO     | app.pricing.models:fit:191 - Training LogisticRegression component...
2026-04-08 01:40:54 | INFO     | app.pricing.models:fit:193 - Training XGBoost component...
2026-04-08 01:40:55 | INFO     | app.pricing.calibration:fit:37 - Isotonic calibrator fitted.
2026-04-08 01:40:55 | INFO     | app.pricing.models:fit:320 - Calibration report: raw_brier=0.3283, cal_brier=0.21754
2026-04-08 01:40:55 | INFO     | app.pricing.models:fit:191 - Training LogisticRegression component...
2026-04-08 01:40:55 | INFO     | app.pricing.models:fit:193 - Training XGBoost component...
2026-04-08 01:40:55 | INFO     | app.pricing.calibration:fit:37 - Isotonic calibrator fitted.
2026-04-08 01:40:55 | INFO     | app.pricing.models:fit:320 - Calibration report: raw_brier=0.3423, cal_brier=0.21654
2026-04-08 01:40:55 | INFO     | app.pricing.models:fit:191 - Training LogisticRegression component...
2026-04-08 01:40:55 | INFO     | app.pricing.models:fit:193 - Training XGBoost component...
2026-04-08 01:40:55 | INFO     | app.pricing.calibration:fit:37 - Isotonic calibrator fitted.
2026-04-08 01:40:55 | INFO     | app.pricing.models:fit:320 - Calibration report: raw_brier=0.3356, cal_brier=0.20076
2026-04-08 01:40:55 | INFO     | app.pricing.models:fit:191 - Training LogisticRegression component...
2026-04-08 01:40:55 | INFO     | app.pricing.models:fit:193 - Training XGBoost component...
2026-04-08 01:40:55 | INFO     | app.pricing.calibration:fit:37 - Isotonic calibrator fitted.
2026-04-08 01:40:55 | INFO     | app.pricing.models:fit:320 - Calibration report: raw_brier=0.3358, cal_brier=0.19881
2026-04-08 01:40:55 | INFO     | app.pricing.models:fit:191 - Training LogisticRegression component...
2026-04-08 01:40:55 | INFO     | app.pricing.models:fit:193 - Training XGBoost component...
2026-04-08 01:40:55 | INFO     | app.pricing.calibration:fit:37 - Isotonic calibrator fitted.
2026-04-08 01:40:55 | INFO     | app.pricing.models:fit:320 - Calibration report: raw_brier=0.3344, cal_brier=0.19895
2026-04-08 01:40:55 | INFO     | app.pricing.models:fit:191 - Training LogisticRegression component...
2026-04-08 01:40:55 | INFO     | app.pricing.models:fit:193 - Training XGBoost component...
2026-04-08 01:40:55 | INFO     | app.pricing.calibration:fit:37 - Isotonic calibrator fitted.
2026-04-08 01:40:55 | INFO     | app.pricing.models:fit:320 - Calibration report: raw_brier=0.2667, cal_brier=0.20367
2026-04-08 01:40:55 | INFO     | app.pricing.models:fit:191 - Training LogisticRegression component...
2026-04-08 01:40:55 | INFO     | app.pricing.models:fit:193 - Training XGBoost component...
2026-04-08 01:40:55 | INFO     | app.pricing.calibration:fit:37 - Isotonic calibrator fitted.
2026-04-08 01:40:55 | INFO     | app.pricing.models:fit:320 - Calibration report: raw_brier=0.2438, cal_brier=0.18928
2026-04-08 01:40:55 | INFO     | app.pricing.models:fit:191 - Training LogisticRegression component...
2026-04-08 01:40:55 | INFO     | app.pricing.models:fit:193 - Training XGBoost component...
2026-04-08 01:40:55 | INFO     | app.pricing.calibration:fit:37 - Isotonic calibrator fitted.
2026-04-08 01:40:55 | INFO     | app.pricing.models:fit:320 - Calibration report: raw_brier=0.2628, cal_brier=0.19066
2026-04-08 01:40:55 | INFO     | app.pricing.models:fit:191 - Training LogisticRegression component...
2026-04-08 01:40:55 | INFO     | app.pricing.models:fit:193 - Training XGBoost component...
2026-04-08 01:40:55 | INFO     | app.pricing.calibration:fit:37 - Isotonic calibrator fitted.
2026-04-08 01:40:55 | INFO     | app.pricing.models:fit:320 - Calibration report: raw_brier=0.2969, cal_brier=0.20057
2026-04-08 01:40:55 | INFO     | app.pricing.models:fit:191 - Training LogisticRegression component...
2026-04-08 01:40:55 | INFO     | app.pricing.models:fit:193 - Training XGBoost component...
2026-04-08 01:40:55 | INFO     | app.pricing.calibration:fit:37 - Isotonic calibrator fitted.
2026-04-08 01:40:55 | INFO     | app.pricing.models:fit:320 - Calibration report: raw_brier=0.3339, cal_brier=0.21486
2026-04-08 01:40:55 | INFO     | app.pricing.models:fit:191 - Training LogisticRegression component...
2026-04-08 01:40:55 | INFO     | app.pricing.models:fit:193 - Training XGBoost component...
2026-04-08 01:40:55 | INFO     | app.pricing.calibration:fit:37 - Isotonic calibrator fitted.
2026-04-08 01:40:55 | INFO     | app.pricing.models:fit:320 - Calibration report: raw_brier=0.3597, cal_brier=0.22597
2026-04-08 01:40:55 | INFO     | app.pricing.models:fit:191 - Training LogisticRegression component...
2026-04-08 01:40:55 | INFO     | app.pricing.models:fit:193 - Training XGBoost component...
2026-04-08 01:40:55 | INFO     | app.pricing.calibration:fit:37 - Isotonic calibrator fitted.
2026-04-08 01:40:55 | INFO     | app.pricing.models:fit:320 - Calibration report: raw_brier=0.3884, cal_brier=0.23716
2026-04-08 01:40:55 | INFO     | app.pricing.models:fit:191 - Training LogisticRegression component...
2026-04-08 01:40:55 | INFO     | app.pricing.models:fit:193 - Training XGBoost component...
2026-04-08 01:40:56 | INFO     | app.pricing.calibration:fit:37 - Isotonic calibrator fitted.
2026-04-08 01:40:56 | INFO     | app.pricing.models:fit:320 - Calibration report: raw_brier=0.3599, cal_brier=0.2311
2026-04-08 01:40:56 | INFO     | app.pricing.models:fit:191 - Training LogisticRegression component...
2026-04-08 01:40:56 | INFO     | app.pricing.models:fit:193 - Training XGBoost component...
2026-04-08 01:40:56 | INFO     | app.pricing.calibration:fit:37 - Isotonic calibrator fitted.
2026-04-08 01:40:56 | INFO     | app.pricing.models:fit:320 - Calibration report: raw_brier=0.3569, cal_brier=0.2262
2026-04-08 01:40:56 | INFO     | app.pricing.models:fit:191 - Training LogisticRegression component...
2026-04-08 01:40:56 | INFO     | app.pricing.models:fit:193 - Training XGBoost component...
2026-04-08 01:40:56 | INFO     | app.pricing.calibration:fit:37 - Isotonic calibrator fitted.
2026-04-08 01:40:56 | INFO     | app.pricing.models:fit:320 - Calibration report: raw_brier=0.3517, cal_brier=0.22783
2026-04-08 01:40:56 | INFO     | app.pricing.models:fit:191 - Training LogisticRegression component...
2026-04-08 01:40:56 | INFO     | app.pricing.models:fit:193 - Training XGBoost component...
2026-04-08 01:40:56 | INFO     | app.pricing.calibration:fit:37 - Isotonic calibrator fitted.
2026-04-08 01:40:56 | INFO     | app.pricing.models:fit:320 - Calibration report: raw_brier=0.3504, cal_brier=0.23199
2026-04-08 01:40:56 | INFO     | app.pricing.models:fit:191 - Training LogisticRegression component...
2026-04-08 01:40:56 | INFO     | app.pricing.models:fit:193 - Training XGBoost component...
2026-04-08 01:40:56 | INFO     | app.pricing.calibration:fit:37 - Isotonic calibrator fitted.
2026-04-08 01:40:56 | INFO     | app.pricing.models:fit:320 - Calibration report: raw_brier=0.3572, cal_brier=0.23853
2026-04-08 01:40:56 | INFO     | app.pricing.models:fit:191 - Training LogisticRegression component...
2026-04-08 01:40:56 | INFO     | app.pricing.models:fit:193 - Training XGBoost component...
2026-04-08 01:40:56 | INFO     | app.pricing.calibration:fit:37 - Isotonic calibrator fitted.
2026-04-08 01:40:56 | INFO     | app.pricing.models:fit:320 - Calibration report: raw_brier=0.3608, cal_brier=0.23965
2026-04-08 01:40:56 | INFO     | app.pricing.models:fit:191 - Training LogisticRegression component...
2026-04-08 01:40:56 | INFO     | app.pricing.models:fit:193 - Training XGBoost component...
2026-04-08 01:40:56 | INFO     | app.pricing.calibration:fit:37 - Isotonic calibrator fitted.
2026-04-08 01:40:56 | INFO     | app.pricing.models:fit:320 - Calibration report: raw_brier=0.3392, cal_brier=0.23118
2026-04-08 01:40:56 | INFO     | app.pricing.models:fit:191 - Training LogisticRegression component...
2026-04-08 01:40:56 | INFO     | app.pricing.models:fit:193 - Training XGBoost component...
2026-04-08 01:40:56 | INFO     | app.pricing.calibration:fit:37 - Isotonic calibrator fitted.
2026-04-08 01:40:56 | INFO     | app.pricing.models:fit:320 - Calibration report: raw_brier=0.3128, cal_brier=0.21844
2026-04-08 01:40:56 | INFO     | app.pricing.models:fit:191 - Training LogisticRegression component...
2026-04-08 01:40:56 | INFO     | app.pricing.models:fit:193 - Training XGBoost component...
2026-04-08 01:40:56 | INFO     | app.pricing.calibration:fit:37 - Isotonic calibrator fitted.
2026-04-08 01:40:56 | INFO     | app.pricing.models:fit:320 - Calibration report: raw_brier=0.3176, cal_brier=0.20871
2026-04-08 01:40:56 | INFO     | app.pricing.models:fit:191 - Training LogisticRegression component...
2026-04-08 01:40:56 | INFO     | app.pricing.models:fit:193 - Training XGBoost component...
2026-04-08 01:40:56 | INFO     | app.pricing.calibration:fit:37 - Isotonic calibrator fitted.
2026-04-08 01:40:56 | INFO     | app.pricing.models:fit:320 - Calibration report: raw_brier=0.3328, cal_brier=0.21001
2026-04-08 01:40:56 | INFO     | app.pricing.models:fit:191 - Training LogisticRegression component...
2026-04-08 01:40:56 | INFO     | app.pricing.models:fit:193 - Training XGBoost component...
2026-04-08 01:40:56 | INFO     | app.pricing.calibration:fit:37 - Isotonic calibrator fitted.
2026-04-08 01:40:56 | INFO     | app.pricing.models:fit:320 - Calibration report: raw_brier=0.3545, cal_brier=0.22035
2026-04-08 01:40:56 | INFO     | app.pricing.models:fit:191 - Training LogisticRegression component...
2026-04-08 01:40:56 | INFO     | app.pricing.models:fit:193 - Training XGBoost component...
2026-04-08 01:40:56 | INFO     | app.pricing.calibration:fit:37 - Isotonic calibrator fitted.
2026-04-08 01:40:56 | INFO     | app.pricing.models:fit:320 - Calibration report: raw_brier=0.3739, cal_brier=0.22261
2026-04-08 01:40:56 | INFO     | app.pricing.models:fit:191 - Training LogisticRegression component...
2026-04-08 01:40:56 | INFO     | app.pricing.models:fit:193 - Training XGBoost component...
2026-04-08 01:40:57 | INFO     | app.pricing.calibration:fit:37 - Isotonic calibrator fitted.
2026-04-08 01:40:57 | INFO     | app.pricing.models:fit:320 - Calibration report: raw_brier=0.4039, cal_brier=0.22026
2026-04-08 01:40:57 | INFO     | app.pricing.models:fit:191 - Training LogisticRegression component...
2026-04-08 01:40:57 | INFO     | app.pricing.models:fit:193 - Training XGBoost component...
2026-04-08 01:40:57 | INFO     | app.pricing.calibration:fit:37 - Isotonic calibrator fitted.
2026-04-08 01:40:57 | INFO     | app.pricing.models:fit:320 - Calibration report: raw_brier=0.4141, cal_brier=0.22592
2026-04-08 01:40:57 | INFO     | app.pricing.models:fit:191 - Training LogisticRegression component...
2026-04-08 01:40:57 | INFO     | app.pricing.models:fit:193 - Training XGBoost component...
2026-04-08 01:40:57 | INFO     | app.pricing.calibration:fit:37 - Isotonic calibrator fitted.
2026-04-08 01:40:57 | INFO     | app.pricing.models:fit:320 - Calibration report: raw_brier=0.4253, cal_brier=0.23622
2026-04-08 01:40:57 | INFO     | app.pricing.models:fit:191 - Training LogisticRegression component...
2026-04-08 01:40:57 | INFO     | app.pricing.models:fit:193 - Training XGBoost component...
2026-04-08 01:40:57 | INFO     | app.pricing.calibration:fit:37 - Isotonic calibrator fitted.
2026-04-08 01:40:57 | INFO     | app.pricing.models:fit:320 - Calibration report: raw_brier=0.4249, cal_brier=0.24543
2026-04-08 01:40:57 | INFO     | app.pricing.models:fit:191 - Training LogisticRegression component...
2026-04-08 01:40:57 | INFO     | app.pricing.models:fit:193 - Training XGBoost component...
2026-04-08 01:40:57 | INFO     | app.pricing.calibration:fit:37 - Isotonic calibrator fitted.
2026-04-08 01:40:57 | INFO     | app.pricing.models:fit:320 - Calibration report: raw_brier=0.3412, cal_brier=0.24721
2026-04-08 01:40:57 | INFO     | app.pricing.models:fit:191 - Training LogisticRegression component...
2026-04-08 01:40:57 | INFO     | app.pricing.models:fit:193 - Training XGBoost component...
2026-04-08 01:40:57 | INFO     | app.pricing.calibration:fit:37 - Isotonic calibrator fitted.
2026-04-08 01:40:57 | INFO     | app.pricing.models:fit:320 - Calibration report: raw_brier=0.3540, cal_brier=0.24503
2026-04-08 01:40:57 | INFO     | app.pricing.models:fit:191 - Training LogisticRegression component...
2026-04-08 01:40:57 | INFO     | app.pricing.models:fit:193 - Training XGBoost component...
2026-04-08 01:40:57 | INFO     | app.pricing.calibration:fit:37 - Isotonic calibrator fitted.
2026-04-08 01:40:57 | INFO     | app.pricing.models:fit:320 - Calibration report: raw_brier=0.3708, cal_brier=0.24118
2026-04-08 01:40:57 | INFO     | app.pricing.models:fit:191 - Training LogisticRegression component...
2026-04-08 01:40:57 | INFO     | app.pricing.models:fit:193 - Training XGBoost component...
2026-04-08 01:40:57 | INFO     | app.pricing.calibration:fit:37 - Isotonic calibrator fitted.
2026-04-08 01:40:57 | INFO     | app.pricing.models:fit:320 - Calibration report: raw_brier=0.3563, cal_brier=0.23147
2026-04-08 01:40:57 | INFO     | app.pricing.models:fit:191 - Training LogisticRegression component...
2026-04-08 01:40:57 | INFO     | app.pricing.models:fit:193 - Training XGBoost component...
2026-04-08 01:40:57 | INFO     | app.pricing.calibration:fit:37 - Isotonic calibrator fitted.
2026-04-08 01:40:57 | INFO     | app.pricing.models:fit:320 - Calibration report: raw_brier=0.3298, cal_brier=0.2252
2026-04-08 01:40:57 | INFO     | app.pricing.models:fit:191 - Training LogisticRegression component...
2026-04-08 01:40:57 | INFO     | app.pricing.models:fit:193 - Training XGBoost component...
2026-04-08 01:40:57 | INFO     | app.pricing.calibration:fit:37 - Isotonic calibrator fitted.
2026-04-08 01:40:57 | INFO     | app.pricing.models:fit:320 - Calibration report: raw_brier=0.3185, cal_brier=0.21967
2026-04-08 01:40:57 | INFO     | app.pricing.models:fit:191 - Training LogisticRegression component...
2026-04-08 01:40:57 | INFO     | app.pricing.models:fit:193 - Training XGBoost component...
2026-04-08 01:40:57 | INFO     | app.pricing.calibration:fit:37 - Isotonic calibrator fitted.
2026-04-08 01:40:57 | INFO     | app.pricing.models:fit:320 - Calibration report: raw_brier=0.3053, cal_brier=0.22352
2026-04-08 01:40:57 | INFO     | app.pricing.models:fit:191 - Training LogisticRegression component...
2026-04-08 01:40:57 | INFO     | app.pricing.models:fit:193 - Training XGBoost component...
2026-04-08 01:40:57 | INFO     | app.pricing.calibration:fit:37 - Isotonic calibrator fitted.
2026-04-08 01:40:57 | INFO     | app.pricing.models:fit:320 - Calibration report: raw_brier=0.3195, cal_brier=0.2325
2026-04-08 01:40:57 | INFO     | app.pricing.models:fit:191 - Training LogisticRegression component...
2026-04-08 01:40:57 | INFO     | app.pricing.models:fit:193 - Training XGBoost component...
2026-04-08 01:40:58 | INFO     | app.pricing.calibration:fit:37 - Isotonic calibrator fitted.
2026-04-08 01:40:58 | INFO     | app.pricing.models:fit:320 - Calibration report: raw_brier=0.3456, cal_brier=0.22477
2026-04-08 01:40:58 | INFO     | app.pricing.models:fit:191 - Training LogisticRegression component...
2026-04-08 01:40:58 | INFO     | app.pricing.models:fit:193 - Training XGBoost component...
2026-04-08 01:40:58 | INFO     | app.pricing.calibration:fit:37 - Isotonic calibrator fitted.
2026-04-08 01:40:58 | INFO     | app.pricing.models:fit:320 - Calibration report: raw_brier=0.3570, cal_brier=0.22394
2026-04-08 01:40:58 | INFO     | app.pricing.models:fit:191 - Training LogisticRegression component...
2026-04-08 01:40:58 | INFO     | app.pricing.models:fit:193 - Training XGBoost component...
2026-04-08 01:40:58 | INFO     | app.pricing.calibration:fit:37 - Isotonic calibrator fitted.
2026-04-08 01:40:58 | INFO     | app.pricing.models:fit:320 - Calibration report: raw_brier=0.3456, cal_brier=0.22095
2026-04-08 01:40:58 | INFO     | app.pricing.models:fit:191 - Training LogisticRegression component...
2026-04-08 01:40:58 | INFO     | app.pricing.models:fit:193 - Training XGBoost component...
2026-04-08 01:40:58 | INFO     | app.pricing.calibration:fit:37 - Isotonic calibrator fitted.
2026-04-08 01:40:58 | INFO     | app.pricing.models:fit:320 - Calibration report: raw_brier=0.3578, cal_brier=0.22758
2026-04-08 01:40:58 | INFO     | app.pricing.models:fit:191 - Training LogisticRegression component...
2026-04-08 01:40:58 | INFO     | app.pricing.models:fit:193 - Training XGBoost component...
2026-04-08 01:40:58 | INFO     | app.pricing.calibration:fit:37 - Isotonic calibrator fitted.
2026-04-08 01:40:58 | INFO     | app.pricing.models:fit:320 - Calibration report: raw_brier=0.3515, cal_brier=0.22151
2026-04-08 01:40:58 | INFO     | app.pricing.models:fit:191 - Training LogisticRegression component...
2026-04-08 01:40:58 | INFO     | app.pricing.models:fit:193 - Training XGBoost component...
2026-04-08 01:40:58 | INFO     | app.pricing.calibration:fit:37 - Isotonic calibrator fitted.
2026-04-08 01:40:58 | INFO     | app.pricing.models:fit:320 - Calibration report: raw_brier=0.3331, cal_brier=0.21945
2026-04-08 01:40:58 | INFO     | app.pricing.models:fit:191 - Training LogisticRegression component...
2026-04-08 01:40:58 | INFO     | app.pricing.models:fit:193 - Training XGBoost component...
2026-04-08 01:40:58 | INFO     | app.pricing.calibration:fit:37 - Isotonic calibrator fitted.
2026-04-08 01:40:58 | INFO     | app.pricing.models:fit:320 - Calibration report: raw_brier=0.3165, cal_brier=0.22367
2026-04-08 01:40:58 | INFO     | app.pricing.models:fit:191 - Training LogisticRegression component...
2026-04-08 01:40:58 | INFO     | app.pricing.models:fit:193 - Training XGBoost component...
2026-04-08 01:40:58 | INFO     | app.pricing.calibration:fit:37 - Isotonic calibrator fitted.
2026-04-08 01:40:58 | INFO     | app.pricing.models:fit:320 - Calibration report: raw_brier=0.2989, cal_brier=0.21505
2026-04-08 01:40:58 | INFO     | app.pricing.models:fit:191 - Training LogisticRegression component...
2026-04-08 01:40:58 | INFO     | app.pricing.models:fit:193 - Training XGBoost component...
2026-04-08 01:40:58 | INFO     | app.pricing.calibration:fit:37 - Isotonic calibrator fitted.
2026-04-08 01:40:58 | INFO     | app.pricing.models:fit:320 - Calibration report: raw_brier=0.2737, cal_brier=0.2088
2026-04-08 01:40:58 | INFO     | app.pricing.models:fit:191 - Training LogisticRegression component...
2026-04-08 01:40:58 | INFO     | app.pricing.models:fit:193 - Training XGBoost component...
2026-04-08 01:40:58 | INFO     | app.pricing.calibration:fit:37 - Isotonic calibrator fitted.
2026-04-08 01:40:58 | INFO     | app.pricing.models:fit:320 - Calibration report: raw_brier=0.2504, cal_brier=0.19885
2026-04-08 01:40:58 | INFO     | app.pricing.models:fit:191 - Training LogisticRegression component...
2026-04-08 01:40:58 | INFO     | app.pricing.models:fit:193 - Training XGBoost component...
2026-04-08 01:40:58 | INFO     | app.pricing.calibration:fit:37 - Isotonic calibrator fitted.
2026-04-08 01:40:58 | INFO     | app.pricing.models:fit:320 - Calibration report: raw_brier=0.2458, cal_brier=0.19777
2026-04-08 01:40:58 | INFO     | app.pricing.models:fit:191 - Training LogisticRegression component...
2026-04-08 01:40:58 | INFO     | app.pricing.models:fit:193 - Training XGBoost component...
2026-04-08 01:40:58 | INFO     | app.pricing.calibration:fit:37 - Isotonic calibrator fitted.
2026-04-08 01:40:58 | INFO     | app.pricing.models:fit:320 - Calibration report: raw_brier=0.2530, cal_brier=0.20213
2026-04-08 01:40:59 | INFO     | app.pricing.models:fit:191 - Training LogisticRegression component...
2026-04-08 01:40:59 | INFO     | app.pricing.models:fit:193 - Training XGBoost component...
2026-04-08 01:40:59 | INFO     | app.pricing.calibration:fit:37 - Isotonic calibrator fitted.
2026-04-08 01:40:59 | INFO     | app.pricing.models:fit:320 - Calibration report: raw_brier=0.2285, cal_brier=0.1666
2026-04-08 01:40:59 | INFO     | app.pricing.models:fit:191 - Training LogisticRegression component...
2026-04-08 01:40:59 | INFO     | app.pricing.models:fit:193 - Training XGBoost component...
2026-04-08 01:40:59 | INFO     | app.pricing.calibration:fit:37 - Isotonic calibrator fitted.
2026-04-08 01:40:59 | INFO     | app.pricing.models:fit:320 - Calibration report: raw_brier=0.2279, cal_brier=0.17258
2026-04-08 01:40:59 | INFO     | app.pricing.models:fit:191 - Training LogisticRegression component...
2026-04-08 01:40:59 | INFO     | app.pricing.models:fit:193 - Training XGBoost component...
2026-04-08 01:40:59 | INFO     | app.pricing.calibration:fit:37 - Isotonic calibrator fitted.
2026-04-08 01:40:59 | INFO     | app.pricing.models:fit:320 - Calibration report: raw_brier=0.2259, cal_brier=0.16624
2026-04-08 01:40:59 | INFO     | app.pricing.models:fit:191 - Training LogisticRegression component...
2026-04-08 01:40:59 | INFO     | app.pricing.models:fit:193 - Training XGBoost component...
2026-04-08 01:40:59 | INFO     | app.pricing.calibration:fit:37 - Isotonic calibrator fitted.
2026-04-08 01:40:59 | INFO     | app.pricing.models:fit:320 - Calibration report: raw_brier=0.2318, cal_brier=0.18078
2026-04-08 01:40:59 | INFO     | app.pricing.models:fit:191 - Training LogisticRegression component...
2026-04-08 01:40:59 | INFO     | app.pricing.models:fit:193 - Training XGBoost component...
2026-04-08 01:40:59 | INFO     | app.pricing.calibration:fit:37 - Isotonic calibrator fitted.
2026-04-08 01:40:59 | INFO     | app.pricing.models:fit:320 - Calibration report: raw_brier=0.2442, cal_brier=0.19977
2026-04-08 01:40:59 | INFO     | app.pricing.models:fit:191 - Training LogisticRegression component...
2026-04-08 01:40:59 | INFO     | app.pricing.models:fit:193 - Training XGBoost component...
2026-04-08 01:40:59 | INFO     | app.pricing.calibration:fit:37 - Isotonic calibrator fitted.
2026-04-08 01:40:59 | INFO     | app.pricing.models:fit:320 - Calibration report: raw_brier=0.2436, cal_brier=0.2017
2026-04-08 01:40:59 | INFO     | app.pricing.models:fit:191 - Training LogisticRegression component...
2026-04-08 01:40:59 | INFO     | app.pricing.models:fit:193 - Training XGBoost component...
2026-04-08 01:40:59 | INFO     | app.pricing.calibration:fit:37 - Isotonic calibrator fitted.
2026-04-08 01:40:59 | INFO     | app.pricing.models:fit:320 - Calibration report: raw_brier=0.2125, cal_brier=0.17663
2026-04-08 01:40:59 | INFO     | app.pricing.models:fit:191 - Training LogisticRegression component...
2026-04-08 01:40:59 | INFO     | app.pricing.models:fit:193 - Training XGBoost component...
2026-04-08 01:40:59 | INFO     | app.pricing.calibration:fit:37 - Isotonic calibrator fitted.
2026-04-08 01:40:59 | INFO     | app.pricing.models:fit:320 - Calibration report: raw_brier=0.2078, cal_brier=0.16332
2026-04-08 01:40:59 | INFO     | app.pricing.models:fit:191 - Training LogisticRegression component...
2026-04-08 01:40:59 | INFO     | app.pricing.models:fit:193 - Training XGBoost component...
2026-04-08 01:40:59 | INFO     | app.pricing.calibration:fit:37 - Isotonic calibrator fitted.
2026-04-08 01:40:59 | INFO     | app.pricing.models:fit:320 - Calibration report: raw_brier=0.2081, cal_brier=0.16595
2026-04-08 01:40:59 | INFO     | app.pricing.models:fit:191 - Training LogisticRegression component...
2026-04-08 01:40:59 | INFO     | app.pricing.models:fit:193 - Training XGBoost component...
2026-04-08 01:40:59 | INFO     | app.pricing.calibration:fit:37 - Isotonic calibrator fitted.
2026-04-08 01:40:59 | INFO     | app.pricing.models:fit:320 - Calibration report: raw_brier=0.2074, cal_brier=0.16758
2026-04-08 01:40:59 | INFO     | app.pricing.models:fit:191 - Training LogisticRegression component...
2026-04-08 01:40:59 | INFO     | app.pricing.models:fit:193 - Training XGBoost component...
2026-04-08 01:41:00 | INFO     | app.pricing.calibration:fit:37 - Isotonic calibrator fitted.
2026-04-08 01:41:00 | INFO     | app.pricing.models:fit:320 - Calibration report: raw_brier=0.2008, cal_brier=0.15043
2026-04-08 01:41:00 | INFO     | app.services.backtest:run:209 - [ae8328aa] Backtest complete. Brier: 0.2337, LogLoss: 1.3545, Accuracy: 61.6%
2026-04-08 01:41:06 | INFO     | app.main:lifespan:22 - Starting AFL Multi Builder...
2026-04-08 01:41:06 | INFO     | app.main:lifespan:31 - Database initialised.
2026-04-08 01:41:06 | INFO     | app.api.routes:run_pipeline:44 - API: Running prediction pipeline...
2026-04-08 01:41:06 | INFO     | app.services.pipeline:run:50 - [f0ec8f9c] Starting prediction pipeline...
2026-04-08 01:41:06 | INFO     | app.services.pipeline:run:60 - No upcoming fixtures found, using recent completed for demo.
2026-04-08 01:41:06 | INFO     | app.services.pipeline:run:62 - Processing 5 fixtures...
2026-04-08 01:41:06 | INFO     | app.features.pipeline:get_team_features:442 - Building team feature matrix...
2026-04-08 01:41:07 | INFO     | app.features.pipeline:get_team_features:444 - Team features shape: (1800, 87)
2026-04-08 01:41:07 | INFO     | app.services.pipeline:run:87 - Generated 10 candidate legs.
2026-04-08 01:41:07 | DEBUG    | app.optimizer.multi_builder:build:93 - Evaluating 6 combinations of size 2
2026-04-08 01:41:07 | DEBUG    | app.optimizer.multi_builder:build:93 - Evaluating 4 combinations of size 3
2026-04-08 01:41:07 | DEBUG    | app.optimizer.multi_builder:build:93 - Evaluating 1 combinations of size 4
2026-04-08 01:41:07 | DEBUG    | app.optimizer.multi_builder:build:93 - Evaluating 10 combinations of size 2
2026-04-08 01:41:07 | DEBUG    | app.optimizer.multi_builder:build:93 - Evaluating 10 combinations of size 3
2026-04-08 01:41:07 | DEBUG    | app.optimizer.multi_builder:build:93 - Evaluating 5 combinations of size 4
2026-04-08 01:41:07 | DEBUG    | app.optimizer.multi_builder:build:93 - Evaluating 1 combinations of size 2
2026-04-08 01:41:07 | DEBUG    | app.optimizer.multi_builder:build:93 - Evaluating 1 combinations of size 2
2026-04-08 01:41:07 | DEBUG    | app.optimizer.multi_builder:build:93 - Evaluating 1 combinations of size 2
2026-04-08 01:41:07 | DEBUG    | app.optimizer.multi_builder:build:93 - Evaluating 1 combinations of size 2
2026-04-08 01:41:07 | DEBUG    | app.optimizer.multi_builder:build:93 - Evaluating 1 combinations of size 2
2026-04-08 01:41:07 | INFO     | app.services.pipeline:run:106 - [f0ec8f9c] Pipeline complete in 0.19s
2026-04-08 01:41:07 | INFO     | app.api.routes:run_pipeline:44 - API: Running prediction pipeline...
2026-04-08 01:41:07 | INFO     | app.services.pipeline:run:50 - [ef820eae] Starting prediction pipeline...
2026-04-08 01:41:07 | INFO     | app.services.pipeline:run:60 - No upcoming fixtures found, using recent completed for demo.
2026-04-08 01:41:07 | INFO     | app.services.pipeline:run:62 - Processing 5 fixtures...
2026-04-08 01:41:07 | INFO     | app.features.pipeline:get_team_features:442 - Building team feature matrix...
2026-04-08 01:41:07 | INFO     | app.features.pipeline:get_team_features:444 - Team features shape: (1800, 87)
2026-04-08 01:41:07 | INFO     | app.services.pipeline:run:87 - Generated 10 candidate legs.
2026-04-08 01:41:07 | DEBUG    | app.optimizer.multi_builder:build:93 - Evaluating 6 combinations of size 2
2026-04-08 01:41:07 | DEBUG    | app.optimizer.multi_builder:build:93 - Evaluating 4 combinations of size 3
2026-04-08 01:41:07 | DEBUG    | app.optimizer.multi_builder:build:93 - Evaluating 1 combinations of size 4
2026-04-08 01:41:07 | DEBUG    | app.optimizer.multi_builder:build:93 - Evaluating 10 combinations of size 2
2026-04-08 01:41:07 | DEBUG    | app.optimizer.multi_builder:build:93 - Evaluating 10 combinations of size 3
2026-04-08 01:41:07 | DEBUG    | app.optimizer.multi_builder:build:93 - Evaluating 5 combinations of size 4
2026-04-08 01:41:07 | DEBUG    | app.optimizer.multi_builder:build:93 - Evaluating 1 combinations of size 2
2026-04-08 01:41:07 | DEBUG    | app.optimizer.multi_builder:build:93 - Evaluating 1 combinations of size 2
2026-04-08 01:41:07 | DEBUG    | app.optimizer.multi_builder:build:93 - Evaluating 1 combinations of size 2
2026-04-08 01:41:07 | DEBUG    | app.optimizer.multi_builder:build:93 - Evaluating 1 combinations of size 2
2026-04-08 01:41:07 | DEBUG    | app.optimizer.multi_builder:build:93 - Evaluating 1 combinations of size 2
2026-04-08 01:41:07 | INFO     | app.services.pipeline:run:106 - [ef820eae] Pipeline complete in 0.18s
2026-04-08 01:41:07 | INFO     | app.api.routes:run_pipeline:44 - API: Running prediction pipeline...
2026-04-08 01:41:07 | INFO     | app.services.pipeline:run:50 - [7005437a] Starting prediction pipeline...
2026-04-08 01:41:07 | INFO     | app.services.pipeline:run:60 - No upcoming fixtures found, using recent completed for demo.
2026-04-08 01:41:07 | INFO     | app.services.pipeline:run:62 - Processing 5 fixtures...
2026-04-08 01:41:07 | INFO     | app.features.pipeline:get_team_features:442 - Building team feature matrix...
2026-04-08 01:41:07 | INFO     | app.features.pipeline:get_team_features:444 - Team features shape: (1800, 87)
2026-04-08 01:41:07 | INFO     | app.services.pipeline:run:87 - Generated 10 candidate legs.
2026-04-08 01:41:07 | DEBUG    | app.optimizer.multi_builder:build:93 - Evaluating 6 combinations of size 2
2026-04-08 01:41:07 | DEBUG    | app.optimizer.multi_builder:build:93 - Evaluating 4 combinations of size 3
2026-04-08 01:41:07 | DEBUG    | app.optimizer.multi_builder:build:93 - Evaluating 1 combinations of size 4
2026-04-08 01:41:07 | DEBUG    | app.optimizer.multi_builder:build:93 - Evaluating 10 combinations of size 2
2026-04-08 01:41:07 | DEBUG    | app.optimizer.multi_builder:build:93 - Evaluating 10 combinations of size 3
2026-04-08 01:41:07 | DEBUG    | app.optimizer.multi_builder:build:93 - Evaluating 5 combinations of size 4
2026-04-08 01:41:07 | DEBUG    | app.optimizer.multi_builder:build:93 - Evaluating 1 combinations of size 2
2026-04-08 01:41:07 | DEBUG    | app.optimizer.multi_builder:build:93 - Evaluating 1 combinations of size 2
2026-04-08 01:41:07 | DEBUG    | app.optimizer.multi_builder:build:93 - Evaluating 1 combinations of size 2
2026-04-08 01:41:07 | DEBUG    | app.optimizer.multi_builder:build:93 - Evaluating 1 combinations of size 2
2026-04-08 01:41:07 | DEBUG    | app.optimizer.multi_builder:build:93 - Evaluating 1 combinations of size 2
2026-04-08 01:41:07 | INFO     | app.services.pipeline:run:106 - [7005437a] Pipeline complete in 0.18s
2026-04-08 01:41:07 | DEBUG    | app.optimizer.multi_builder:build:93 - Evaluating 1 combinations of size 2
2026-04-08 01:41:07 | INFO     | app.api.routes:run_training:148 - API: Running model training...
2026-04-08 01:41:07 | INFO     | app.services.training:run_match_model_training:48 - [d9ee8bfe] Starting match model training...
2026-04-08 01:41:07 | INFO     | app.features.pipeline:get_team_features:442 - Building team feature matrix...
2026-04-08 01:41:07 | INFO     | app.features.pipeline:get_team_features:444 - Team features shape: (1800, 87)
2026-04-08 01:41:07 | INFO     | app.services.training:run_match_model_training:56 - Training with 1575 samples, 71 features.
2026-04-08 01:41:07 | INFO     | app.services.training:run_match_model_training:70 - Train: 1023, Val: 237, Test: 315
2026-04-08 01:41:07 | INFO     | app.pricing.models:fit:191 - Training LogisticRegression component...
2026-04-08 01:41:07 | INFO     | app.pricing.models:fit:193 - Training XGBoost component...
2026-04-08 01:41:07 | INFO     | app.pricing.calibration:fit:37 - Isotonic calibrator fitted.
2026-04-08 01:41:07 | INFO     | app.pricing.models:fit:320 - Calibration report: raw_brier=0.4105, cal_brier=0.24314
2026-04-08 01:41:07 | INFO     | app.services.training:run_match_model_training:97 - Test metrics: {'raw_brier': 0.28066, 'calibrated_brier': 0.27722, 'raw_logloss': 0.78236, 'calibrated_logloss': 1.83641}
2026-04-08 01:41:07 | INFO     | app.pricing.models:save:368 - Model 'match_win_ensemble' saved to data/models/match_win_ensemble.joblib
2026-04-08 01:41:07 | INFO     | app.services.training:run_match_model_training:120 - [d9ee8bfe] Match model training complete.
2026-04-08 01:41:07 | INFO     | app.services.training:run_player_disposals_training:132 - [d9ee8bfe] Starting player disposals model training...
2026-04-08 01:41:07 | INFO     | app.features.pipeline:get_player_features:452 - Building player feature matrix for 'disposals'...
2026-04-08 01:41:08 | INFO     | app.features.pipeline:get_player_features:454 - Player features shape: (450, 19)
2026-04-08 01:41:08 | INFO     | app.services.training:run_player_disposals_training:142 - Player model training with 450 samples.
2026-04-08 01:41:08 | INFO     | app.pricing.models:fit:253 - PlayerDisposalsModel fitted. Residual std: 3.65
2026-04-08 01:41:08 | INFO     | app.pricing.calibration:fit:37 - Isotonic calibrator fitted.
2026-04-08 01:41:08 | INFO     | app.pricing.models:save:368 - Model 'player_disposals_model' saved to data/models/player_disposals_model.joblib
2026-04-08 01:41:08 | INFO     | app.pricing.models:save:368 - Model 'player_disposals_calibrator' saved to data/models/player_disposals_calibrator.joblib
2026-04-08 01:41:08 | INFO     | app.services.training:run_player_disposals_training:193 - [d9ee8bfe] Player model training complete.
2026-04-08 01:41:08 | INFO     | app.api.routes:run_training:148 - API: Running model training...
2026-04-08 01:41:08 | INFO     | app.services.training:run_match_model_training:48 - [efd8ce46] Starting match model training...
2026-04-08 01:41:08 | INFO     | app.features.pipeline:get_team_features:442 - Building team feature matrix...
2026-04-08 01:41:08 | INFO     | app.features.pipeline:get_team_features:444 - Team features shape: (1800, 87)
2026-04-08 01:41:08 | INFO     | app.services.training:run_match_model_training:56 - Training with 1575 samples, 71 features.
2026-04-08 01:41:08 | INFO     | app.services.training:run_match_model_training:70 - Train: 1023, Val: 237, Test: 315
2026-04-08 01:41:08 | INFO     | app.pricing.models:fit:191 - Training LogisticRegression component...
2026-04-08 01:41:08 | INFO     | app.pricing.models:fit:193 - Training XGBoost component...
2026-04-08 01:41:08 | INFO     | app.pricing.calibration:fit:37 - Isotonic calibrator fitted.
2026-04-08 01:41:08 | INFO     | app.pricing.models:fit:320 - Calibration report: raw_brier=0.4105, cal_brier=0.24314
2026-04-08 01:41:08 | INFO     | app.services.training:run_match_model_training:97 - Test metrics: {'raw_brier': 0.28066, 'calibrated_brier': 0.27722, 'raw_logloss': 0.78236, 'calibrated_logloss': 1.83641}
2026-04-08 01:41:08 | INFO     | app.pricing.models:save:368 - Model 'match_win_ensemble' saved to data/models/match_win_ensemble.joblib
2026-04-08 01:41:08 | INFO     | app.services.training:run_match_model_training:120 - [efd8ce46] Match model training complete.
2026-04-08 01:41:08 | INFO     | app.services.training:run_player_disposals_training:132 - [efd8ce46] Starting player disposals model training...
2026-04-08 01:41:08 | INFO     | app.features.pipeline:get_player_features:452 - Building player feature matrix for 'disposals'...
2026-04-08 01:41:08 | INFO     | app.features.pipeline:get_player_features:454 - Player features shape: (450, 19)
2026-04-08 01:41:08 | INFO     | app.services.training:run_player_disposals_training:142 - Player model training with 450 samples.
2026-04-08 01:41:08 | INFO     | app.pricing.models:fit:253 - PlayerDisposalsModel fitted. Residual std: 3.65
2026-04-08 01:41:08 | INFO     | app.pricing.calibration:fit:37 - Isotonic calibrator fitted.
2026-04-08 01:41:08 | INFO     | app.pricing.models:save:368 - Model 'player_disposals_model' saved to data/models/player_disposals_model.joblib
2026-04-08 01:41:08 | INFO     | app.pricing.models:save:368 - Model 'player_disposals_calibrator' saved to data/models/player_disposals_calibrator.joblib
2026-04-08 01:41:08 | INFO     | app.services.training:run_player_disposals_training:193 - [efd8ce46] Player model training complete.
2026-04-08 01:41:08 | INFO     | app.api.routes:run_backtest:163 - API: Running backtest...
2026-04-08 01:41:08 | INFO     | app.services.backtest:run:54 - [47d70e54] Starting walk-forward backtest...
2026-04-08 01:41:08 | INFO     | app.features.pipeline:get_team_features:442 - Building team feature matrix...
2026-04-08 01:41:08 | INFO     | app.features.pipeline:get_team_features:444 - Team features shape: (1800, 87)
2026-04-08 01:41:08 | INFO     | app.services.backtest:run:66 - Backtest on 1575 samples with 71 features.
2026-04-08 01:41:08 | INFO     | app.pricing.models:fit:191 - Training LogisticRegression component...
2026-04-08 01:41:08 | WARNING  | app.services.backtest:run:109 - Training failed at fold 30: This solver needs samples of at least 2 classes in the data, but the data contains only one class: 0
2026-04-08 01:41:08 | INFO     | app.pricing.models:fit:191 - Training LogisticRegression component...
2026-04-08 01:41:08 | INFO     | app.pricing.models:fit:193 - Training XGBoost component...
2026-04-08 01:41:09 | INFO     | app.pricing.calibration:fit:37 - Isotonic calibrator fitted.
2026-04-08 01:41:09 | WARNING  | app.services.backtest:run:109 - Training failed at fold 39: y_true contains only one label (1). Please provide the true labels explicitly through the labels argument.
2026-04-08 01:41:09 | INFO     | app.pricing.models:fit:191 - Training LogisticRegression component...
2026-04-08 01:41:09 | INFO     | app.pricing.models:fit:193 - Training XGBoost component...
2026-04-08 01:41:09 | INFO     | app.pricing.calibration:fit:37 - Isotonic calibrator fitted.
2026-04-08 01:41:09 | WARNING  | app.services.backtest:run:109 - Training failed at fold 48: y_true contains only one label (1). Please provide the true labels explicitly through the labels argument.
2026-04-08 01:41:09 | INFO     | app.pricing.models:fit:191 - Training LogisticRegression component...
2026-04-08 01:41:09 | INFO     | app.pricing.models:fit:193 - Training XGBoost component...
2026-04-08 01:41:09 | INFO     | app.pricing.calibration:fit:37 - Isotonic calibrator fitted.
2026-04-08 01:41:09 | INFO     | app.pricing.models:fit:320 - Calibration report: raw_brier=0.0812, cal_brier=0.0
2026-04-08 01:41:09 | INFO     | app.pricing.models:fit:191 - Training LogisticRegression component...
2026-04-08 01:41:09 | INFO     | app.pricing.models:fit:193 - Training XGBoost component...
2026-04-08 01:41:09 | INFO     | app.pricing.calibration:fit:37 - Isotonic calibrator fitted.
2026-04-08 01:41:09 | WARNING  | app.services.backtest:run:109 - Training failed at fold 66: y_true contains only one label (0). Please provide the true labels explicitly through the labels argument.
2026-04-08 01:41:09 | INFO     | app.pricing.models:fit:191 - Training LogisticRegression component...
2026-04-08 01:41:09 | INFO     | app.pricing.models:fit:193 - Training XGBoost component...
2026-04-08 01:41:09 | INFO     | app.pricing.calibration:fit:37 - Isotonic calibrator fitted.
2026-04-08 01:41:09 | WARNING  | app.services.backtest:run:109 - Training failed at fold 75: y_true contains only one label (0). Please provide the true labels explicitly through the labels argument.
2026-04-08 01:41:09 | INFO     | app.pricing.models:fit:191 - Training LogisticRegression component...
2026-04-08 01:41:09 | INFO     | app.pricing.models:fit:193 - Training XGBoost component...
2026-04-08 01:41:09 | INFO     | app.pricing.calibration:fit:37 - Isotonic calibrator fitted.
2026-04-08 01:41:09 | INFO     | app.pricing.models:fit:320 - Calibration report: raw_brier=0.4042, cal_brier=0.0
2026-04-08 01:41:09 | INFO     | app.pricing.models:fit:191 - Training LogisticRegression component...
2026-04-08 01:41:09 | INFO     | app.pricing.models:fit:193 - Training XGBoost component...
2026-04-08 01:41:09 | INFO     | app.pricing.calibration:fit:37 - Isotonic calibrator fitted.
2026-04-08 01:41:09 | WARNING  | app.services.backtest:run:109 - Training failed at fold 93: y_true contains only one label (1). Please provide the true labels explicitly through the labels argument.
2026-04-08 01:41:09 | INFO     | app.pricing.models:fit:191 - Training LogisticRegression component...
2026-04-08 01:41:09 | INFO     | app.pricing.models:fit:193 - Training XGBoost component...
2026-04-08 01:41:09 | INFO     | app.pricing.calibration:fit:37 - Isotonic calibrator fitted.
2026-04-08 01:41:09 | WARNING  | app.services.backtest:run:109 - Training failed at fold 102: y_true contains only one label (1). Please provide the true labels explicitly through the labels argument.
2026-04-08 01:41:09 | INFO     | app.pricing.models:fit:191 - Training LogisticRegression component...
2026-04-08 01:41:09 | INFO     | app.pricing.models:fit:193 - Training XGBoost component...
2026-04-08 01:41:09 | INFO     | app.pricing.calibration:fit:37 - Isotonic calibrator fitted.
2026-04-08 01:41:09 | WARNING  | app.services.backtest:run:109 - Training failed at fold 111: y_true contains only one label (1). Please provide the true labels explicitly through the labels argument.
2026-04-08 01:41:09 | INFO     | app.pricing.models:fit:191 - Training LogisticRegression component...
2026-04-08 01:41:09 | INFO     | app.pricing.models:fit:193 - Training XGBoost component...
2026-04-08 01:41:09 | INFO     | app.pricing.calibration:fit:37 - Isotonic calibrator fitted.
2026-04-08 01:41:09 | WARNING  | app.services.backtest:run:109 - Training failed at fold 120: y_true contains only one label (1). Please provide the true labels explicitly through the labels argument.
2026-04-08 01:41:09 | INFO     | app.pricing.models:fit:191 - Training LogisticRegression component...
2026-04-08 01:41:09 | INFO     | app.pricing.models:fit:193 - Training XGBoost component...
2026-04-08 01:41:09 | INFO     | app.pricing.calibration:fit:37 - Isotonic calibrator fitted.
2026-04-08 01:41:09 | WARNING  | app.services.backtest:run:109 - Training failed at fold 129: y_true contains only one label (1). Please provide the true labels explicitly through the labels argument.
2026-04-08 01:41:09 | INFO     | app.pricing.models:fit:191 - Training LogisticRegression component...
2026-04-08 01:41:09 | INFO     | app.pricing.models:fit:193 - Training XGBoost component...
2026-04-08 01:41:09 | INFO     | app.pricing.calibration:fit:37 - Isotonic calibrator fitted.
2026-04-08 01:41:09 | WARNING  | app.services.backtest:run:109 - Training failed at fold 138: y_true contains only one label (1). Please provide the true labels explicitly through the labels argument.
2026-04-08 01:41:09 | INFO     | app.pricing.models:fit:191 - Training LogisticRegression component...
2026-04-08 01:41:09 | INFO     | app.pricing.models:fit:193 - Training XGBoost component...
2026-04-08 01:41:09 | INFO     | app.pricing.calibration:fit:37 - Isotonic calibrator fitted.
2026-04-08 01:41:09 | WARNING  | app.services.backtest:run:109 - Training failed at fold 147: y_true contains only one label (1). Please provide the true labels explicitly through the labels argument.
2026-04-08 01:41:09 | INFO     | app.pricing.models:fit:191 - Training LogisticRegression component...
2026-04-08 01:41:09 | INFO     | app.pricing.models:fit:193 - Training XGBoost component...
2026-04-08 01:41:09 | INFO     | app.pricing.calibration:fit:37 - Isotonic calibrator fitted.
2026-04-08 01:41:09 | WARNING  | app.services.backtest:run:109 - Training failed at fold 156: y_true contains only one label (1). Please provide the true labels explicitly through the labels argument.
2026-04-08 01:41:09 | INFO     | app.pricing.models:fit:191 - Training LogisticRegression component...
2026-04-08 01:41:09 | INFO     | app.pricing.models:fit:193 - Training XGBoost component...
2026-04-08 01:41:09 | INFO     | app.pricing.calibration:fit:37 - Isotonic calibrator fitted.
2026-04-08 01:41:09 | WARNING  | app.services.backtest:run:109 - Training failed at fold 165: y_true contains only one label (1). Please provide the true labels explicitly through the labels argument.
2026-04-08 01:41:09 | INFO     | app.pricing.models:fit:191 - Training LogisticRegression component...
2026-04-08 01:41:09 | INFO     | app.pricing.models:fit:193 - Training XGBoost component...
2026-04-08 01:41:09 | INFO     | app.pricing.calibration:fit:37 - Isotonic calibrator fitted.
2026-04-08 01:41:09 | WARNING  | app.services.backtest:run:109 - Training failed at fold 174: y_true contains only one label (1). Please provide the true labels explicitly through the labels argument.
2026-04-08 01:41:09 | INFO     | app.pricing.models:fit:191 - Training LogisticRegression component...
2026-04-08 01:41:09 | INFO     | app.pricing.models:fit:193 - Training XGBoost component...
2026-04-08 01:41:09 | INFO     | app.pricing.calibration:fit:37 - Isotonic calibrator fitted.
2026-04-08 01:41:09 | WARNING  | app.services.backtest:run:109 - Training failed at fold 183: y_true contains only one label (1). Please provide the true labels explicitly through the labels argument.
2026-04-08 01:41:09 | INFO     | app.pricing.models:fit:191 - Training LogisticRegression component...
2026-04-08 01:41:09 | INFO     | app.pricing.models:fit:193 - Training XGBoost component...
2026-04-08 01:41:09 | INFO     | app.pricing.calibration:fit:37 - Isotonic calibrator fitted.
2026-04-08 01:41:09 | WARNING  | app.services.backtest:run:109 - Training failed at fold 192: y_true contains only one label (1). Please provide the true labels explicitly through the labels argument.
2026-04-08 01:41:09 | INFO     | app.pricing.models:fit:191 - Training LogisticRegression component...
2026-04-08 01:41:09 | INFO     | app.pricing.models:fit:193 - Training XGBoost component...
2026-04-08 01:41:09 | INFO     | app.pricing.calibration:fit:37 - Isotonic calibrator fitted.
2026-04-08 01:41:09 | INFO     | app.pricing.models:fit:320 - Calibration report: raw_brier=0.2745, cal_brier=0.0
2026-04-08 01:41:09 | INFO     | app.pricing.models:fit:191 - Training LogisticRegression component...
2026-04-08 01:41:09 | INFO     | app.pricing.models:fit:193 - Training XGBoost component...
2026-04-08 01:41:09 | INFO     | app.pricing.calibration:fit:37 - Isotonic calibrator fitted.
2026-04-08 01:41:09 | INFO     | app.pricing.models:fit:320 - Calibration report: raw_brier=0.0858, cal_brier=0.0
2026-04-08 01:41:09 | INFO     | app.pricing.models:fit:191 - Training LogisticRegression component...
2026-04-08 01:41:09 | INFO     | app.pricing.models:fit:193 - Training XGBoost component...
2026-04-08 01:41:09 | INFO     | app.pricing.calibration:fit:37 - Isotonic calibrator fitted.
2026-04-08 01:41:09 | INFO     | app.pricing.models:fit:320 - Calibration report: raw_brier=0.1797, cal_brier=0.02083
2026-04-08 01:41:09 | INFO     | app.pricing.models:fit:191 - Training LogisticRegression component...
2026-04-08 01:41:09 | INFO     | app.pricing.models:fit:193 - Training XGBoost component...
2026-04-08 01:41:09 | INFO     | app.pricing.calibration:fit:37 - Isotonic calibrator fitted.
2026-04-08 01:41:09 | INFO     | app.pricing.models:fit:320 - Calibration report: raw_brier=0.2736, cal_brier=0.0743
2026-04-08 01:41:09 | INFO     | app.pricing.models:fit:191 - Training LogisticRegression component...
2026-04-08 01:41:09 | INFO     | app.pricing.models:fit:193 - Training XGBoost component...
2026-04-08 01:41:09 | INFO     | app.pricing.calibration:fit:37 - Isotonic calibrator fitted.
2026-04-08 01:41:09 | INFO     | app.pricing.models:fit:320 - Calibration report: raw_brier=0.2910, cal_brier=0.18719
2026-04-08 01:41:09 | INFO     | app.pricing.models:fit:191 - Training LogisticRegression component...
2026-04-08 01:41:09 | INFO     | app.pricing.models:fit:193 - Training XGBoost component...
2026-04-08 01:41:09 | INFO     | app.pricing.calibration:fit:37 - Isotonic calibrator fitted.
2026-04-08 01:41:09 | INFO     | app.pricing.models:fit:320 - Calibration report: raw_brier=0.2415, cal_brier=0.1291
2026-04-08 01:41:09 | INFO     | app.pricing.models:fit:191 - Training LogisticRegression component...
2026-04-08 01:41:09 | INFO     | app.pricing.models:fit:193 - Training XGBoost component...
2026-04-08 01:41:10 | INFO     | app.pricing.calibration:fit:37 - Isotonic calibrator fitted.
2026-04-08 01:41:10 | INFO     | app.pricing.models:fit:320 - Calibration report: raw_brier=0.2954, cal_brier=0.0
2026-04-08 01:41:10 | INFO     | app.pricing.models:fit:191 - Training LogisticRegression component...
2026-04-08 01:41:10 | INFO     | app.pricing.models:fit:193 - Training XGBoost component...
2026-04-08 01:41:10 | INFO     | app.pricing.calibration:fit:37 - Isotonic calibrator fitted.
2026-04-08 01:41:10 | WARNING  | app.services.backtest:run:109 - Training failed at fold 264: y_true contains only one label (1). Please provide the true labels explicitly through the labels argument.
2026-04-08 01:41:10 | INFO     | app.pricing.models:fit:191 - Training LogisticRegression component...
2026-04-08 01:41:10 | INFO     | app.pricing.models:fit:193 - Training XGBoost component...
2026-04-08 01:41:10 | INFO     | app.pricing.calibration:fit:37 - Isotonic calibrator fitted.
2026-04-08 01:41:10 | WARNING  | app.services.backtest:run:109 - Training failed at fold 273: y_true contains only one label (1). Please provide the true labels explicitly through the labels argument.
2026-04-08 01:41:10 | INFO     | app.pricing.models:fit:191 - Training LogisticRegression component...
2026-04-08 01:41:10 | INFO     | app.pricing.models:fit:193 - Training XGBoost component...
2026-04-08 01:41:10 | INFO     | app.pricing.calibration:fit:37 - Isotonic calibrator fitted.
2026-04-08 01:41:10 | INFO     | app.pricing.models:fit:320 - Calibration report: raw_brier=0.1899, cal_brier=0.12346
2026-04-08 01:41:10 | INFO     | app.pricing.models:fit:191 - Training LogisticRegression component...
2026-04-08 01:41:10 | INFO     | app.pricing.models:fit:193 - Training XGBoost component...
2026-04-08 01:41:10 | INFO     | app.pricing.calibration:fit:37 - Isotonic calibrator fitted.
2026-04-08 01:41:10 | INFO     | app.pricing.models:fit:320 - Calibration report: raw_brier=0.2550, cal_brier=0.20672
2026-04-08 01:41:10 | INFO     | app.pricing.models:fit:191 - Training LogisticRegression component...
2026-04-08 01:41:10 | INFO     | app.pricing.models:fit:193 - Training XGBoost component...
2026-04-08 01:41:10 | INFO     | app.pricing.calibration:fit:37 - Isotonic calibrator fitted.
2026-04-08 01:41:10 | INFO     | app.pricing.models:fit:320 - Calibration report: raw_brier=0.1862, cal_brier=0.0
2026-04-08 01:41:10 | INFO     | app.pricing.models:fit:191 - Training LogisticRegression component...
2026-04-08 01:41:10 | INFO     | app.pricing.models:fit:193 - Training XGBoost component...
2026-04-08 01:41:10 | INFO     | app.pricing.calibration:fit:37 - Isotonic calibrator fitted.
2026-04-08 01:41:10 | INFO     | app.pricing.models:fit:320 - Calibration report: raw_brier=0.2176, cal_brier=0.0
2026-04-08 01:41:10 | INFO     | app.pricing.models:fit:191 - Training LogisticRegression component...
2026-04-08 01:41:10 | INFO     | app.pricing.models:fit:193 - Training XGBoost component...
2026-04-08 01:41:10 | INFO     | app.pricing.calibration:fit:37 - Isotonic calibrator fitted.
2026-04-08 01:41:10 | INFO     | app.pricing.models:fit:320 - Calibration report: raw_brier=0.2711, cal_brier=0.0
2026-04-08 01:41:10 | INFO     | app.pricing.models:fit:191 - Training LogisticRegression component...
2026-04-08 01:41:10 | INFO     | app.pricing.models:fit:193 - Training XGBoost component...
2026-04-08 01:41:10 | INFO     | app.pricing.calibration:fit:37 - Isotonic calibrator fitted.
2026-04-08 01:41:10 | INFO     | app.pricing.models:fit:320 - Calibration report: raw_brier=0.1966, cal_brier=0.03401
2026-04-08 01:41:10 | INFO     | app.pricing.models:fit:191 - Training LogisticRegression component...
2026-04-08 01:41:10 | INFO     | app.pricing.models:fit:193 - Training XGBoost component...
2026-04-08 01:41:10 | INFO     | app.pricing.calibration:fit:37 - Isotonic calibrator fitted.
2026-04-08 01:41:10 | INFO     | app.pricing.models:fit:320 - Calibration report: raw_brier=0.2168, cal_brier=0.10476
2026-04-08 01:41:10 | INFO     | app.pricing.models:fit:191 - Training LogisticRegression component...
2026-04-08 01:41:10 | INFO     | app.pricing.models:fit:193 - Training XGBoost component...
2026-04-08 01:41:10 | INFO     | app.pricing.calibration:fit:37 - Isotonic calibrator fitted.
2026-04-08 01:41:10 | INFO     | app.pricing.models:fit:320 - Calibration report: raw_brier=0.2485, cal_brier=0.13072
2026-04-08 01:41:10 | INFO     | app.pricing.models:fit:191 - Training LogisticRegression component...
2026-04-08 01:41:10 | INFO     | app.pricing.models:fit:193 - Training XGBoost component...
2026-04-08 01:41:10 | INFO     | app.pricing.calibration:fit:37 - Isotonic calibrator fitted.
2026-04-08 01:41:10 | INFO     | app.pricing.models:fit:320 - Calibration report: raw_brier=0.2220, cal_brier=0.0
2026-04-08 01:41:10 | INFO     | app.pricing.models:fit:191 - Training LogisticRegression component...
2026-04-08 01:41:10 | INFO     | app.pricing.models:fit:193 - Training XGBoost component...
2026-04-08 01:41:10 | INFO     | app.pricing.calibration:fit:37 - Isotonic calibrator fitted.
2026-04-08 01:41:10 | INFO     | app.pricing.models:fit:320 - Calibration report: raw_brier=0.2341, cal_brier=0.0
2026-04-08 01:41:10 | INFO     | app.pricing.models:fit:191 - Training LogisticRegression component...
2026-04-08 01:41:10 | INFO     | app.pricing.models:fit:193 - Training XGBoost component...
2026-04-08 01:41:10 | INFO     | app.pricing.calibration:fit:37 - Isotonic calibrator fitted.
2026-04-08 01:41:10 | INFO     | app.pricing.models:fit:320 - Calibration report: raw_brier=0.2259, cal_brier=0.0
2026-04-08 01:41:10 | INFO     | app.pricing.models:fit:191 - Training LogisticRegression component...
2026-04-08 01:41:10 | INFO     | app.pricing.models:fit:193 - Training XGBoost component...
2026-04-08 01:41:10 | INFO     | app.pricing.calibration:fit:37 - Isotonic calibrator fitted.
2026-04-08 01:41:10 | INFO     | app.pricing.models:fit:320 - Calibration report: raw_brier=0.2464, cal_brier=0.0
2026-04-08 01:41:10 | INFO     | app.pricing.models:fit:191 - Training LogisticRegression component...
2026-04-08 01:41:10 | INFO     | app.pricing.models:fit:193 - Training XGBoost component...
2026-04-08 01:41:10 | INFO     | app.pricing.calibration:fit:37 - Isotonic calibrator fitted.
2026-04-08 01:41:10 | INFO     | app.pricing.models:fit:320 - Calibration report: raw_brier=0.0576, cal_brier=0.0
2026-04-08 01:41:10 | INFO     | app.pricing.models:fit:191 - Training LogisticRegression component...
2026-04-08 01:41:10 | INFO     | app.pricing.models:fit:193 - Training XGBoost component...
2026-04-08 01:41:11 | INFO     | app.pricing.calibration:fit:37 - Isotonic calibrator fitted.
2026-04-08 01:41:11 | INFO     | app.pricing.models:fit:320 - Calibration report: raw_brier=0.0629, cal_brier=0.0
2026-04-08 01:41:11 | INFO     | app.pricing.models:fit:191 - Training LogisticRegression component...
2026-04-08 01:41:11 | INFO     | app.pricing.models:fit:193 - Training XGBoost component...
2026-04-08 01:41:11 | INFO     | app.pricing.calibration:fit:37 - Isotonic calibrator fitted.
2026-04-08 01:41:11 | INFO     | app.pricing.models:fit:320 - Calibration report: raw_brier=0.1686, cal_brier=0.0082
2026-04-08 01:41:11 | INFO     | app.pricing.models:fit:191 - Training LogisticRegression component...
2026-04-08 01:41:11 | INFO     | app.pricing.models:fit:193 - Training XGBoost component...
2026-04-08 01:41:11 | INFO     | app.pricing.calibration:fit:37 - Isotonic calibrator fitted.
2026-04-08 01:41:11 | INFO     | app.pricing.models:fit:320 - Calibration report: raw_brier=0.2343, cal_brier=0.0
2026-04-08 01:41:11 | INFO     | app.pricing.models:fit:191 - Training LogisticRegression component...
2026-04-08 01:41:11 | INFO     | app.pricing.models:fit:193 - Training XGBoost component...
2026-04-08 01:41:11 | INFO     | app.pricing.calibration:fit:37 - Isotonic calibrator fitted.
2026-04-08 01:41:11 | INFO     | app.pricing.models:fit:320 - Calibration report: raw_brier=0.3268, cal_brier=0.0
2026-04-08 01:41:11 | INFO     | app.pricing.models:fit:191 - Training LogisticRegression component...
2026-04-08 01:41:11 | INFO     | app.pricing.models:fit:193 - Training XGBoost component...
2026-04-08 01:41:11 | INFO     | app.pricing.calibration:fit:37 - Isotonic calibrator fitted.
2026-04-08 01:41:11 | INFO     | app.pricing.models:fit:320 - Calibration report: raw_brier=0.3492, cal_brier=0.01538
2026-04-08 01:41:11 | INFO     | app.pricing.models:fit:191 - Training LogisticRegression component...
2026-04-08 01:41:11 | INFO     | app.pricing.models:fit:193 - Training XGBoost component...
2026-04-08 01:41:11 | INFO     | app.pricing.calibration:fit:37 - Isotonic calibrator fitted.
2026-04-08 01:41:11 | INFO     | app.pricing.models:fit:320 - Calibration report: raw_brier=0.3766, cal_brier=0.0
2026-04-08 01:41:11 | INFO     | app.pricing.models:fit:191 - Training LogisticRegression component...
2026-04-08 01:41:11 | INFO     | app.pricing.models:fit:193 - Training XGBoost component...
2026-04-08 01:41:11 | INFO     | app.pricing.calibration:fit:37 - Isotonic calibrator fitted.
2026-04-08 01:41:11 | INFO     | app.pricing.models:fit:320 - Calibration report: raw_brier=0.4094, cal_brier=0.04224
2026-04-08 01:41:11 | INFO     | app.pricing.models:fit:191 - Training LogisticRegression component...
2026-04-08 01:41:11 | INFO     | app.pricing.models:fit:193 - Training XGBoost component...
2026-04-08 01:41:11 | INFO     | app.pricing.calibration:fit:37 - Isotonic calibrator fitted.
2026-04-08 01:41:11 | INFO     | app.pricing.models:fit:320 - Calibration report: raw_brier=0.4372, cal_brier=0.14025
2026-04-08 01:41:11 | INFO     | app.pricing.models:fit:191 - Training LogisticRegression component...
2026-04-08 01:41:11 | INFO     | app.pricing.models:fit:193 - Training XGBoost component...
2026-04-08 01:41:11 | INFO     | app.pricing.calibration:fit:37 - Isotonic calibrator fitted.
2026-04-08 01:41:11 | INFO     | app.pricing.models:fit:320 - Calibration report: raw_brier=0.3405, cal_brier=0.21
2026-04-08 01:41:11 | INFO     | app.pricing.models:fit:191 - Training LogisticRegression component...
2026-04-08 01:41:11 | INFO     | app.pricing.models:fit:193 - Training XGBoost component...
2026-04-08 01:41:11 | INFO     | app.pricing.calibration:fit:37 - Isotonic calibrator fitted.
2026-04-08 01:41:11 | INFO     | app.pricing.models:fit:320 - Calibration report: raw_brier=0.2975, cal_brier=0.21368
2026-04-08 01:41:11 | INFO     | app.pricing.models:fit:191 - Training LogisticRegression component...
2026-04-08 01:41:11 | INFO     | app.pricing.models:fit:193 - Training XGBoost component...
2026-04-08 01:41:11 | INFO     | app.pricing.calibration:fit:37 - Isotonic calibrator fitted.
2026-04-08 01:41:11 | INFO     | app.pricing.models:fit:320 - Calibration report: raw_brier=0.2836, cal_brier=0.17459
2026-04-08 01:41:11 | INFO     | app.pricing.models:fit:191 - Training LogisticRegression component...
2026-04-08 01:41:11 | INFO     | app.pricing.models:fit:193 - Training XGBoost component...
2026-04-08 01:41:11 | INFO     | app.pricing.calibration:fit:37 - Isotonic calibrator fitted.
2026-04-08 01:41:11 | INFO     | app.pricing.models:fit:320 - Calibration report: raw_brier=0.2790, cal_brier=0.16892
2026-04-08 01:41:11 | INFO     | app.pricing.models:fit:191 - Training LogisticRegression component...
2026-04-08 01:41:11 | INFO     | app.pricing.models:fit:193 - Training XGBoost component...
2026-04-08 01:41:11 | INFO     | app.pricing.calibration:fit:37 - Isotonic calibrator fitted.
2026-04-08 01:41:11 | INFO     | app.pricing.models:fit:320 - Calibration report: raw_brier=0.1970, cal_brier=0.0
2026-04-08 01:41:11 | INFO     | app.pricing.models:fit:191 - Training LogisticRegression component...
2026-04-08 01:41:11 | INFO     | app.pricing.models:fit:193 - Training XGBoost component...
2026-04-08 01:41:11 | INFO     | app.pricing.calibration:fit:37 - Isotonic calibrator fitted.
2026-04-08 01:41:11 | INFO     | app.pricing.models:fit:320 - Calibration report: raw_brier=0.1959, cal_brier=0.0
2026-04-08 01:41:11 | INFO     | app.pricing.models:fit:191 - Training LogisticRegression component...
2026-04-08 01:41:11 | INFO     | app.pricing.models:fit:193 - Training XGBoost component...
2026-04-08 01:41:11 | INFO     | app.pricing.calibration:fit:37 - Isotonic calibrator fitted.
2026-04-08 01:41:11 | INFO     | app.pricing.models:fit:320 - Calibration report: raw_brier=0.1941, cal_brier=0.0
2026-04-08 01:41:11 | INFO     | app.pricing.models:fit:191 - Training LogisticRegression component...
2026-04-08 01:41:11 | INFO     | app.pricing.models:fit:193 - Training XGBoost component...
2026-04-08 01:41:11 | INFO     | app.pricing.calibration:fit:37 - Isotonic calibrator fitted.
2026-04-08 01:41:11 | INFO     | app.pricing.models:fit:320 - Calibration report: raw_brier=0.1086, cal_brier=0.05833
2026-04-08 01:41:11 | INFO     | app.pricing.models:fit:191 - Training LogisticRegression component...
2026-04-08 01:41:11 | INFO     | app.pricing.models:fit:193 - Training XGBoost component...
2026-04-08 01:41:12 | INFO     | app.pricing.calibration:fit:37 - Isotonic calibrator fitted.
2026-04-08 01:41:12 | INFO     | app.pricing.models:fit:320 - Calibration report: raw_brier=0.1075, cal_brier=0.04891
2026-04-08 01:41:12 | INFO     | app.pricing.models:fit:191 - Training LogisticRegression component...
2026-04-08 01:41:12 | INFO     | app.pricing.models:fit:193 - Training XGBoost component...
2026-04-08 01:41:12 | INFO     | app.pricing.calibration:fit:37 - Isotonic calibrator fitted.
2026-04-08 01:41:12 | INFO     | app.pricing.models:fit:320 - Calibration report: raw_brier=0.1218, cal_brier=0.05127
2026-04-08 01:41:12 | INFO     | app.pricing.models:fit:191 - Training LogisticRegression component...
2026-04-08 01:41:12 | INFO     | app.pricing.models:fit:193 - Training XGBoost component...
2026-04-08 01:41:12 | INFO     | app.pricing.calibration:fit:37 - Isotonic calibrator fitted.
2026-04-08 01:41:12 | INFO     | app.pricing.models:fit:320 - Calibration report: raw_brier=0.1240, cal_brier=0.05238
2026-04-08 01:41:12 | INFO     | app.pricing.models:fit:191 - Training LogisticRegression component...
2026-04-08 01:41:12 | INFO     | app.pricing.models:fit:193 - Training XGBoost component...
2026-04-08 01:41:12 | INFO     | app.pricing.calibration:fit:37 - Isotonic calibrator fitted.
2026-04-08 01:41:12 | INFO     | app.pricing.models:fit:320 - Calibration report: raw_brier=0.1152, cal_brier=0.04891
2026-04-08 01:41:12 | INFO     | app.pricing.models:fit:191 - Training LogisticRegression component...
2026-04-08 01:41:12 | INFO     | app.pricing.models:fit:193 - Training XGBoost component...
2026-04-08 01:41:12 | INFO     | app.pricing.calibration:fit:37 - Isotonic calibrator fitted.
2026-04-08 01:41:12 | INFO     | app.pricing.models:fit:320 - Calibration report: raw_brier=0.1129, cal_brier=0.04189
2026-04-08 01:41:12 | INFO     | app.pricing.models:fit:191 - Training LogisticRegression component...
2026-04-08 01:41:12 | INFO     | app.pricing.models:fit:193 - Training XGBoost component...
2026-04-08 01:41:12 | INFO     | app.pricing.calibration:fit:37 - Isotonic calibrator fitted.
2026-04-08 01:41:12 | INFO     | app.pricing.models:fit:320 - Calibration report: raw_brier=0.1172, cal_brier=0.04754
2026-04-08 01:41:12 | INFO     | app.pricing.models:fit:191 - Training LogisticRegression component...
2026-04-08 01:41:12 | INFO     | app.pricing.models:fit:193 - Training XGBoost component...
2026-04-08 01:41:12 | INFO     | app.pricing.calibration:fit:37 - Isotonic calibrator fitted.
2026-04-08 01:41:12 | INFO     | app.pricing.models:fit:320 - Calibration report: raw_brier=0.0954, cal_brier=0.00749
2026-04-08 01:41:12 | INFO     | app.pricing.models:fit:191 - Training LogisticRegression component...
2026-04-08 01:41:12 | INFO     | app.pricing.models:fit:193 - Training XGBoost component...
2026-04-08 01:41:12 | INFO     | app.pricing.calibration:fit:37 - Isotonic calibrator fitted.
2026-04-08 01:41:12 | INFO     | app.pricing.models:fit:320 - Calibration report: raw_brier=0.0916, cal_brier=0.0
2026-04-08 01:41:12 | INFO     | app.pricing.models:fit:191 - Training LogisticRegression component...
2026-04-08 01:41:12 | INFO     | app.pricing.models:fit:193 - Training XGBoost component...
2026-04-08 01:41:12 | INFO     | app.pricing.calibration:fit:37 - Isotonic calibrator fitted.
2026-04-08 01:41:12 | INFO     | app.pricing.models:fit:320 - Calibration report: raw_brier=0.0848, cal_brier=0.0
2026-04-08 01:41:12 | INFO     | app.pricing.models:fit:191 - Training LogisticRegression component...
2026-04-08 01:41:12 | INFO     | app.pricing.models:fit:193 - Training XGBoost component...
2026-04-08 01:41:12 | INFO     | app.pricing.calibration:fit:37 - Isotonic calibrator fitted.
2026-04-08 01:41:12 | INFO     | app.pricing.models:fit:320 - Calibration report: raw_brier=0.0309, cal_brier=0.0
2026-04-08 01:41:12 | INFO     | app.pricing.models:fit:191 - Training LogisticRegression component...
2026-04-08 01:41:12 | INFO     | app.pricing.models:fit:193 - Training XGBoost component...
2026-04-08 01:41:12 | INFO     | app.pricing.calibration:fit:37 - Isotonic calibrator fitted.
2026-04-08 01:41:12 | INFO     | app.pricing.models:fit:320 - Calibration report: raw_brier=0.0406, cal_brier=0.0
2026-04-08 01:41:12 | INFO     | app.pricing.models:fit:191 - Training LogisticRegression component...
2026-04-08 01:41:12 | INFO     | app.pricing.models:fit:193 - Training XGBoost component...
2026-04-08 01:41:12 | INFO     | app.pricing.calibration:fit:37 - Isotonic calibrator fitted.
2026-04-08 01:41:12 | INFO     | app.pricing.models:fit:320 - Calibration report: raw_brier=0.0533, cal_brier=0.0
2026-04-08 01:41:12 | INFO     | app.pricing.models:fit:191 - Training LogisticRegression component...
2026-04-08 01:41:12 | INFO     | app.pricing.models:fit:193 - Training XGBoost component...
2026-04-08 01:41:12 | INFO     | app.pricing.calibration:fit:37 - Isotonic calibrator fitted.
2026-04-08 01:41:12 | INFO     | app.pricing.models:fit:320 - Calibration report: raw_brier=0.0738, cal_brier=0.00773
2026-04-08 01:41:12 | INFO     | app.pricing.models:fit:191 - Training LogisticRegression component...
2026-04-08 01:41:12 | INFO     | app.pricing.models:fit:193 - Training XGBoost component...
2026-04-08 01:41:13 | INFO     | app.pricing.calibration:fit:37 - Isotonic calibrator fitted.
2026-04-08 01:41:13 | INFO     | app.pricing.models:fit:320 - Calibration report: raw_brier=0.0942, cal_brier=0.0
2026-04-08 01:41:13 | INFO     | app.pricing.models:fit:191 - Training LogisticRegression component...
2026-04-08 01:41:13 | INFO     | app.pricing.models:fit:193 - Training XGBoost component...
2026-04-08 01:41:13 | INFO     | app.pricing.calibration:fit:37 - Isotonic calibrator fitted.
2026-04-08 01:41:13 | INFO     | app.pricing.models:fit:320 - Calibration report: raw_brier=0.1150, cal_brier=0.00889
2026-04-08 01:41:13 | INFO     | app.pricing.models:fit:191 - Training LogisticRegression component...
2026-04-08 01:41:13 | INFO     | app.pricing.models:fit:193 - Training XGBoost component...
2026-04-08 01:41:13 | INFO     | app.pricing.calibration:fit:37 - Isotonic calibrator fitted.
2026-04-08 01:41:13 | INFO     | app.pricing.models:fit:320 - Calibration report: raw_brier=0.1376, cal_brier=0.06542
2026-04-08 01:41:13 | INFO     | app.pricing.models:fit:191 - Training LogisticRegression component...
2026-04-08 01:41:13 | INFO     | app.pricing.models:fit:193 - Training XGBoost component...
2026-04-08 01:41:13 | INFO     | app.pricing.calibration:fit:37 - Isotonic calibrator fitted.
2026-04-08 01:41:13 | INFO     | app.pricing.models:fit:320 - Calibration report: raw_brier=0.1630, cal_brier=0.14324
2026-04-08 01:41:13 | INFO     | app.pricing.models:fit:191 - Training LogisticRegression component...
2026-04-08 01:41:13 | INFO     | app.pricing.models:fit:193 - Training XGBoost component...
2026-04-08 01:41:13 | INFO     | app.pricing.calibration:fit:37 - Isotonic calibrator fitted.
2026-04-08 01:41:13 | INFO     | app.pricing.models:fit:320 - Calibration report: raw_brier=0.1870, cal_brier=0.15574
2026-04-08 01:41:13 | INFO     | app.pricing.models:fit:191 - Training LogisticRegression component...
2026-04-08 01:41:13 | INFO     | app.pricing.models:fit:193 - Training XGBoost component...
2026-04-08 01:41:13 | INFO     | app.pricing.calibration:fit:37 - Isotonic calibrator fitted.
2026-04-08 01:41:13 | INFO     | app.pricing.models:fit:320 - Calibration report: raw_brier=0.1975, cal_brier=0.15873
2026-04-08 01:41:13 | INFO     | app.pricing.models:fit:191 - Training LogisticRegression component...
2026-04-08 01:41:13 | INFO     | app.pricing.models:fit:193 - Training XGBoost component...
2026-04-08 01:41:13 | INFO     | app.pricing.calibration:fit:37 - Isotonic calibrator fitted.
2026-04-08 01:41:13 | INFO     | app.pricing.models:fit:320 - Calibration report: raw_brier=0.2041, cal_brier=0.15576
2026-04-08 01:41:13 | INFO     | app.pricing.models:fit:191 - Training LogisticRegression component...
2026-04-08 01:41:13 | INFO     | app.pricing.models:fit:193 - Training XGBoost component...
2026-04-08 01:41:13 | INFO     | app.pricing.calibration:fit:37 - Isotonic calibrator fitted.
2026-04-08 01:41:13 | INFO     | app.pricing.models:fit:320 - Calibration report: raw_brier=0.2078, cal_brier=0.15432
2026-04-08 01:41:13 | INFO     | app.pricing.models:fit:191 - Training LogisticRegression component...
2026-04-08 01:41:13 | INFO     | app.pricing.models:fit:193 - Training XGBoost component...
2026-04-08 01:41:13 | INFO     | app.pricing.calibration:fit:37 - Isotonic calibrator fitted.
2026-04-08 01:41:13 | INFO     | app.pricing.models:fit:320 - Calibration report: raw_brier=0.2056, cal_brier=0.15291
2026-04-08 01:41:13 | INFO     | app.pricing.models:fit:191 - Training LogisticRegression component...
2026-04-08 01:41:13 | INFO     | app.pricing.models:fit:193 - Training XGBoost component...
2026-04-08 01:41:13 | INFO     | app.pricing.calibration:fit:37 - Isotonic calibrator fitted.
2026-04-08 01:41:13 | INFO     | app.pricing.models:fit:320 - Calibration report: raw_brier=0.1683, cal_brier=0.11482
2026-04-08 01:41:13 | INFO     | app.pricing.models:fit:191 - Training LogisticRegression component...
2026-04-08 01:41:13 | INFO     | app.pricing.models:fit:193 - Training XGBoost component...
2026-04-08 01:41:13 | INFO     | app.pricing.calibration:fit:37 - Isotonic calibrator fitted.
2026-04-08 01:41:13 | INFO     | app.pricing.models:fit:320 - Calibration report: raw_brier=0.1706, cal_brier=0.1138
2026-04-08 01:41:13 | INFO     | app.pricing.models:fit:191 - Training LogisticRegression component...
2026-04-08 01:41:13 | INFO     | app.pricing.models:fit:193 - Training XGBoost component...
2026-04-08 01:41:13 | INFO     | app.pricing.calibration:fit:37 - Isotonic calibrator fitted.
2026-04-08 01:41:13 | INFO     | app.pricing.models:fit:320 - Calibration report: raw_brier=0.1819, cal_brier=0.12911
2026-04-08 01:41:13 | INFO     | app.pricing.models:fit:191 - Training LogisticRegression component...
2026-04-08 01:41:13 | INFO     | app.pricing.models:fit:193 - Training XGBoost component...
2026-04-08 01:41:13 | INFO     | app.pricing.calibration:fit:37 - Isotonic calibrator fitted.
2026-04-08 01:41:13 | INFO     | app.pricing.models:fit:320 - Calibration report: raw_brier=0.2176, cal_brier=0.122
2026-04-08 01:41:13 | INFO     | app.pricing.models:fit:191 - Training LogisticRegression component...
2026-04-08 01:41:13 | INFO     | app.pricing.models:fit:193 - Training XGBoost component...
2026-04-08 01:41:13 | INFO     | app.pricing.calibration:fit:37 - Isotonic calibrator fitted.
2026-04-08 01:41:13 | INFO     | app.pricing.models:fit:320 - Calibration report: raw_brier=0.2446, cal_brier=0.1343
2026-04-08 01:41:13 | INFO     | app.pricing.models:fit:191 - Training LogisticRegression component...
2026-04-08 01:41:14 | INFO     | app.pricing.models:fit:193 - Training XGBoost component...
2026-04-08 01:41:14 | INFO     | app.pricing.calibration:fit:37 - Isotonic calibrator fitted.
2026-04-08 01:41:14 | INFO     | app.pricing.models:fit:320 - Calibration report: raw_brier=0.2383, cal_brier=0.12256
2026-04-08 01:41:14 | INFO     | app.pricing.models:fit:191 - Training LogisticRegression component...
2026-04-08 01:41:14 | INFO     | app.pricing.models:fit:193 - Training XGBoost component...
2026-04-08 01:41:14 | INFO     | app.pricing.calibration:fit:37 - Isotonic calibrator fitted.
2026-04-08 01:41:14 | INFO     | app.pricing.models:fit:320 - Calibration report: raw_brier=0.2142, cal_brier=0.14006
2026-04-08 01:41:14 | INFO     | app.pricing.models:fit:191 - Training LogisticRegression component...
2026-04-08 01:41:14 | INFO     | app.pricing.models:fit:193 - Training XGBoost component...
2026-04-08 01:41:14 | INFO     | app.pricing.calibration:fit:37 - Isotonic calibrator fitted.
2026-04-08 01:41:14 | INFO     | app.pricing.models:fit:320 - Calibration report: raw_brier=0.1990, cal_brier=0.10817
2026-04-08 01:41:14 | INFO     | app.pricing.models:fit:191 - Training LogisticRegression component...
2026-04-08 01:41:14 | INFO     | app.pricing.models:fit:193 - Training XGBoost component...
2026-04-08 01:41:14 | INFO     | app.pricing.calibration:fit:37 - Isotonic calibrator fitted.
2026-04-08 01:41:14 | INFO     | app.pricing.models:fit:320 - Calibration report: raw_brier=0.2093, cal_brier=0.15169
2026-04-08 01:41:14 | INFO     | app.pricing.models:fit:191 - Training LogisticRegression component...
2026-04-08 01:41:14 | INFO     | app.pricing.models:fit:193 - Training XGBoost component...
2026-04-08 01:41:14 | INFO     | app.pricing.calibration:fit:37 - Isotonic calibrator fitted.
2026-04-08 01:41:14 | INFO     | app.pricing.models:fit:320 - Calibration report: raw_brier=0.2303, cal_brier=0.17075
2026-04-08 01:41:14 | INFO     | app.pricing.models:fit:191 - Training LogisticRegression component...
2026-04-08 01:41:14 | INFO     | app.pricing.models:fit:193 - Training XGBoost component...
2026-04-08 01:41:14 | INFO     | app.pricing.calibration:fit:37 - Isotonic calibrator fitted.
2026-04-08 01:41:14 | INFO     | app.pricing.models:fit:320 - Calibration report: raw_brier=0.2086, cal_brier=0.1335
2026-04-08 01:41:14 | INFO     | app.pricing.models:fit:191 - Training LogisticRegression component...
2026-04-08 01:41:14 | INFO     | app.pricing.models:fit:193 - Training XGBoost component...
2026-04-08 01:41:14 | INFO     | app.pricing.calibration:fit:37 - Isotonic calibrator fitted.
2026-04-08 01:41:14 | INFO     | app.pricing.models:fit:320 - Calibration report: raw_brier=0.2004, cal_brier=0.12228
2026-04-08 01:41:14 | INFO     | app.pricing.models:fit:191 - Training LogisticRegression component...
2026-04-08 01:41:14 | INFO     | app.pricing.models:fit:193 - Training XGBoost component...
2026-04-08 01:41:14 | INFO     | app.pricing.calibration:fit:37 - Isotonic calibrator fitted.
2026-04-08 01:41:14 | INFO     | app.pricing.models:fit:320 - Calibration report: raw_brier=0.1925, cal_brier=0.13244
2026-04-08 01:41:14 | INFO     | app.pricing.models:fit:191 - Training LogisticRegression component...
2026-04-08 01:41:14 | INFO     | app.pricing.models:fit:193 - Training XGBoost component...
2026-04-08 01:41:14 | INFO     | app.pricing.calibration:fit:37 - Isotonic calibrator fitted.
2026-04-08 01:41:14 | INFO     | app.pricing.models:fit:320 - Calibration report: raw_brier=0.2339, cal_brier=0.14874
2026-04-08 01:41:14 | INFO     | app.pricing.models:fit:191 - Training LogisticRegression component...
2026-04-08 01:41:14 | INFO     | app.pricing.models:fit:193 - Training XGBoost component...
2026-04-08 01:41:14 | INFO     | app.pricing.calibration:fit:37 - Isotonic calibrator fitted.
2026-04-08 01:41:14 | INFO     | app.pricing.models:fit:320 - Calibration report: raw_brier=0.2833, cal_brier=0.15346
2026-04-08 01:41:14 | INFO     | app.pricing.models:fit:191 - Training LogisticRegression component...
2026-04-08 01:41:14 | INFO     | app.pricing.models:fit:193 - Training XGBoost component...
2026-04-08 01:41:14 | INFO     | app.pricing.calibration:fit:37 - Isotonic calibrator fitted.
2026-04-08 01:41:14 | INFO     | app.pricing.models:fit:320 - Calibration report: raw_brier=0.3282, cal_brier=0.14419
2026-04-08 01:41:14 | INFO     | app.pricing.models:fit:191 - Training LogisticRegression component...
2026-04-08 01:41:14 | INFO     | app.pricing.models:fit:193 - Training XGBoost component...
2026-04-08 01:41:14 | INFO     | app.pricing.calibration:fit:37 - Isotonic calibrator fitted.
2026-04-08 01:41:14 | INFO     | app.pricing.models:fit:320 - Calibration report: raw_brier=0.2638, cal_brier=0.10223
2026-04-08 01:41:14 | INFO     | app.pricing.models:fit:191 - Training LogisticRegression component...
2026-04-08 01:41:14 | INFO     | app.pricing.models:fit:193 - Training XGBoost component...
2026-04-08 01:41:14 | INFO     | app.pricing.calibration:fit:37 - Isotonic calibrator fitted.
2026-04-08 01:41:14 | INFO     | app.pricing.models:fit:320 - Calibration report: raw_brier=0.1943, cal_brier=0.06264
2026-04-08 01:41:14 | INFO     | app.pricing.models:fit:191 - Training LogisticRegression component...
2026-04-08 01:41:14 | INFO     | app.pricing.models:fit:193 - Training XGBoost component...
2026-04-08 01:41:15 | INFO     | app.pricing.calibration:fit:37 - Isotonic calibrator fitted.
2026-04-08 01:41:15 | INFO     | app.pricing.models:fit:320 - Calibration report: raw_brier=0.2165, cal_brier=0.07214
2026-04-08 01:41:15 | INFO     | app.pricing.models:fit:191 - Training LogisticRegression component...
2026-04-08 01:41:15 | INFO     | app.pricing.models:fit:193 - Training XGBoost component...
2026-04-08 01:41:15 | INFO     | app.pricing.calibration:fit:37 - Isotonic calibrator fitted.
2026-04-08 01:41:15 | INFO     | app.pricing.models:fit:320 - Calibration report: raw_brier=0.2484, cal_brier=0.07363
2026-04-08 01:41:15 | INFO     | app.pricing.models:fit:191 - Training LogisticRegression component...
2026-04-08 01:41:15 | INFO     | app.pricing.models:fit:193 - Training XGBoost component...
2026-04-08 01:41:15 | INFO     | app.pricing.calibration:fit:37 - Isotonic calibrator fitted.
2026-04-08 01:41:15 | INFO     | app.pricing.models:fit:320 - Calibration report: raw_brier=0.2725, cal_brier=0.07083
2026-04-08 01:41:15 | INFO     | app.pricing.models:fit:191 - Training LogisticRegression component...
2026-04-08 01:41:15 | INFO     | app.pricing.models:fit:193 - Training XGBoost component...
2026-04-08 01:41:15 | INFO     | app.pricing.calibration:fit:37 - Isotonic calibrator fitted.
2026-04-08 01:41:15 | INFO     | app.pricing.models:fit:320 - Calibration report: raw_brier=0.2989, cal_brier=0.09641
2026-04-08 01:41:15 | INFO     | app.pricing.models:fit:191 - Training LogisticRegression component...
2026-04-08 01:41:15 | INFO     | app.pricing.models:fit:193 - Training XGBoost component...
2026-04-08 01:41:15 | INFO     | app.pricing.calibration:fit:37 - Isotonic calibrator fitted.
2026-04-08 01:41:15 | INFO     | app.pricing.models:fit:320 - Calibration report: raw_brier=0.3297, cal_brier=0.15748
2026-04-08 01:41:15 | INFO     | app.pricing.models:fit:191 - Training LogisticRegression component...
2026-04-08 01:41:15 | INFO     | app.pricing.models:fit:193 - Training XGBoost component...
2026-04-08 01:41:15 | INFO     | app.pricing.calibration:fit:37 - Isotonic calibrator fitted.
2026-04-08 01:41:15 | INFO     | app.pricing.models:fit:320 - Calibration report: raw_brier=0.3336, cal_brier=0.17491
2026-04-08 01:41:15 | INFO     | app.pricing.models:fit:191 - Training LogisticRegression component...
2026-04-08 01:41:15 | INFO     | app.pricing.models:fit:193 - Training XGBoost component...
2026-04-08 01:41:15 | INFO     | app.pricing.calibration:fit:37 - Isotonic calibrator fitted.
2026-04-08 01:41:15 | INFO     | app.pricing.models:fit:320 - Calibration report: raw_brier=0.3286, cal_brier=0.18187
2026-04-08 01:41:15 | INFO     | app.pricing.models:fit:191 - Training LogisticRegression component...
2026-04-08 01:41:15 | INFO     | app.pricing.models:fit:193 - Training XGBoost component...
2026-04-08 01:41:15 | INFO     | app.pricing.calibration:fit:37 - Isotonic calibrator fitted.
2026-04-08 01:41:15 | INFO     | app.pricing.models:fit:320 - Calibration report: raw_brier=0.3224, cal_brier=0.17179
2026-04-08 01:41:15 | INFO     | app.pricing.models:fit:191 - Training LogisticRegression component...
2026-04-08 01:41:15 | INFO     | app.pricing.models:fit:193 - Training XGBoost component...
2026-04-08 01:41:15 | INFO     | app.pricing.calibration:fit:37 - Isotonic calibrator fitted.
2026-04-08 01:41:15 | INFO     | app.pricing.models:fit:320 - Calibration report: raw_brier=0.3179, cal_brier=0.16403
2026-04-08 01:41:15 | INFO     | app.pricing.models:fit:191 - Training LogisticRegression component...
2026-04-08 01:41:15 | INFO     | app.pricing.models:fit:193 - Training XGBoost component...
2026-04-08 01:41:15 | INFO     | app.pricing.calibration:fit:37 - Isotonic calibrator fitted.
2026-04-08 01:41:15 | INFO     | app.pricing.models:fit:320 - Calibration report: raw_brier=0.3255, cal_brier=0.14005
2026-04-08 01:41:15 | INFO     | app.pricing.models:fit:191 - Training LogisticRegression component...
2026-04-08 01:41:15 | INFO     | app.pricing.models:fit:193 - Training XGBoost component...
2026-04-08 01:41:15 | INFO     | app.pricing.calibration:fit:37 - Isotonic calibrator fitted.
2026-04-08 01:41:15 | INFO     | app.pricing.models:fit:320 - Calibration report: raw_brier=0.3398, cal_brier=0.13862
2026-04-08 01:41:15 | INFO     | app.pricing.models:fit:191 - Training LogisticRegression component...
2026-04-08 01:41:15 | INFO     | app.pricing.models:fit:193 - Training XGBoost component...
2026-04-08 01:41:15 | INFO     | app.pricing.calibration:fit:37 - Isotonic calibrator fitted.
2026-04-08 01:41:15 | INFO     | app.pricing.models:fit:320 - Calibration report: raw_brier=0.3293, cal_brier=0.14525
2026-04-08 01:41:15 | INFO     | app.pricing.models:fit:191 - Training LogisticRegression component...
2026-04-08 01:41:15 | INFO     | app.pricing.models:fit:193 - Training XGBoost component...
2026-04-08 01:41:15 | INFO     | app.pricing.calibration:fit:37 - Isotonic calibrator fitted.
2026-04-08 01:41:15 | INFO     | app.pricing.models:fit:320 - Calibration report: raw_brier=0.3263, cal_brier=0.17204
2026-04-08 01:41:15 | INFO     | app.pricing.models:fit:191 - Training LogisticRegression component...
2026-04-08 01:41:15 | INFO     | app.pricing.models:fit:193 - Training XGBoost component...
2026-04-08 01:41:16 | INFO     | app.pricing.calibration:fit:37 - Isotonic calibrator fitted.
2026-04-08 01:41:16 | INFO     | app.pricing.models:fit:320 - Calibration report: raw_brier=0.3213, cal_brier=0.1878
2026-04-08 01:41:16 | INFO     | app.pricing.models:fit:191 - Training LogisticRegression component...
2026-04-08 01:41:16 | INFO     | app.pricing.models:fit:193 - Training XGBoost component...
2026-04-08 01:41:16 | INFO     | app.pricing.calibration:fit:37 - Isotonic calibrator fitted.
2026-04-08 01:41:16 | INFO     | app.pricing.models:fit:320 - Calibration report: raw_brier=0.3406, cal_brier=0.20791
2026-04-08 01:41:16 | INFO     | app.pricing.models:fit:191 - Training LogisticRegression component...
2026-04-08 01:41:16 | INFO     | app.pricing.models:fit:193 - Training XGBoost component...
2026-04-08 01:41:16 | INFO     | app.pricing.calibration:fit:37 - Isotonic calibrator fitted.
2026-04-08 01:41:16 | INFO     | app.pricing.models:fit:320 - Calibration report: raw_brier=0.3087, cal_brier=0.21881
2026-04-08 01:41:16 | INFO     | app.pricing.models:fit:191 - Training LogisticRegression component...
2026-04-08 01:41:16 | INFO     | app.pricing.models:fit:193 - Training XGBoost component...
2026-04-08 01:41:16 | INFO     | app.pricing.calibration:fit:37 - Isotonic calibrator fitted.
2026-04-08 01:41:16 | INFO     | app.pricing.models:fit:320 - Calibration report: raw_brier=0.3283, cal_brier=0.21754
2026-04-08 01:41:16 | INFO     | app.pricing.models:fit:191 - Training LogisticRegression component...
2026-04-08 01:41:16 | INFO     | app.pricing.models:fit:193 - Training XGBoost component...
2026-04-08 01:41:16 | INFO     | app.pricing.calibration:fit:37 - Isotonic calibrator fitted.
2026-04-08 01:41:16 | INFO     | app.pricing.models:fit:320 - Calibration report: raw_brier=0.3423, cal_brier=0.21654
2026-04-08 01:41:16 | INFO     | app.pricing.models:fit:191 - Training LogisticRegression component...
2026-04-08 01:41:16 | INFO     | app.pricing.models:fit:193 - Training XGBoost component...
2026-04-08 01:41:16 | INFO     | app.pricing.calibration:fit:37 - Isotonic calibrator fitted.
2026-04-08 01:41:16 | INFO     | app.pricing.models:fit:320 - Calibration report: raw_brier=0.3356, cal_brier=0.20076
2026-04-08 01:41:16 | INFO     | app.pricing.models:fit:191 - Training LogisticRegression component...
2026-04-08 01:41:16 | INFO     | app.pricing.models:fit:193 - Training XGBoost component...
2026-04-08 01:41:16 | INFO     | app.pricing.calibration:fit:37 - Isotonic calibrator fitted.
2026-04-08 01:41:16 | INFO     | app.pricing.models:fit:320 - Calibration report: raw_brier=0.3358, cal_brier=0.19881
2026-04-08 01:41:16 | INFO     | app.pricing.models:fit:191 - Training LogisticRegression component...
2026-04-08 01:41:16 | INFO     | app.pricing.models:fit:193 - Training XGBoost component...
2026-04-08 01:41:16 | INFO     | app.pricing.calibration:fit:37 - Isotonic calibrator fitted.
2026-04-08 01:41:16 | INFO     | app.pricing.models:fit:320 - Calibration report: raw_brier=0.3344, cal_brier=0.19895
2026-04-08 01:41:16 | INFO     | app.pricing.models:fit:191 - Training LogisticRegression component...
2026-04-08 01:41:16 | INFO     | app.pricing.models:fit:193 - Training XGBoost component...
2026-04-08 01:41:16 | INFO     | app.pricing.calibration:fit:37 - Isotonic calibrator fitted.
2026-04-08 01:41:16 | INFO     | app.pricing.models:fit:320 - Calibration report: raw_brier=0.2667, cal_brier=0.20367
2026-04-08 01:41:16 | INFO     | app.pricing.models:fit:191 - Training LogisticRegression component...
2026-04-08 01:41:16 | INFO     | app.pricing.models:fit:193 - Training XGBoost component...
2026-04-08 01:41:16 | INFO     | app.pricing.calibration:fit:37 - Isotonic calibrator fitted.
2026-04-08 01:41:16 | INFO     | app.pricing.models:fit:320 - Calibration report: raw_brier=0.2438, cal_brier=0.18928
2026-04-08 01:41:16 | INFO     | app.pricing.models:fit:191 - Training LogisticRegression component...
2026-04-08 01:41:16 | INFO     | app.pricing.models:fit:193 - Training XGBoost component...
2026-04-08 01:41:16 | INFO     | app.pricing.calibration:fit:37 - Isotonic calibrator fitted.
2026-04-08 01:41:16 | INFO     | app.pricing.models:fit:320 - Calibration report: raw_brier=0.2628, cal_brier=0.19066
2026-04-08 01:41:16 | INFO     | app.pricing.models:fit:191 - Training LogisticRegression component...
2026-04-08 01:41:16 | INFO     | app.pricing.models:fit:193 - Training XGBoost component...
2026-04-08 01:41:16 | INFO     | app.pricing.calibration:fit:37 - Isotonic calibrator fitted.
2026-04-08 01:41:16 | INFO     | app.pricing.models:fit:320 - Calibration report: raw_brier=0.2969, cal_brier=0.20057
2026-04-08 01:41:16 | INFO     | app.pricing.models:fit:191 - Training LogisticRegression component...
2026-04-08 01:41:16 | INFO     | app.pricing.models:fit:193 - Training XGBoost component...
2026-04-08 01:41:16 | INFO     | app.pricing.calibration:fit:37 - Isotonic calibrator fitted.
2026-04-08 01:41:16 | INFO     | app.pricing.models:fit:320 - Calibration report: raw_brier=0.3339, cal_brier=0.21486
2026-04-08 01:41:16 | INFO     | app.pricing.models:fit:191 - Training LogisticRegression component...
2026-04-08 01:41:16 | INFO     | app.pricing.models:fit:193 - Training XGBoost component...
2026-04-08 01:41:17 | INFO     | app.pricing.calibration:fit:37 - Isotonic calibrator fitted.
2026-04-08 01:41:17 | INFO     | app.pricing.models:fit:320 - Calibration report: raw_brier=0.3597, cal_brier=0.22597
2026-04-08 01:41:17 | INFO     | app.pricing.models:fit:191 - Training LogisticRegression component...
2026-04-08 01:41:17 | INFO     | app.pricing.models:fit:193 - Training XGBoost component...
2026-04-08 01:41:17 | INFO     | app.pricing.calibration:fit:37 - Isotonic calibrator fitted.
2026-04-08 01:41:17 | INFO     | app.pricing.models:fit:320 - Calibration report: raw_brier=0.3884, cal_brier=0.23716
2026-04-08 01:41:17 | INFO     | app.pricing.models:fit:191 - Training LogisticRegression component...
2026-04-08 01:41:17 | INFO     | app.pricing.models:fit:193 - Training XGBoost component...
2026-04-08 01:41:17 | INFO     | app.pricing.calibration:fit:37 - Isotonic calibrator fitted.
2026-04-08 01:41:17 | INFO     | app.pricing.models:fit:320 - Calibration report: raw_brier=0.3599, cal_brier=0.2311
2026-04-08 01:41:17 | INFO     | app.pricing.models:fit:191 - Training LogisticRegression component...
2026-04-08 01:41:17 | INFO     | app.pricing.models:fit:193 - Training XGBoost component...
2026-04-08 01:41:17 | INFO     | app.pricing.calibration:fit:37 - Isotonic calibrator fitted.
2026-04-08 01:41:17 | INFO     | app.pricing.models:fit:320 - Calibration report: raw_brier=0.3569, cal_brier=0.2262
2026-04-08 01:41:17 | INFO     | app.pricing.models:fit:191 - Training LogisticRegression component...
2026-04-08 01:41:17 | INFO     | app.pricing.models:fit:193 - Training XGBoost component...
2026-04-08 01:41:17 | INFO     | app.pricing.calibration:fit:37 - Isotonic calibrator fitted.
2026-04-08 01:41:17 | INFO     | app.pricing.models:fit:320 - Calibration report: raw_brier=0.3517, cal_brier=0.22783
2026-04-08 01:41:17 | INFO     | app.pricing.models:fit:191 - Training LogisticRegression component...
2026-04-08 01:41:17 | INFO     | app.pricing.models:fit:193 - Training XGBoost component...
2026-04-08 01:41:17 | INFO     | app.pricing.calibration:fit:37 - Isotonic calibrator fitted.
2026-04-08 01:41:17 | INFO     | app.pricing.models:fit:320 - Calibration report: raw_brier=0.3504, cal_brier=0.23199
2026-04-08 01:41:17 | INFO     | app.pricing.models:fit:191 - Training LogisticRegression component...
2026-04-08 01:41:17 | INFO     | app.pricing.models:fit:193 - Training XGBoost component...
2026-04-08 01:41:17 | INFO     | app.pricing.calibration:fit:37 - Isotonic calibrator fitted.
2026-04-08 01:41:17 | INFO     | app.pricing.models:fit:320 - Calibration report: raw_brier=0.3572, cal_brier=0.23853
2026-04-08 01:41:17 | INFO     | app.pricing.models:fit:191 - Training LogisticRegression component...
2026-04-08 01:41:17 | INFO     | app.pricing.models:fit:193 - Training XGBoost component...
2026-04-08 01:41:17 | INFO     | app.pricing.calibration:fit:37 - Isotonic calibrator fitted.
2026-04-08 01:41:17 | INFO     | app.pricing.models:fit:320 - Calibration report: raw_brier=0.3608, cal_brier=0.23965
2026-04-08 01:41:17 | INFO     | app.pricing.models:fit:191 - Training LogisticRegression component...
2026-04-08 01:41:17 | INFO     | app.pricing.models:fit:193 - Training XGBoost component...
2026-04-08 01:41:17 | INFO     | app.pricing.calibration:fit:37 - Isotonic calibrator fitted.
2026-04-08 01:41:17 | INFO     | app.pricing.models:fit:320 - Calibration report: raw_brier=0.3392, cal_brier=0.23118
2026-04-08 01:41:17 | INFO     | app.pricing.models:fit:191 - Training LogisticRegression component...
2026-04-08 01:41:17 | INFO     | app.pricing.models:fit:193 - Training XGBoost component...
2026-04-08 01:41:17 | INFO     | app.pricing.calibration:fit:37 - Isotonic calibrator fitted.
2026-04-08 01:41:17 | INFO     | app.pricing.models:fit:320 - Calibration report: raw_brier=0.3128, cal_brier=0.21844
2026-04-08 01:41:17 | INFO     | app.pricing.models:fit:191 - Training LogisticRegression component...
2026-04-08 01:41:17 | INFO     | app.pricing.models:fit:193 - Training XGBoost component...
2026-04-08 01:41:17 | INFO     | app.pricing.calibration:fit:37 - Isotonic calibrator fitted.
2026-04-08 01:41:17 | INFO     | app.pricing.models:fit:320 - Calibration report: raw_brier=0.3176, cal_brier=0.20871
2026-04-08 01:41:17 | INFO     | app.pricing.models:fit:191 - Training LogisticRegression component...
2026-04-08 01:41:17 | INFO     | app.pricing.models:fit:193 - Training XGBoost component...
2026-04-08 01:41:17 | INFO     | app.pricing.calibration:fit:37 - Isotonic calibrator fitted.
2026-04-08 01:41:17 | INFO     | app.pricing.models:fit:320 - Calibration report: raw_brier=0.3328, cal_brier=0.21001
2026-04-08 01:41:17 | INFO     | app.pricing.models:fit:191 - Training LogisticRegression component...
2026-04-08 01:41:17 | INFO     | app.pricing.models:fit:193 - Training XGBoost component...
2026-04-08 01:41:18 | INFO     | app.pricing.calibration:fit:37 - Isotonic calibrator fitted.
2026-04-08 01:41:18 | INFO     | app.pricing.models:fit:320 - Calibration report: raw_brier=0.3545, cal_brier=0.22035
2026-04-08 01:41:18 | INFO     | app.pricing.models:fit:191 - Training LogisticRegression component...
2026-04-08 01:41:18 | INFO     | app.pricing.models:fit:193 - Training XGBoost component...
2026-04-08 01:41:18 | INFO     | app.pricing.calibration:fit:37 - Isotonic calibrator fitted.
2026-04-08 01:41:18 | INFO     | app.pricing.models:fit:320 - Calibration report: raw_brier=0.3739, cal_brier=0.22261
2026-04-08 01:41:18 | INFO     | app.pricing.models:fit:191 - Training LogisticRegression component...
2026-04-08 01:41:18 | INFO     | app.pricing.models:fit:193 - Training XGBoost component...
2026-04-08 01:41:18 | INFO     | app.pricing.calibration:fit:37 - Isotonic calibrator fitted.
2026-04-08 01:41:18 | INFO     | app.pricing.models:fit:320 - Calibration report: raw_brier=0.4039, cal_brier=0.22026
2026-04-08 01:41:18 | INFO     | app.pricing.models:fit:191 - Training LogisticRegression component...
2026-04-08 01:41:18 | INFO     | app.pricing.models:fit:193 - Training XGBoost component...
2026-04-08 01:41:18 | INFO     | app.pricing.calibration:fit:37 - Isotonic calibrator fitted.
2026-04-08 01:41:18 | INFO     | app.pricing.models:fit:320 - Calibration report: raw_brier=0.4141, cal_brier=0.22592
2026-04-08 01:41:18 | INFO     | app.pricing.models:fit:191 - Training LogisticRegression component...
2026-04-08 01:41:18 | INFO     | app.pricing.models:fit:193 - Training XGBoost component...
2026-04-08 01:41:18 | INFO     | app.pricing.calibration:fit:37 - Isotonic calibrator fitted.
2026-04-08 01:41:18 | INFO     | app.pricing.models:fit:320 - Calibration report: raw_brier=0.4253, cal_brier=0.23622
2026-04-08 01:41:18 | INFO     | app.pricing.models:fit:191 - Training LogisticRegression component...
2026-04-08 01:41:18 | INFO     | app.pricing.models:fit:193 - Training XGBoost component...
2026-04-08 01:41:18 | INFO     | app.pricing.calibration:fit:37 - Isotonic calibrator fitted.
2026-04-08 01:41:18 | INFO     | app.pricing.models:fit:320 - Calibration report: raw_brier=0.4249, cal_brier=0.24543
2026-04-08 01:41:18 | INFO     | app.pricing.models:fit:191 - Training LogisticRegression component...
2026-04-08 01:41:18 | INFO     | app.pricing.models:fit:193 - Training XGBoost component...
2026-04-08 01:41:18 | INFO     | app.pricing.calibration:fit:37 - Isotonic calibrator fitted.
2026-04-08 01:41:18 | INFO     | app.pricing.models:fit:320 - Calibration report: raw_brier=0.3412, cal_brier=0.24721
2026-04-08 01:41:18 | INFO     | app.pricing.models:fit:191 - Training LogisticRegression component...
2026-04-08 01:41:18 | INFO     | app.pricing.models:fit:193 - Training XGBoost component...
2026-04-08 01:41:18 | INFO     | app.pricing.calibration:fit:37 - Isotonic calibrator fitted.
2026-04-08 01:41:18 | INFO     | app.pricing.models:fit:320 - Calibration report: raw_brier=0.3540, cal_brier=0.24503
2026-04-08 01:41:18 | INFO     | app.pricing.models:fit:191 - Training LogisticRegression component...
2026-04-08 01:41:18 | INFO     | app.pricing.models:fit:193 - Training XGBoost component...
2026-04-08 01:41:18 | INFO     | app.pricing.calibration:fit:37 - Isotonic calibrator fitted.
2026-04-08 01:41:18 | INFO     | app.pricing.models:fit:320 - Calibration report: raw_brier=0.3708, cal_brier=0.24118
2026-04-08 01:41:18 | INFO     | app.pricing.models:fit:191 - Training LogisticRegression component...
2026-04-08 01:41:18 | INFO     | app.pricing.models:fit:193 - Training XGBoost component...
2026-04-08 01:41:18 | INFO     | app.pricing.calibration:fit:37 - Isotonic calibrator fitted.
2026-04-08 01:41:18 | INFO     | app.pricing.models:fit:320 - Calibration report: raw_brier=0.3563, cal_brier=0.23147
2026-04-08 01:41:18 | INFO     | app.pricing.models:fit:191 - Training LogisticRegression component...
2026-04-08 01:41:18 | INFO     | app.pricing.models:fit:193 - Training XGBoost component...
2026-04-08 01:41:18 | INFO     | app.pricing.calibration:fit:37 - Isotonic calibrator fitted.
2026-04-08 01:41:18 | INFO     | app.pricing.models:fit:320 - Calibration report: raw_brier=0.3298, cal_brier=0.2252
2026-04-08 01:41:18 | INFO     | app.pricing.models:fit:191 - Training LogisticRegression component...
2026-04-08 01:41:18 | INFO     | app.pricing.models:fit:193 - Training XGBoost component...
2026-04-08 01:41:19 | INFO     | app.pricing.calibration:fit:37 - Isotonic calibrator fitted.
2026-04-08 01:41:19 | INFO     | app.pricing.models:fit:320 - Calibration report: raw_brier=0.3185, cal_brier=0.21967
2026-04-08 01:41:19 | INFO     | app.pricing.models:fit:191 - Training LogisticRegression component...
2026-04-08 01:41:19 | INFO     | app.pricing.models:fit:193 - Training XGBoost component...
2026-04-08 01:41:19 | INFO     | app.pricing.calibration:fit:37 - Isotonic calibrator fitted.
2026-04-08 01:41:19 | INFO     | app.pricing.models:fit:320 - Calibration report: raw_brier=0.3053, cal_brier=0.22352
2026-04-08 01:41:19 | INFO     | app.pricing.models:fit:191 - Training LogisticRegression component...
2026-04-08 01:41:19 | INFO     | app.pricing.models:fit:193 - Training XGBoost component...
2026-04-08 01:41:19 | INFO     | app.pricing.calibration:fit:37 - Isotonic calibrator fitted.
2026-04-08 01:41:19 | INFO     | app.pricing.models:fit:320 - Calibration report: raw_brier=0.3195, cal_brier=0.2325
2026-04-08 01:41:19 | INFO     | app.pricing.models:fit:191 - Training LogisticRegression component...
2026-04-08 01:41:19 | INFO     | app.pricing.models:fit:193 - Training XGBoost component...
2026-04-08 01:41:19 | INFO     | app.pricing.calibration:fit:37 - Isotonic calibrator fitted.
2026-04-08 01:41:19 | INFO     | app.pricing.models:fit:320 - Calibration report: raw_brier=0.3456, cal_brier=0.22477
2026-04-08 01:41:19 | INFO     | app.pricing.models:fit:191 - Training LogisticRegression component...
2026-04-08 01:41:19 | INFO     | app.pricing.models:fit:193 - Training XGBoost component...
2026-04-08 01:41:19 | INFO     | app.pricing.calibration:fit:37 - Isotonic calibrator fitted.
2026-04-08 01:41:19 | INFO     | app.pricing.models:fit:320 - Calibration report: raw_brier=0.3570, cal_brier=0.22394
2026-04-08 01:41:19 | INFO     | app.pricing.models:fit:191 - Training LogisticRegression component...
2026-04-08 01:41:19 | INFO     | app.pricing.models:fit:193 - Training XGBoost component...
2026-04-08 01:41:19 | INFO     | app.pricing.calibration:fit:37 - Isotonic calibrator fitted.
2026-04-08 01:41:19 | INFO     | app.pricing.models:fit:320 - Calibration report: raw_brier=0.3456, cal_brier=0.22095
2026-04-08 01:41:19 | INFO     | app.pricing.models:fit:191 - Training LogisticRegression component...
2026-04-08 01:41:19 | INFO     | app.pricing.models:fit:193 - Training XGBoost component...
2026-04-08 01:41:19 | INFO     | app.pricing.calibration:fit:37 - Isotonic calibrator fitted.
2026-04-08 01:41:19 | INFO     | app.pricing.models:fit:320 - Calibration report: raw_brier=0.3578, cal_brier=0.22758
2026-04-08 01:41:19 | INFO     | app.pricing.models:fit:191 - Training LogisticRegression component...
2026-04-08 01:41:19 | INFO     | app.pricing.models:fit:193 - Training XGBoost component...
2026-04-08 01:41:19 | INFO     | app.pricing.calibration:fit:37 - Isotonic calibrator fitted.
2026-04-08 01:41:19 | INFO     | app.pricing.models:fit:320 - Calibration report: raw_brier=0.3515, cal_brier=0.22151
2026-04-08 01:41:19 | INFO     | app.pricing.models:fit:191 - Training LogisticRegression component...
2026-04-08 01:41:19 | INFO     | app.pricing.models:fit:193 - Training XGBoost component...
2026-04-08 01:41:19 | INFO     | app.pricing.calibration:fit:37 - Isotonic calibrator fitted.
2026-04-08 01:41:19 | INFO     | app.pricing.models:fit:320 - Calibration report: raw_brier=0.3331, cal_brier=0.21945
2026-04-08 01:41:19 | INFO     | app.pricing.models:fit:191 - Training LogisticRegression component...
2026-04-08 01:41:19 | INFO     | app.pricing.models:fit:193 - Training XGBoost component...
2026-04-08 01:41:19 | INFO     | app.pricing.calibration:fit:37 - Isotonic calibrator fitted.
2026-04-08 01:41:19 | INFO     | app.pricing.models:fit:320 - Calibration report: raw_brier=0.3165, cal_brier=0.22367
2026-04-08 01:41:19 | INFO     | app.pricing.models:fit:191 - Training LogisticRegression component...
2026-04-08 01:41:19 | INFO     | app.pricing.models:fit:193 - Training XGBoost component...
2026-04-08 01:41:19 | INFO     | app.pricing.calibration:fit:37 - Isotonic calibrator fitted.
2026-04-08 01:41:19 | INFO     | app.pricing.models:fit:320 - Calibration report: raw_brier=0.2989, cal_brier=0.21505
2026-04-08 01:41:19 | INFO     | app.pricing.models:fit:191 - Training LogisticRegression component...
2026-04-08 01:41:19 | INFO     | app.pricing.models:fit:193 - Training XGBoost component...
2026-04-08 01:41:19 | INFO     | app.pricing.calibration:fit:37 - Isotonic calibrator fitted.
2026-04-08 01:41:19 | INFO     | app.pricing.models:fit:320 - Calibration report: raw_brier=0.2737, cal_brier=0.2088
2026-04-08 01:41:20 | INFO     | app.pricing.models:fit:191 - Training LogisticRegression component...
2026-04-08 01:41:20 | INFO     | app.pricing.models:fit:193 - Training XGBoost component...
2026-04-08 01:41:20 | INFO     | app.pricing.calibration:fit:37 - Isotonic calibrator fitted.
2026-04-08 01:41:20 | INFO     | app.pricing.models:fit:320 - Calibration report: raw_brier=0.2504, cal_brier=0.19885
2026-04-08 01:41:20 | INFO     | app.pricing.models:fit:191 - Training LogisticRegression component...
2026-04-08 01:41:20 | INFO     | app.pricing.models:fit:193 - Training XGBoost component...
2026-04-08 01:41:20 | INFO     | app.pricing.calibration:fit:37 - Isotonic calibrator fitted.
2026-04-08 01:41:20 | INFO     | app.pricing.models:fit:320 - Calibration report: raw_brier=0.2458, cal_brier=0.19777
2026-04-08 01:41:20 | INFO     | app.pricing.models:fit:191 - Training LogisticRegression component...
2026-04-08 01:41:20 | INFO     | app.pricing.models:fit:193 - Training XGBoost component...
2026-04-08 01:41:20 | INFO     | app.pricing.calibration:fit:37 - Isotonic calibrator fitted.
2026-04-08 01:41:20 | INFO     | app.pricing.models:fit:320 - Calibration report: raw_brier=0.2530, cal_brier=0.20213
2026-04-08 01:41:20 | INFO     | app.pricing.models:fit:191 - Training LogisticRegression component...
2026-04-08 01:41:20 | INFO     | app.pricing.models:fit:193 - Training XGBoost component...
2026-04-08 01:41:20 | INFO     | app.pricing.calibration:fit:37 - Isotonic calibrator fitted.
2026-04-08 01:41:20 | INFO     | app.pricing.models:fit:320 - Calibration report: raw_brier=0.2285, cal_brier=0.1666
2026-04-08 01:41:20 | INFO     | app.pricing.models:fit:191 - Training LogisticRegression component...
2026-04-08 01:41:20 | INFO     | app.pricing.models:fit:193 - Training XGBoost component...
2026-04-08 01:41:20 | INFO     | app.pricing.calibration:fit:37 - Isotonic calibrator fitted.
2026-04-08 01:41:20 | INFO     | app.pricing.models:fit:320 - Calibration report: raw_brier=0.2279, cal_brier=0.17258
2026-04-08 01:41:20 | INFO     | app.pricing.models:fit:191 - Training LogisticRegression component...
2026-04-08 01:41:20 | INFO     | app.pricing.models:fit:193 - Training XGBoost component...
2026-04-08 01:41:20 | INFO     | app.pricing.calibration:fit:37 - Isotonic calibrator fitted.
2026-04-08 01:41:20 | INFO     | app.pricing.models:fit:320 - Calibration report: raw_brier=0.2259, cal_brier=0.16624
2026-04-08 01:41:20 | INFO     | app.pricing.models:fit:191 - Training LogisticRegression component...
2026-04-08 01:41:20 | INFO     | app.pricing.models:fit:193 - Training XGBoost component...
2026-04-08 01:41:20 | INFO     | app.pricing.calibration:fit:37 - Isotonic calibrator fitted.
2026-04-08 01:41:20 | INFO     | app.pricing.models:fit:320 - Calibration report: raw_brier=0.2318, cal_brier=0.18078
2026-04-08 01:41:20 | INFO     | app.pricing.models:fit:191 - Training LogisticRegression component...
2026-04-08 01:41:20 | INFO     | app.pricing.models:fit:193 - Training XGBoost component...
2026-04-08 01:41:20 | INFO     | app.pricing.calibration:fit:37 - Isotonic calibrator fitted.
2026-04-08 01:41:20 | INFO     | app.pricing.models:fit:320 - Calibration report: raw_brier=0.2442, cal_brier=0.19977
2026-04-08 01:41:20 | INFO     | app.pricing.models:fit:191 - Training LogisticRegression component...
2026-04-08 01:41:20 | INFO     | app.pricing.models:fit:193 - Training XGBoost component...
2026-04-08 01:41:20 | INFO     | app.pricing.calibration:fit:37 - Isotonic calibrator fitted.
2026-04-08 01:41:20 | INFO     | app.pricing.models:fit:320 - Calibration report: raw_brier=0.2436, cal_brier=0.2017
2026-04-08 01:41:20 | INFO     | app.pricing.models:fit:191 - Training LogisticRegression component...
2026-04-08 01:41:20 | INFO     | app.pricing.models:fit:193 - Training XGBoost component...
2026-04-08 01:41:20 | INFO     | app.pricing.calibration:fit:37 - Isotonic calibrator fitted.
2026-04-08 01:41:20 | INFO     | app.pricing.models:fit:320 - Calibration report: raw_brier=0.2125, cal_brier=0.17663
2026-04-08 01:41:20 | INFO     | app.pricing.models:fit:191 - Training LogisticRegression component...
2026-04-08 01:41:20 | INFO     | app.pricing.models:fit:193 - Training XGBoost component...
2026-04-08 01:41:20 | INFO     | app.pricing.calibration:fit:37 - Isotonic calibrator fitted.
2026-04-08 01:41:21 | INFO     | app.pricing.models:fit:320 - Calibration report: raw_brier=0.2078, cal_brier=0.16332
2026-04-08 01:41:21 | INFO     | app.pricing.models:fit:191 - Training LogisticRegression component...
2026-04-08 01:41:21 | INFO     | app.pricing.models:fit:193 - Training XGBoost component...
2026-04-08 01:41:21 | INFO     | app.pricing.calibration:fit:37 - Isotonic calibrator fitted.
2026-04-08 01:41:21 | INFO     | app.pricing.models:fit:320 - Calibration report: raw_brier=0.2081, cal_brier=0.16595
2026-04-08 01:41:21 | INFO     | app.pricing.models:fit:191 - Training LogisticRegression component...
2026-04-08 01:41:21 | INFO     | app.pricing.models:fit:193 - Training XGBoost component...
2026-04-08 01:41:21 | INFO     | app.pricing.calibration:fit:37 - Isotonic calibrator fitted.
2026-04-08 01:41:21 | INFO     | app.pricing.models:fit:320 - Calibration report: raw_brier=0.2074, cal_brier=0.16758
2026-04-08 01:41:21 | INFO     | app.pricing.models:fit:191 - Training LogisticRegression component...
2026-04-08 01:41:21 | INFO     | app.pricing.models:fit:193 - Training XGBoost component...
2026-04-08 01:41:21 | INFO     | app.pricing.calibration:fit:37 - Isotonic calibrator fitted.
2026-04-08 01:41:21 | INFO     | app.pricing.models:fit:320 - Calibration report: raw_brier=0.2008, cal_brier=0.15043
2026-04-08 01:41:21 | INFO     | app.services.backtest:run:209 - [47d70e54] Backtest complete. Brier: 0.2337, LogLoss: 1.3545, Accuracy: 61.6%
2026-04-08 01:41:21 | INFO     | app.api.routes:run_backtest:163 - API: Running backtest...
2026-04-08 01:41:21 | INFO     | app.services.backtest:run:54 - [19763145] Starting walk-forward backtest...
2026-04-08 01:41:21 | INFO     | app.features.pipeline:get_team_features:442 - Building team feature matrix...
2026-04-08 01:41:21 | INFO     | app.features.pipeline:get_team_features:444 - Team features shape: (1800, 87)
2026-04-08 01:41:21 | INFO     | app.services.backtest:run:66 - Backtest on 1575 samples with 71 features.
2026-04-08 01:41:21 | INFO     | app.pricing.models:fit:191 - Training LogisticRegression component...
2026-04-08 01:41:21 | WARNING  | app.services.backtest:run:109 - Training failed at fold 30: This solver needs samples of at least 2 classes in the data, but the data contains only one class: 0
2026-04-08 01:41:21 | INFO     | app.pricing.models:fit:191 - Training LogisticRegression component...
2026-04-08 01:41:21 | INFO     | app.pricing.models:fit:193 - Training XGBoost component...
2026-04-08 01:41:21 | INFO     | app.pricing.calibration:fit:37 - Isotonic calibrator fitted.
2026-04-08 01:41:21 | WARNING  | app.services.backtest:run:109 - Training failed at fold 39: y_true contains only one label (1). Please provide the true labels explicitly through the labels argument.
2026-04-08 01:41:21 | INFO     | app.pricing.models:fit:191 - Training LogisticRegression component...
2026-04-08 01:41:21 | INFO     | app.pricing.models:fit:193 - Training XGBoost component...
2026-04-08 01:41:21 | INFO     | app.pricing.calibration:fit:37 - Isotonic calibrator fitted.
2026-04-08 01:41:21 | WARNING  | app.services.backtest:run:109 - Training failed at fold 48: y_true contains only one label (1). Please provide the true labels explicitly through the labels argument.
2026-04-08 01:41:21 | INFO     | app.pricing.models:fit:191 - Training LogisticRegression component...
2026-04-08 01:41:21 | INFO     | app.pricing.models:fit:193 - Training XGBoost component...
2026-04-08 01:41:21 | INFO     | app.pricing.calibration:fit:37 - Isotonic calibrator fitted.
2026-04-08 01:41:21 | INFO     | app.pricing.models:fit:320 - Calibration report: raw_brier=0.0812, cal_brier=0.0
2026-04-08 01:41:21 | INFO     | app.pricing.models:fit:191 - Training LogisticRegression component...
2026-04-08 01:41:21 | INFO     | app.pricing.models:fit:193 - Training XGBoost component...
2026-04-08 01:41:21 | INFO     | app.pricing.calibration:fit:37 - Isotonic calibrator fitted.
2026-04-08 01:41:21 | WARNING  | app.services.backtest:run:109 - Training failed at fold 66: y_true contains only one label (0). Please provide the true labels explicitly through the labels argument.
2026-04-08 01:41:21 | INFO     | app.pricing.models:fit:191 - Training LogisticRegression component...
2026-04-08 01:41:21 | INFO     | app.pricing.models:fit:193 - Training XGBoost component...
2026-04-08 01:41:21 | INFO     | app.pricing.calibration:fit:37 - Isotonic calibrator fitted.
2026-04-08 01:41:21 | WARNING  | app.services.backtest:run:109 - Training failed at fold 75: y_true contains only one label (0). Please provide the true labels explicitly through the labels argument.
2026-04-08 01:41:21 | INFO     | app.pricing.models:fit:191 - Training LogisticRegression component...
2026-04-08 01:41:21 | INFO     | app.pricing.models:fit:193 - Training XGBoost component...
2026-04-08 01:41:21 | INFO     | app.pricing.calibration:fit:37 - Isotonic calibrator fitted.
2026-04-08 01:41:21 | INFO     | app.pricing.models:fit:320 - Calibration report: raw_brier=0.4042, cal_brier=0.0
2026-04-08 01:41:21 | INFO     | app.pricing.models:fit:191 - Training LogisticRegression component...
2026-04-08 01:41:21 | INFO     | app.pricing.models:fit:193 - Training XGBoost component...
2026-04-08 01:41:21 | INFO     | app.pricing.calibration:fit:37 - Isotonic calibrator fitted.
2026-04-08 01:41:21 | WARNING  | app.services.backtest:run:109 - Training failed at fold 93: y_true contains only one label (1). Please provide the true labels explicitly through the labels argument.
2026-04-08 01:41:21 | INFO     | app.pricing.models:fit:191 - Training LogisticRegression component...
2026-04-08 01:41:21 | INFO     | app.pricing.models:fit:193 - Training XGBoost component...
2026-04-08 01:41:21 | INFO     | app.pricing.calibration:fit:37 - Isotonic calibrator fitted.
2026-04-08 01:41:21 | WARNING  | app.services.backtest:run:109 - Training failed at fold 102: y_true contains only one label (1). Please provide the true labels explicitly through the labels argument.
2026-04-08 01:41:21 | INFO     | app.pricing.models:fit:191 - Training LogisticRegression component...
2026-04-08 01:41:21 | INFO     | app.pricing.models:fit:193 - Training XGBoost component...
2026-04-08 01:41:21 | INFO     | app.pricing.calibration:fit:37 - Isotonic calibrator fitted.
2026-04-08 01:41:21 | WARNING  | app.services.backtest:run:109 - Training failed at fold 111: y_true contains only one label (1). Please provide the true labels explicitly through the labels argument.
2026-04-08 01:41:21 | INFO     | app.pricing.models:fit:191 - Training LogisticRegression component...
2026-04-08 01:41:21 | INFO     | app.pricing.models:fit:193 - Training XGBoost component...
2026-04-08 01:41:21 | INFO     | app.pricing.calibration:fit:37 - Isotonic calibrator fitted.
2026-04-08 01:41:21 | WARNING  | app.services.backtest:run:109 - Training failed at fold 120: y_true contains only one label (1). Please provide the true labels explicitly through the labels argument.
2026-04-08 01:41:21 | INFO     | app.pricing.models:fit:191 - Training LogisticRegression component...
2026-04-08 01:41:21 | INFO     | app.pricing.models:fit:193 - Training XGBoost component...
2026-04-08 01:41:21 | INFO     | app.pricing.calibration:fit:37 - Isotonic calibrator fitted.
2026-04-08 01:41:21 | WARNING  | app.services.backtest:run:109 - Training failed at fold 129: y_true contains only one label (1). Please provide the true labels explicitly through the labels argument.
2026-04-08 01:41:21 | INFO     | app.pricing.models:fit:191 - Training LogisticRegression component...
2026-04-08 01:41:21 | INFO     | app.pricing.models:fit:193 - Training XGBoost component...
2026-04-08 01:41:21 | INFO     | app.pricing.calibration:fit:37 - Isotonic calibrator fitted.
2026-04-08 01:41:21 | WARNING  | app.services.backtest:run:109 - Training failed at fold 138: y_true contains only one label (1). Please provide the true labels explicitly through the labels argument.
2026-04-08 01:41:21 | INFO     | app.pricing.models:fit:191 - Training LogisticRegression component...
2026-04-08 01:41:21 | INFO     | app.pricing.models:fit:193 - Training XGBoost component...
2026-04-08 01:41:21 | INFO     | app.pricing.calibration:fit:37 - Isotonic calibrator fitted.
2026-04-08 01:41:21 | WARNING  | app.services.backtest:run:109 - Training failed at fold 147: y_true contains only one label (1). Please provide the true labels explicitly through the labels argument.
2026-04-08 01:41:21 | INFO     | app.pricing.models:fit:191 - Training LogisticRegression component...
2026-04-08 01:41:21 | INFO     | app.pricing.models:fit:193 - Training XGBoost component...
2026-04-08 01:41:21 | INFO     | app.pricing.calibration:fit:37 - Isotonic calibrator fitted.
2026-04-08 01:41:21 | WARNING  | app.services.backtest:run:109 - Training failed at fold 156: y_true contains only one label (1). Please provide the true labels explicitly through the labels argument.
2026-04-08 01:41:21 | INFO     | app.pricing.models:fit:191 - Training LogisticRegression component...
2026-04-08 01:41:21 | INFO     | app.pricing.models:fit:193 - Training XGBoost component...
2026-04-08 01:41:21 | INFO     | app.pricing.calibration:fit:37 - Isotonic calibrator fitted.
2026-04-08 01:41:21 | WARNING  | app.services.backtest:run:109 - Training failed at fold 165: y_true contains only one label (1). Please provide the true labels explicitly through the labels argument.
2026-04-08 01:41:21 | INFO     | app.pricing.models:fit:191 - Training LogisticRegression component...
2026-04-08 01:41:21 | INFO     | app.pricing.models:fit:193 - Training XGBoost component...
2026-04-08 01:41:21 | INFO     | app.pricing.calibration:fit:37 - Isotonic calibrator fitted.
2026-04-08 01:41:21 | WARNING  | app.services.backtest:run:109 - Training failed at fold 174: y_true contains only one label (1). Please provide the true labels explicitly through the labels argument.
2026-04-08 01:41:21 | INFO     | app.pricing.models:fit:191 - Training LogisticRegression component...
2026-04-08 01:41:21 | INFO     | app.pricing.models:fit:193 - Training XGBoost component...
2026-04-08 01:41:21 | INFO     | app.pricing.calibration:fit:37 - Isotonic calibrator fitted.
2026-04-08 01:41:21 | WARNING  | app.services.backtest:run:109 - Training failed at fold 183: y_true contains only one label (1). Please provide the true labels explicitly through the labels argument.
2026-04-08 01:41:21 | INFO     | app.pricing.models:fit:191 - Training LogisticRegression component...
2026-04-08 01:41:21 | INFO     | app.pricing.models:fit:193 - Training XGBoost component...
2026-04-08 01:41:21 | INFO     | app.pricing.calibration:fit:37 - Isotonic calibrator fitted.
2026-04-08 01:41:21 | WARNING  | app.services.backtest:run:109 - Training failed at fold 192: y_true contains only one label (1). Please provide the true labels explicitly through the labels argument.
2026-04-08 01:41:21 | INFO     | app.pricing.models:fit:191 - Training LogisticRegression component...
2026-04-08 01:41:21 | INFO     | app.pricing.models:fit:193 - Training XGBoost component...
2026-04-08 01:41:22 | INFO     | app.pricing.calibration:fit:37 - Isotonic calibrator fitted.
2026-04-08 01:41:22 | INFO     | app.pricing.models:fit:320 - Calibration report: raw_brier=0.2745, cal_brier=0.0
2026-04-08 01:41:22 | INFO     | app.pricing.models:fit:191 - Training LogisticRegression component...
2026-04-08 01:41:22 | INFO     | app.pricing.models:fit:193 - Training XGBoost component...
2026-04-08 01:41:22 | INFO     | app.pricing.calibration:fit:37 - Isotonic calibrator fitted.
2026-04-08 01:41:22 | INFO     | app.pricing.models:fit:320 - Calibration report: raw_brier=0.0858, cal_brier=0.0
2026-04-08 01:41:22 | INFO     | app.pricing.models:fit:191 - Training LogisticRegression component...
2026-04-08 01:41:22 | INFO     | app.pricing.models:fit:193 - Training XGBoost component...
2026-04-08 01:41:22 | INFO     | app.pricing.calibration:fit:37 - Isotonic calibrator fitted.
2026-04-08 01:41:22 | INFO     | app.pricing.models:fit:320 - Calibration report: raw_brier=0.1797, cal_brier=0.02083
2026-04-08 01:41:22 | INFO     | app.pricing.models:fit:191 - Training LogisticRegression component...
2026-04-08 01:41:22 | INFO     | app.pricing.models:fit:193 - Training XGBoost component...
2026-04-08 01:41:22 | INFO     | app.pricing.calibration:fit:37 - Isotonic calibrator fitted.
2026-04-08 01:41:22 | INFO     | app.pricing.models:fit:320 - Calibration report: raw_brier=0.2736, cal_brier=0.0743
2026-04-08 01:41:22 | INFO     | app.pricing.models:fit:191 - Training LogisticRegression component...
2026-04-08 01:41:22 | INFO     | app.pricing.models:fit:193 - Training XGBoost component...
2026-04-08 01:41:22 | INFO     | app.pricing.calibration:fit:37 - Isotonic calibrator fitted.
2026-04-08 01:41:22 | INFO     | app.pricing.models:fit:320 - Calibration report: raw_brier=0.2910, cal_brier=0.18719
2026-04-08 01:41:22 | INFO     | app.pricing.models:fit:191 - Training LogisticRegression component...
2026-04-08 01:41:22 | INFO     | app.pricing.models:fit:193 - Training XGBoost component...
2026-04-08 01:41:22 | INFO     | app.pricing.calibration:fit:37 - Isotonic calibrator fitted.
2026-04-08 01:41:22 | INFO     | app.pricing.models:fit:320 - Calibration report: raw_brier=0.2415, cal_brier=0.1291
2026-04-08 01:41:22 | INFO     | app.pricing.models:fit:191 - Training LogisticRegression component...
2026-04-08 01:41:22 | INFO     | app.pricing.models:fit:193 - Training XGBoost component...
2026-04-08 01:41:22 | INFO     | app.pricing.calibration:fit:37 - Isotonic calibrator fitted.
2026-04-08 01:41:22 | INFO     | app.pricing.models:fit:320 - Calibration report: raw_brier=0.2954, cal_brier=0.0
2026-04-08 01:41:22 | INFO     | app.pricing.models:fit:191 - Training LogisticRegression component...
2026-04-08 01:41:22 | INFO     | app.pricing.models:fit:193 - Training XGBoost component...
2026-04-08 01:41:22 | INFO     | app.pricing.calibration:fit:37 - Isotonic calibrator fitted.
2026-04-08 01:41:22 | WARNING  | app.services.backtest:run:109 - Training failed at fold 264: y_true contains only one label (1). Please provide the true labels explicitly through the labels argument.
2026-04-08 01:41:22 | INFO     | app.pricing.models:fit:191 - Training LogisticRegression component...
2026-04-08 01:41:22 | INFO     | app.pricing.models:fit:193 - Training XGBoost component...
2026-04-08 01:41:22 | INFO     | app.pricing.calibration:fit:37 - Isotonic calibrator fitted.
2026-04-08 01:41:22 | WARNING  | app.services.backtest:run:109 - Training failed at fold 273: y_true contains only one label (1). Please provide the true labels explicitly through the labels argument.
2026-04-08 01:41:22 | INFO     | app.pricing.models:fit:191 - Training LogisticRegression component...
2026-04-08 01:41:22 | INFO     | app.pricing.models:fit:193 - Training XGBoost component...
2026-04-08 01:41:22 | INFO     | app.pricing.calibration:fit:37 - Isotonic calibrator fitted.
2026-04-08 01:41:22 | INFO     | app.pricing.models:fit:320 - Calibration report: raw_brier=0.1899, cal_brier=0.12346
2026-04-08 01:41:22 | INFO     | app.pricing.models:fit:191 - Training LogisticRegression component...
2026-04-08 01:41:22 | INFO     | app.pricing.models:fit:193 - Training XGBoost component...
2026-04-08 01:41:22 | INFO     | app.pricing.calibration:fit:37 - Isotonic calibrator fitted.
2026-04-08 01:41:22 | INFO     | app.pricing.models:fit:320 - Calibration report: raw_brier=0.2550, cal_brier=0.20672
2026-04-08 01:41:22 | INFO     | app.pricing.models:fit:191 - Training LogisticRegression component...
2026-04-08 01:41:22 | INFO     | app.pricing.models:fit:193 - Training XGBoost component...
2026-04-08 01:41:22 | INFO     | app.pricing.calibration:fit:37 - Isotonic calibrator fitted.
2026-04-08 01:41:22 | INFO     | app.pricing.models:fit:320 - Calibration report: raw_brier=0.1862, cal_brier=0.0
2026-04-08 01:41:22 | INFO     | app.pricing.models:fit:191 - Training LogisticRegression component...
2026-04-08 01:41:22 | INFO     | app.pricing.models:fit:193 - Training XGBoost component...
2026-04-08 01:41:22 | INFO     | app.pricing.calibration:fit:37 - Isotonic calibrator fitted.
2026-04-08 01:41:22 | INFO     | app.pricing.models:fit:320 - Calibration report: raw_brier=0.2176, cal_brier=0.0
2026-04-08 01:41:22 | INFO     | app.pricing.models:fit:191 - Training LogisticRegression component...
2026-04-08 01:41:22 | INFO     | app.pricing.models:fit:193 - Training XGBoost component...
2026-04-08 01:41:22 | INFO     | app.pricing.calibration:fit:37 - Isotonic calibrator fitted.
2026-04-08 01:41:22 | INFO     | app.pricing.models:fit:320 - Calibration report: raw_brier=0.2711, cal_brier=0.0
2026-04-08 01:41:22 | INFO     | app.pricing.models:fit:191 - Training LogisticRegression component...
2026-04-08 01:41:22 | INFO     | app.pricing.models:fit:193 - Training XGBoost component...
2026-04-08 01:41:22 | INFO     | app.pricing.calibration:fit:37 - Isotonic calibrator fitted.
2026-04-08 01:41:22 | INFO     | app.pricing.models:fit:320 - Calibration report: raw_brier=0.1966, cal_brier=0.03401
2026-04-08 01:41:22 | INFO     | app.pricing.models:fit:191 - Training LogisticRegression component...
2026-04-08 01:41:22 | INFO     | app.pricing.models:fit:193 - Training XGBoost component...
2026-04-08 01:41:22 | INFO     | app.pricing.calibration:fit:37 - Isotonic calibrator fitted.
2026-04-08 01:41:22 | INFO     | app.pricing.models:fit:320 - Calibration report: raw_brier=0.2168, cal_brier=0.10476
2026-04-08 01:41:22 | INFO     | app.pricing.models:fit:191 - Training LogisticRegression component...
2026-04-08 01:41:22 | INFO     | app.pricing.models:fit:193 - Training XGBoost component...
2026-04-08 01:41:22 | INFO     | app.pricing.calibration:fit:37 - Isotonic calibrator fitted.
2026-04-08 01:41:22 | INFO     | app.pricing.models:fit:320 - Calibration report: raw_brier=0.2485, cal_brier=0.13072
2026-04-08 01:41:22 | INFO     | app.pricing.models:fit:191 - Training LogisticRegression component...
2026-04-08 01:41:22 | INFO     | app.pricing.models:fit:193 - Training XGBoost component...
2026-04-08 01:41:22 | INFO     | app.pricing.calibration:fit:37 - Isotonic calibrator fitted.
2026-04-08 01:41:22 | INFO     | app.pricing.models:fit:320 - Calibration report: raw_brier=0.2220, cal_brier=0.0
2026-04-08 01:41:22 | INFO     | app.pricing.models:fit:191 - Training LogisticRegression component...
2026-04-08 01:41:22 | INFO     | app.pricing.models:fit:193 - Training XGBoost component...
2026-04-08 01:41:22 | INFO     | app.pricing.calibration:fit:37 - Isotonic calibrator fitted.
2026-04-08 01:41:22 | INFO     | app.pricing.models:fit:320 - Calibration report: raw_brier=0.2341, cal_brier=0.0
2026-04-08 01:41:22 | INFO     | app.pricing.models:fit:191 - Training LogisticRegression component...
2026-04-08 01:41:22 | INFO     | app.pricing.models:fit:193 - Training XGBoost component...
2026-04-08 01:41:22 | INFO     | app.pricing.calibration:fit:37 - Isotonic calibrator fitted.
2026-04-08 01:41:22 | INFO     | app.pricing.models:fit:320 - Calibration report: raw_brier=0.2259, cal_brier=0.0
2026-04-08 01:41:22 | INFO     | app.pricing.models:fit:191 - Training LogisticRegression component...
2026-04-08 01:41:22 | INFO     | app.pricing.models:fit:193 - Training XGBoost component...
2026-04-08 01:41:23 | INFO     | app.pricing.calibration:fit:37 - Isotonic calibrator fitted.
2026-04-08 01:41:23 | INFO     | app.pricing.models:fit:320 - Calibration report: raw_brier=0.2464, cal_brier=0.0
2026-04-08 01:41:23 | INFO     | app.pricing.models:fit:191 - Training LogisticRegression component...
2026-04-08 01:41:23 | INFO     | app.pricing.models:fit:193 - Training XGBoost component...
2026-04-08 01:41:23 | INFO     | app.pricing.calibration:fit:37 - Isotonic calibrator fitted.
2026-04-08 01:41:23 | INFO     | app.pricing.models:fit:320 - Calibration report: raw_brier=0.0576, cal_brier=0.0
2026-04-08 01:41:23 | INFO     | app.pricing.models:fit:191 - Training LogisticRegression component...
2026-04-08 01:41:23 | INFO     | app.pricing.models:fit:193 - Training XGBoost component...
2026-04-08 01:41:23 | INFO     | app.pricing.calibration:fit:37 - Isotonic calibrator fitted.
2026-04-08 01:41:23 | INFO     | app.pricing.models:fit:320 - Calibration report: raw_brier=0.0629, cal_brier=0.0
2026-04-08 01:41:23 | INFO     | app.pricing.models:fit:191 - Training LogisticRegression component...
2026-04-08 01:41:23 | INFO     | app.pricing.models:fit:193 - Training XGBoost component...
2026-04-08 01:41:23 | INFO     | app.pricing.calibration:fit:37 - Isotonic calibrator fitted.
2026-04-08 01:41:23 | INFO     | app.pricing.models:fit:320 - Calibration report: raw_brier=0.1686, cal_brier=0.0082
2026-04-08 01:41:23 | INFO     | app.pricing.models:fit:191 - Training LogisticRegression component...
2026-04-08 01:41:23 | INFO     | app.pricing.models:fit:193 - Training XGBoost component...
2026-04-08 01:41:23 | INFO     | app.pricing.calibration:fit:37 - Isotonic calibrator fitted.
2026-04-08 01:41:23 | INFO     | app.pricing.models:fit:320 - Calibration report: raw_brier=0.2343, cal_brier=0.0
2026-04-08 01:41:23 | INFO     | app.pricing.models:fit:191 - Training LogisticRegression component...
2026-04-08 01:41:23 | INFO     | app.pricing.models:fit:193 - Training XGBoost component...
2026-04-08 01:41:23 | INFO     | app.pricing.calibration:fit:37 - Isotonic calibrator fitted.
2026-04-08 01:41:23 | INFO     | app.pricing.models:fit:320 - Calibration report: raw_brier=0.3268, cal_brier=0.0
2026-04-08 01:41:23 | INFO     | app.pricing.models:fit:191 - Training LogisticRegression component...
2026-04-08 01:41:23 | INFO     | app.pricing.models:fit:193 - Training XGBoost component...
2026-04-08 01:41:23 | INFO     | app.pricing.calibration:fit:37 - Isotonic calibrator fitted.
2026-04-08 01:41:23 | INFO     | app.pricing.models:fit:320 - Calibration report: raw_brier=0.3492, cal_brier=0.01538
2026-04-08 01:41:23 | INFO     | app.pricing.models:fit:191 - Training LogisticRegression component...
2026-04-08 01:41:23 | INFO     | app.pricing.models:fit:193 - Training XGBoost component...
2026-04-08 01:41:23 | INFO     | app.pricing.calibration:fit:37 - Isotonic calibrator fitted.
2026-04-08 01:41:23 | INFO     | app.pricing.models:fit:320 - Calibration report: raw_brier=0.3766, cal_brier=0.0
2026-04-08 01:41:23 | INFO     | app.pricing.models:fit:191 - Training LogisticRegression component...
2026-04-08 01:41:23 | INFO     | app.pricing.models:fit:193 - Training XGBoost component...
2026-04-08 01:41:23 | INFO     | app.pricing.calibration:fit:37 - Isotonic calibrator fitted.
2026-04-08 01:41:23 | INFO     | app.pricing.models:fit:320 - Calibration report: raw_brier=0.4094, cal_brier=0.04224
2026-04-08 01:41:23 | INFO     | app.pricing.models:fit:191 - Training LogisticRegression component...
2026-04-08 01:41:23 | INFO     | app.pricing.models:fit:193 - Training XGBoost component...
2026-04-08 01:41:23 | INFO     | app.pricing.calibration:fit:37 - Isotonic calibrator fitted.
2026-04-08 01:41:23 | INFO     | app.pricing.models:fit:320 - Calibration report: raw_brier=0.4372, cal_brier=0.14025
2026-04-08 01:41:23 | INFO     | app.pricing.models:fit:191 - Training LogisticRegression component...
2026-04-08 01:41:23 | INFO     | app.pricing.models:fit:193 - Training XGBoost component...
2026-04-08 01:41:23 | INFO     | app.pricing.calibration:fit:37 - Isotonic calibrator fitted.
2026-04-08 01:41:23 | INFO     | app.pricing.models:fit:320 - Calibration report: raw_brier=0.3405, cal_brier=0.21
2026-04-08 01:41:23 | INFO     | app.pricing.models:fit:191 - Training LogisticRegression component...
2026-04-08 01:41:23 | INFO     | app.pricing.models:fit:193 - Training XGBoost component...
2026-04-08 01:41:23 | INFO     | app.pricing.calibration:fit:37 - Isotonic calibrator fitted.
2026-04-08 01:41:23 | INFO     | app.pricing.models:fit:320 - Calibration report: raw_brier=0.2975, cal_brier=0.21368
2026-04-08 01:41:23 | INFO     | app.pricing.models:fit:191 - Training LogisticRegression component...
2026-04-08 01:41:23 | INFO     | app.pricing.models:fit:193 - Training XGBoost component...
2026-04-08 01:41:23 | INFO     | app.pricing.calibration:fit:37 - Isotonic calibrator fitted.
2026-04-08 01:41:23 | INFO     | app.pricing.models:fit:320 - Calibration report: raw_brier=0.2836, cal_brier=0.17459
2026-04-08 01:41:23 | INFO     | app.pricing.models:fit:191 - Training LogisticRegression component...
2026-04-08 01:41:23 | INFO     | app.pricing.models:fit:193 - Training XGBoost component...
2026-04-08 01:41:23 | INFO     | app.pricing.calibration:fit:37 - Isotonic calibrator fitted.
2026-04-08 01:41:23 | INFO     | app.pricing.models:fit:320 - Calibration report: raw_brier=0.2790, cal_brier=0.16892
2026-04-08 01:41:23 | INFO     | app.pricing.models:fit:191 - Training LogisticRegression component...
2026-04-08 01:41:23 | INFO     | app.pricing.models:fit:193 - Training XGBoost component...
2026-04-08 01:41:23 | INFO     | app.pricing.calibration:fit:37 - Isotonic calibrator fitted.
2026-04-08 01:41:23 | INFO     | app.pricing.models:fit:320 - Calibration report: raw_brier=0.1970, cal_brier=0.0
2026-04-08 01:41:23 | INFO     | app.pricing.models:fit:191 - Training LogisticRegression component...
2026-04-08 01:41:23 | INFO     | app.pricing.models:fit:193 - Training XGBoost component...
2026-04-08 01:41:23 | INFO     | app.pricing.calibration:fit:37 - Isotonic calibrator fitted.
2026-04-08 01:41:23 | INFO     | app.pricing.models:fit:320 - Calibration report: raw_brier=0.1959, cal_brier=0.0
2026-04-08 01:41:23 | INFO     | app.pricing.models:fit:191 - Training LogisticRegression component...
2026-04-08 01:41:23 | INFO     | app.pricing.models:fit:193 - Training XGBoost component...
2026-04-08 01:41:23 | INFO     | app.pricing.calibration:fit:37 - Isotonic calibrator fitted.
2026-04-08 01:41:23 | INFO     | app.pricing.models:fit:320 - Calibration report: raw_brier=0.1941, cal_brier=0.0
2026-04-08 01:41:23 | INFO     | app.pricing.models:fit:191 - Training LogisticRegression component...
2026-04-08 01:41:23 | INFO     | app.pricing.models:fit:193 - Training XGBoost component...
2026-04-08 01:41:24 | INFO     | app.pricing.calibration:fit:37 - Isotonic calibrator fitted.
2026-04-08 01:41:24 | INFO     | app.pricing.models:fit:320 - Calibration report: raw_brier=0.1086, cal_brier=0.05833
2026-04-08 01:41:24 | INFO     | app.pricing.models:fit:191 - Training LogisticRegression component...
2026-04-08 01:41:24 | INFO     | app.pricing.models:fit:193 - Training XGBoost component...
2026-04-08 01:41:24 | INFO     | app.pricing.calibration:fit:37 - Isotonic calibrator fitted.
2026-04-08 01:41:24 | INFO     | app.pricing.models:fit:320 - Calibration report: raw_brier=0.1075, cal_brier=0.04891
2026-04-08 01:41:24 | INFO     | app.pricing.models:fit:191 - Training LogisticRegression component...
2026-04-08 01:41:24 | INFO     | app.pricing.models:fit:193 - Training XGBoost component...
2026-04-08 01:41:24 | INFO     | app.pricing.calibration:fit:37 - Isotonic calibrator fitted.
2026-04-08 01:41:24 | INFO     | app.pricing.models:fit:320 - Calibration report: raw_brier=0.1218, cal_brier=0.05127
2026-04-08 01:41:24 | INFO     | app.pricing.models:fit:191 - Training LogisticRegression component...
2026-04-08 01:41:24 | INFO     | app.pricing.models:fit:193 - Training XGBoost component...
2026-04-08 01:41:24 | INFO     | app.pricing.calibration:fit:37 - Isotonic calibrator fitted.
2026-04-08 01:41:24 | INFO     | app.pricing.models:fit:320 - Calibration report: raw_brier=0.1240, cal_brier=0.05238
2026-04-08 01:41:24 | INFO     | app.pricing.models:fit:191 - Training LogisticRegression component...
2026-04-08 01:41:24 | INFO     | app.pricing.models:fit:193 - Training XGBoost component...
2026-04-08 01:41:24 | INFO     | app.pricing.calibration:fit:37 - Isotonic calibrator fitted.
2026-04-08 01:41:24 | INFO     | app.pricing.models:fit:320 - Calibration report: raw_brier=0.1152, cal_brier=0.04891
2026-04-08 01:41:24 | INFO     | app.pricing.models:fit:191 - Training LogisticRegression component...
2026-04-08 01:41:24 | INFO     | app.pricing.models:fit:193 - Training XGBoost component...
2026-04-08 01:41:24 | INFO     | app.pricing.calibration:fit:37 - Isotonic calibrator fitted.
2026-04-08 01:41:24 | INFO     | app.pricing.models:fit:320 - Calibration report: raw_brier=0.1129, cal_brier=0.04189
2026-04-08 01:41:24 | INFO     | app.pricing.models:fit:191 - Training LogisticRegression component...
2026-04-08 01:41:24 | INFO     | app.pricing.models:fit:193 - Training XGBoost component...
2026-04-08 01:41:24 | INFO     | app.pricing.calibration:fit:37 - Isotonic calibrator fitted.
2026-04-08 01:41:24 | INFO     | app.pricing.models:fit:320 - Calibration report: raw_brier=0.1172, cal_brier=0.04754
2026-04-08 01:41:24 | INFO     | app.pricing.models:fit:191 - Training LogisticRegression component...
2026-04-08 01:41:24 | INFO     | app.pricing.models:fit:193 - Training XGBoost component...
2026-04-08 01:41:24 | INFO     | app.pricing.calibration:fit:37 - Isotonic calibrator fitted.
2026-04-08 01:41:24 | INFO     | app.pricing.models:fit:320 - Calibration report: raw_brier=0.0954, cal_brier=0.00749
2026-04-08 01:41:24 | INFO     | app.pricing.models:fit:191 - Training LogisticRegression component...
2026-04-08 01:41:24 | INFO     | app.pricing.models:fit:193 - Training XGBoost component...
2026-04-08 01:41:24 | INFO     | app.pricing.calibration:fit:37 - Isotonic calibrator fitted.
2026-04-08 01:41:24 | INFO     | app.pricing.models:fit:320 - Calibration report: raw_brier=0.0916, cal_brier=0.0
2026-04-08 01:41:24 | INFO     | app.pricing.models:fit:191 - Training LogisticRegression component...
2026-04-08 01:41:24 | INFO     | app.pricing.models:fit:193 - Training XGBoost component...
2026-04-08 01:41:24 | INFO     | app.pricing.calibration:fit:37 - Isotonic calibrator fitted.
2026-04-08 01:41:24 | INFO     | app.pricing.models:fit:320 - Calibration report: raw_brier=0.0848, cal_brier=0.0
2026-04-08 01:41:24 | INFO     | app.pricing.models:fit:191 - Training LogisticRegression component...
2026-04-08 01:41:24 | INFO     | app.pricing.models:fit:193 - Training XGBoost component...
2026-04-08 01:41:24 | INFO     | app.pricing.calibration:fit:37 - Isotonic calibrator fitted.
2026-04-08 01:41:24 | INFO     | app.pricing.models:fit:320 - Calibration report: raw_brier=0.0309, cal_brier=0.0
2026-04-08 01:41:24 | INFO     | app.pricing.models:fit:191 - Training LogisticRegression component...
2026-04-08 01:41:24 | INFO     | app.pricing.models:fit:193 - Training XGBoost component...
2026-04-08 01:41:24 | INFO     | app.pricing.calibration:fit:37 - Isotonic calibrator fitted.
2026-04-08 01:41:24 | INFO     | app.pricing.models:fit:320 - Calibration report: raw_brier=0.0406, cal_brier=0.0
2026-04-08 01:41:24 | INFO     | app.pricing.models:fit:191 - Training LogisticRegression component...
2026-04-08 01:41:24 | INFO     | app.pricing.models:fit:193 - Training XGBoost component...
2026-04-08 01:41:24 | INFO     | app.pricing.calibration:fit:37 - Isotonic calibrator fitted.
2026-04-08 01:41:24 | INFO     | app.pricing.models:fit:320 - Calibration report: raw_brier=0.0533, cal_brier=0.0
2026-04-08 01:41:24 | INFO     | app.pricing.models:fit:191 - Training LogisticRegression component...
2026-04-08 01:41:24 | INFO     | app.pricing.models:fit:193 - Training XGBoost component...
2026-04-08 01:41:24 | INFO     | app.pricing.calibration:fit:37 - Isotonic calibrator fitted.
2026-04-08 01:41:24 | INFO     | app.pricing.models:fit:320 - Calibration report: raw_brier=0.0738, cal_brier=0.00773
2026-04-08 01:41:24 | INFO     | app.pricing.models:fit:191 - Training LogisticRegression component...
2026-04-08 01:41:24 | INFO     | app.pricing.models:fit:193 - Training XGBoost component...
2026-04-08 01:41:24 | INFO     | app.pricing.calibration:fit:37 - Isotonic calibrator fitted.
2026-04-08 01:41:24 | INFO     | app.pricing.models:fit:320 - Calibration report: raw_brier=0.0942, cal_brier=0.0
2026-04-08 01:41:24 | INFO     | app.pricing.models:fit:191 - Training LogisticRegression component...
2026-04-08 01:41:24 | INFO     | app.pricing.models:fit:193 - Training XGBoost component...
2026-04-08 01:41:24 | INFO     | app.pricing.calibration:fit:37 - Isotonic calibrator fitted.
2026-04-08 01:41:24 | INFO     | app.pricing.models:fit:320 - Calibration report: raw_brier=0.1150, cal_brier=0.00889
2026-04-08 01:41:25 | INFO     | app.pricing.models:fit:191 - Training LogisticRegression component...
2026-04-08 01:41:25 | INFO     | app.pricing.models:fit:193 - Training XGBoost component...
2026-04-08 01:41:25 | INFO     | app.pricing.calibration:fit:37 - Isotonic calibrator fitted.
2026-04-08 01:41:25 | INFO     | app.pricing.models:fit:320 - Calibration report: raw_brier=0.1376, cal_brier=0.06542
2026-04-08 01:41:25 | INFO     | app.pricing.models:fit:191 - Training LogisticRegression component...
2026-04-08 01:41:25 | INFO     | app.pricing.models:fit:193 - Training XGBoost component...
2026-04-08 01:41:25 | INFO     | app.pricing.calibration:fit:37 - Isotonic calibrator fitted.
2026-04-08 01:41:25 | INFO     | app.pricing.models:fit:320 - Calibration report: raw_brier=0.1630, cal_brier=0.14324
2026-04-08 01:41:25 | INFO     | app.pricing.models:fit:191 - Training LogisticRegression component...
2026-04-08 01:41:25 | INFO     | app.pricing.models:fit:193 - Training XGBoost component...
2026-04-08 01:41:25 | INFO     | app.pricing.calibration:fit:37 - Isotonic calibrator fitted.
2026-04-08 01:41:25 | INFO     | app.pricing.models:fit:320 - Calibration report: raw_brier=0.1870, cal_brier=0.15574
2026-04-08 01:41:25 | INFO     | app.pricing.models:fit:191 - Training LogisticRegression component...
2026-04-08 01:41:25 | INFO     | app.pricing.models:fit:193 - Training XGBoost component...
2026-04-08 01:41:25 | INFO     | app.pricing.calibration:fit:37 - Isotonic calibrator fitted.
2026-04-08 01:41:25 | INFO     | app.pricing.models:fit:320 - Calibration report: raw_brier=0.1975, cal_brier=0.15873
2026-04-08 01:41:25 | INFO     | app.pricing.models:fit:191 - Training LogisticRegression component...
2026-04-08 01:41:25 | INFO     | app.pricing.models:fit:193 - Training XGBoost component...
2026-04-08 01:41:25 | INFO     | app.pricing.calibration:fit:37 - Isotonic calibrator fitted.
2026-04-08 01:41:25 | INFO     | app.pricing.models:fit:320 - Calibration report: raw_brier=0.2041, cal_brier=0.15576
2026-04-08 01:41:25 | INFO     | app.pricing.models:fit:191 - Training LogisticRegression component...
2026-04-08 01:41:25 | INFO     | app.pricing.models:fit:193 - Training XGBoost component...
2026-04-08 01:41:25 | INFO     | app.pricing.calibration:fit:37 - Isotonic calibrator fitted.
2026-04-08 01:41:25 | INFO     | app.pricing.models:fit:320 - Calibration report: raw_brier=0.2078, cal_brier=0.15432
2026-04-08 01:41:25 | INFO     | app.pricing.models:fit:191 - Training LogisticRegression component...
2026-04-08 01:41:25 | INFO     | app.pricing.models:fit:193 - Training XGBoost component...
2026-04-08 01:41:25 | INFO     | app.pricing.calibration:fit:37 - Isotonic calibrator fitted.
2026-04-08 01:41:25 | INFO     | app.pricing.models:fit:320 - Calibration report: raw_brier=0.2056, cal_brier=0.15291
2026-04-08 01:41:25 | INFO     | app.pricing.models:fit:191 - Training LogisticRegression component...
2026-04-08 01:41:25 | INFO     | app.pricing.models:fit:193 - Training XGBoost component...
2026-04-08 01:41:25 | INFO     | app.pricing.calibration:fit:37 - Isotonic calibrator fitted.
2026-04-08 01:41:25 | INFO     | app.pricing.models:fit:320 - Calibration report: raw_brier=0.1683, cal_brier=0.11482
2026-04-08 01:41:25 | INFO     | app.pricing.models:fit:191 - Training LogisticRegression component...
2026-04-08 01:41:25 | INFO     | app.pricing.models:fit:193 - Training XGBoost component...
2026-04-08 01:41:25 | INFO     | app.pricing.calibration:fit:37 - Isotonic calibrator fitted.
2026-04-08 01:41:25 | INFO     | app.pricing.models:fit:320 - Calibration report: raw_brier=0.1706, cal_brier=0.1138
2026-04-08 01:41:25 | INFO     | app.pricing.models:fit:191 - Training LogisticRegression component...
2026-04-08 01:41:25 | INFO     | app.pricing.models:fit:193 - Training XGBoost component...
2026-04-08 01:41:25 | INFO     | app.pricing.calibration:fit:37 - Isotonic calibrator fitted.
2026-04-08 01:41:25 | INFO     | app.pricing.models:fit:320 - Calibration report: raw_brier=0.1819, cal_brier=0.12911
2026-04-08 01:41:25 | INFO     | app.pricing.models:fit:191 - Training LogisticRegression component...
2026-04-08 01:41:25 | INFO     | app.pricing.models:fit:193 - Training XGBoost component...
2026-04-08 01:41:25 | INFO     | app.pricing.calibration:fit:37 - Isotonic calibrator fitted.
2026-04-08 01:41:25 | INFO     | app.pricing.models:fit:320 - Calibration report: raw_brier=0.2176, cal_brier=0.122
2026-04-08 01:41:25 | INFO     | app.pricing.models:fit:191 - Training LogisticRegression component...
2026-04-08 01:41:25 | INFO     | app.pricing.models:fit:193 - Training XGBoost component...
2026-04-08 01:41:25 | INFO     | app.pricing.calibration:fit:37 - Isotonic calibrator fitted.
2026-04-08 01:41:25 | INFO     | app.pricing.models:fit:320 - Calibration report: raw_brier=0.2446, cal_brier=0.1343
2026-04-08 01:41:25 | INFO     | app.pricing.models:fit:191 - Training LogisticRegression component...
2026-04-08 01:41:25 | INFO     | app.pricing.models:fit:193 - Training XGBoost component...
2026-04-08 01:41:25 | INFO     | app.pricing.calibration:fit:37 - Isotonic calibrator fitted.
2026-04-08 01:41:25 | INFO     | app.pricing.models:fit:320 - Calibration report: raw_brier=0.2383, cal_brier=0.12256
2026-04-08 01:41:25 | INFO     | app.pricing.models:fit:191 - Training LogisticRegression component...
2026-04-08 01:41:25 | INFO     | app.pricing.models:fit:193 - Training XGBoost component...
2026-04-08 01:41:25 | INFO     | app.pricing.calibration:fit:37 - Isotonic calibrator fitted.
2026-04-08 01:41:25 | INFO     | app.pricing.models:fit:320 - Calibration report: raw_brier=0.2142, cal_brier=0.14006
2026-04-08 01:41:25 | INFO     | app.pricing.models:fit:191 - Training LogisticRegression component...
2026-04-08 01:41:25 | INFO     | app.pricing.models:fit:193 - Training XGBoost component...
2026-04-08 01:41:26 | INFO     | app.pricing.calibration:fit:37 - Isotonic calibrator fitted.
2026-04-08 01:41:26 | INFO     | app.pricing.models:fit:320 - Calibration report: raw_brier=0.1990, cal_brier=0.10817
2026-04-08 01:41:26 | INFO     | app.pricing.models:fit:191 - Training LogisticRegression component...
2026-04-08 01:41:26 | INFO     | app.pricing.models:fit:193 - Training XGBoost component...
2026-04-08 01:41:26 | INFO     | app.pricing.calibration:fit:37 - Isotonic calibrator fitted.
2026-04-08 01:41:26 | INFO     | app.pricing.models:fit:320 - Calibration report: raw_brier=0.2093, cal_brier=0.15169
2026-04-08 01:41:26 | INFO     | app.pricing.models:fit:191 - Training LogisticRegression component...
2026-04-08 01:41:26 | INFO     | app.pricing.models:fit:193 - Training XGBoost component...
2026-04-08 01:41:26 | INFO     | app.pricing.calibration:fit:37 - Isotonic calibrator fitted.
2026-04-08 01:41:26 | INFO     | app.pricing.models:fit:320 - Calibration report: raw_brier=0.2303, cal_brier=0.17075
2026-04-08 01:41:26 | INFO     | app.pricing.models:fit:191 - Training LogisticRegression component...
2026-04-08 01:41:26 | INFO     | app.pricing.models:fit:193 - Training XGBoost component...
2026-04-08 01:41:26 | INFO     | app.pricing.calibration:fit:37 - Isotonic calibrator fitted.
2026-04-08 01:41:26 | INFO     | app.pricing.models:fit:320 - Calibration report: raw_brier=0.2086, cal_brier=0.1335
2026-04-08 01:41:26 | INFO     | app.pricing.models:fit:191 - Training LogisticRegression component...
2026-04-08 01:41:26 | INFO     | app.pricing.models:fit:193 - Training XGBoost component...
2026-04-08 01:41:26 | INFO     | app.pricing.calibration:fit:37 - Isotonic calibrator fitted.
2026-04-08 01:41:26 | INFO     | app.pricing.models:fit:320 - Calibration report: raw_brier=0.2004, cal_brier=0.12228
2026-04-08 01:41:26 | INFO     | app.pricing.models:fit:191 - Training LogisticRegression component...
2026-04-08 01:41:26 | INFO     | app.pricing.models:fit:193 - Training XGBoost component...
2026-04-08 01:41:26 | INFO     | app.pricing.calibration:fit:37 - Isotonic calibrator fitted.
2026-04-08 01:41:26 | INFO     | app.pricing.models:fit:320 - Calibration report: raw_brier=0.1925, cal_brier=0.13244
2026-04-08 01:41:26 | INFO     | app.pricing.models:fit:191 - Training LogisticRegression component...
2026-04-08 01:41:26 | INFO     | app.pricing.models:fit:193 - Training XGBoost component...
2026-04-08 01:41:26 | INFO     | app.pricing.calibration:fit:37 - Isotonic calibrator fitted.
2026-04-08 01:41:26 | INFO     | app.pricing.models:fit:320 - Calibration report: raw_brier=0.2339, cal_brier=0.14874
2026-04-08 01:41:26 | INFO     | app.pricing.models:fit:191 - Training LogisticRegression component...
2026-04-08 01:41:26 | INFO     | app.pricing.models:fit:193 - Training XGBoost component...
2026-04-08 01:41:26 | INFO     | app.pricing.calibration:fit:37 - Isotonic calibrator fitted.
2026-04-08 01:41:26 | INFO     | app.pricing.models:fit:320 - Calibration report: raw_brier=0.2833, cal_brier=0.15346
2026-04-08 01:41:26 | INFO     | app.pricing.models:fit:191 - Training LogisticRegression component...
2026-04-08 01:41:26 | INFO     | app.pricing.models:fit:193 - Training XGBoost component...
2026-04-08 01:41:26 | INFO     | app.pricing.calibration:fit:37 - Isotonic calibrator fitted.
2026-04-08 01:41:26 | INFO     | app.pricing.models:fit:320 - Calibration report: raw_brier=0.3282, cal_brier=0.14419
2026-04-08 01:41:26 | INFO     | app.pricing.models:fit:191 - Training LogisticRegression component...
2026-04-08 01:41:26 | INFO     | app.pricing.models:fit:193 - Training XGBoost component...
2026-04-08 01:41:26 | INFO     | app.pricing.calibration:fit:37 - Isotonic calibrator fitted.
2026-04-08 01:41:26 | INFO     | app.pricing.models:fit:320 - Calibration report: raw_brier=0.2638, cal_brier=0.10223
2026-04-08 01:41:26 | INFO     | app.pricing.models:fit:191 - Training LogisticRegression component...
2026-04-08 01:41:26 | INFO     | app.pricing.models:fit:193 - Training XGBoost component...
2026-04-08 01:41:26 | INFO     | app.pricing.calibration:fit:37 - Isotonic calibrator fitted.
2026-04-08 01:41:26 | INFO     | app.pricing.models:fit:320 - Calibration report: raw_brier=0.1943, cal_brier=0.06264
2026-04-08 01:41:26 | INFO     | app.pricing.models:fit:191 - Training LogisticRegression component...
2026-04-08 01:41:26 | INFO     | app.pricing.models:fit:193 - Training XGBoost component...
2026-04-08 01:41:26 | INFO     | app.pricing.calibration:fit:37 - Isotonic calibrator fitted.
2026-04-08 01:41:26 | INFO     | app.pricing.models:fit:320 - Calibration report: raw_brier=0.2165, cal_brier=0.07214
2026-04-08 01:41:26 | INFO     | app.pricing.models:fit:191 - Training LogisticRegression component...
2026-04-08 01:41:26 | INFO     | app.pricing.models:fit:193 - Training XGBoost component...
2026-04-08 01:41:26 | INFO     | app.pricing.calibration:fit:37 - Isotonic calibrator fitted.
2026-04-08 01:41:26 | INFO     | app.pricing.models:fit:320 - Calibration report: raw_brier=0.2484, cal_brier=0.07363
2026-04-08 01:41:26 | INFO     | app.pricing.models:fit:191 - Training LogisticRegression component...
2026-04-08 01:41:26 | INFO     | app.pricing.models:fit:193 - Training XGBoost component...
2026-04-08 01:41:26 | INFO     | app.pricing.calibration:fit:37 - Isotonic calibrator fitted.
2026-04-08 01:41:26 | INFO     | app.pricing.models:fit:320 - Calibration report: raw_brier=0.2725, cal_brier=0.07083
2026-04-08 01:41:26 | INFO     | app.pricing.models:fit:191 - Training LogisticRegression component...
2026-04-08 01:41:26 | INFO     | app.pricing.models:fit:193 - Training XGBoost component...
2026-04-08 01:41:27 | INFO     | app.pricing.calibration:fit:37 - Isotonic calibrator fitted.
2026-04-08 01:41:27 | INFO     | app.pricing.models:fit:320 - Calibration report: raw_brier=0.2989, cal_brier=0.09641
2026-04-08 01:41:27 | INFO     | app.pricing.models:fit:191 - Training LogisticRegression component...
2026-04-08 01:41:27 | INFO     | app.pricing.models:fit:193 - Training XGBoost component...
2026-04-08 01:41:27 | INFO     | app.pricing.calibration:fit:37 - Isotonic calibrator fitted.
2026-04-08 01:41:27 | INFO     | app.pricing.models:fit:320 - Calibration report: raw_brier=0.3297, cal_brier=0.15748
2026-04-08 01:41:27 | INFO     | app.pricing.models:fit:191 - Training LogisticRegression component...
2026-04-08 01:41:27 | INFO     | app.pricing.models:fit:193 - Training XGBoost component...
2026-04-08 01:41:27 | INFO     | app.pricing.calibration:fit:37 - Isotonic calibrator fitted.
2026-04-08 01:41:27 | INFO     | app.pricing.models:fit:320 - Calibration report: raw_brier=0.3336, cal_brier=0.17491
2026-04-08 01:41:27 | INFO     | app.pricing.models:fit:191 - Training LogisticRegression component...
2026-04-08 01:41:27 | INFO     | app.pricing.models:fit:193 - Training XGBoost component...
2026-04-08 01:41:27 | INFO     | app.pricing.calibration:fit:37 - Isotonic calibrator fitted.
2026-04-08 01:41:27 | INFO     | app.pricing.models:fit:320 - Calibration report: raw_brier=0.3286, cal_brier=0.18187
2026-04-08 01:41:27 | INFO     | app.pricing.models:fit:191 - Training LogisticRegression component...
2026-04-08 01:41:27 | INFO     | app.pricing.models:fit:193 - Training XGBoost component...
2026-04-08 01:41:27 | INFO     | app.pricing.calibration:fit:37 - Isotonic calibrator fitted.
2026-04-08 01:41:27 | INFO     | app.pricing.models:fit:320 - Calibration report: raw_brier=0.3224, cal_brier=0.17179
2026-04-08 01:41:27 | INFO     | app.pricing.models:fit:191 - Training LogisticRegression component...
2026-04-08 01:41:27 | INFO     | app.pricing.models:fit:193 - Training XGBoost component...
2026-04-08 01:41:27 | INFO     | app.pricing.calibration:fit:37 - Isotonic calibrator fitted.
2026-04-08 01:41:27 | INFO     | app.pricing.models:fit:320 - Calibration report: raw_brier=0.3179, cal_brier=0.16403
2026-04-08 01:41:27 | INFO     | app.pricing.models:fit:191 - Training LogisticRegression component...
2026-04-08 01:41:27 | INFO     | app.pricing.models:fit:193 - Training XGBoost component...
2026-04-08 01:41:27 | INFO     | app.pricing.calibration:fit:37 - Isotonic calibrator fitted.
2026-04-08 01:41:27 | INFO     | app.pricing.models:fit:320 - Calibration report: raw_brier=0.3255, cal_brier=0.14005
2026-04-08 01:41:27 | INFO     | app.pricing.models:fit:191 - Training LogisticRegression component...
2026-04-08 01:41:27 | INFO     | app.pricing.models:fit:193 - Training XGBoost component...
2026-04-08 01:41:27 | INFO     | app.pricing.calibration:fit:37 - Isotonic calibrator fitted.
2026-04-08 01:41:27 | INFO     | app.pricing.models:fit:320 - Calibration report: raw_brier=0.3398, cal_brier=0.13862
2026-04-08 01:41:27 | INFO     | app.pricing.models:fit:191 - Training LogisticRegression component...
2026-04-08 01:41:27 | INFO     | app.pricing.models:fit:193 - Training XGBoost component...
2026-04-08 01:41:27 | INFO     | app.pricing.calibration:fit:37 - Isotonic calibrator fitted.
2026-04-08 01:41:27 | INFO     | app.pricing.models:fit:320 - Calibration report: raw_brier=0.3293, cal_brier=0.14525
2026-04-08 01:41:27 | INFO     | app.pricing.models:fit:191 - Training LogisticRegression component...
2026-04-08 01:41:27 | INFO     | app.pricing.models:fit:193 - Training XGBoost component...
2026-04-08 01:41:27 | INFO     | app.pricing.calibration:fit:37 - Isotonic calibrator fitted.
2026-04-08 01:41:27 | INFO     | app.pricing.models:fit:320 - Calibration report: raw_brier=0.3263, cal_brier=0.17204
2026-04-08 01:41:27 | INFO     | app.pricing.models:fit:191 - Training LogisticRegression component...
2026-04-08 01:41:27 | INFO     | app.pricing.models:fit:193 - Training XGBoost component...
2026-04-08 01:41:27 | INFO     | app.pricing.calibration:fit:37 - Isotonic calibrator fitted.
2026-04-08 01:41:27 | INFO     | app.pricing.models:fit:320 - Calibration report: raw_brier=0.3213, cal_brier=0.1878
2026-04-08 01:41:27 | INFO     | app.pricing.models:fit:191 - Training LogisticRegression component...
2026-04-08 01:41:27 | INFO     | app.pricing.models:fit:193 - Training XGBoost component...
2026-04-08 01:41:27 | INFO     | app.pricing.calibration:fit:37 - Isotonic calibrator fitted.
2026-04-08 01:41:27 | INFO     | app.pricing.models:fit:320 - Calibration report: raw_brier=0.3406, cal_brier=0.20791
2026-04-08 01:41:27 | INFO     | app.pricing.models:fit:191 - Training LogisticRegression component...
2026-04-08 01:41:27 | INFO     | app.pricing.models:fit:193 - Training XGBoost component...
2026-04-08 01:41:28 | INFO     | app.pricing.calibration:fit:37 - Isotonic calibrator fitted.
2026-04-08 01:41:28 | INFO     | app.pricing.models:fit:320 - Calibration report: raw_brier=0.3087, cal_brier=0.21881
2026-04-08 01:41:28 | INFO     | app.pricing.models:fit:191 - Training LogisticRegression component...
2026-04-08 01:41:28 | INFO     | app.pricing.models:fit:193 - Training XGBoost component...
2026-04-08 01:41:28 | INFO     | app.pricing.calibration:fit:37 - Isotonic calibrator fitted.
2026-04-08 01:41:28 | INFO     | app.pricing.models:fit:320 - Calibration report: raw_brier=0.3283, cal_brier=0.21754
2026-04-08 01:41:28 | INFO     | app.pricing.models:fit:191 - Training LogisticRegression component...
2026-04-08 01:41:28 | INFO     | app.pricing.models:fit:193 - Training XGBoost component...
2026-04-08 01:41:28 | INFO     | app.pricing.calibration:fit:37 - Isotonic calibrator fitted.
2026-04-08 01:41:28 | INFO     | app.pricing.models:fit:320 - Calibration report: raw_brier=0.3423, cal_brier=0.21654
2026-04-08 01:41:28 | INFO     | app.pricing.models:fit:191 - Training LogisticRegression component...
2026-04-08 01:41:28 | INFO     | app.pricing.models:fit:193 - Training XGBoost component...
2026-04-08 01:41:28 | INFO     | app.pricing.calibration:fit:37 - Isotonic calibrator fitted.
2026-04-08 01:41:28 | INFO     | app.pricing.models:fit:320 - Calibration report: raw_brier=0.3356, cal_brier=0.20076
2026-04-08 01:41:28 | INFO     | app.pricing.models:fit:191 - Training LogisticRegression component...
2026-04-08 01:41:28 | INFO     | app.pricing.models:fit:193 - Training XGBoost component...
2026-04-08 01:41:28 | INFO     | app.pricing.calibration:fit:37 - Isotonic calibrator fitted.
2026-04-08 01:41:28 | INFO     | app.pricing.models:fit:320 - Calibration report: raw_brier=0.3358, cal_brier=0.19881
2026-04-08 01:41:28 | INFO     | app.pricing.models:fit:191 - Training LogisticRegression component...
2026-04-08 01:41:28 | INFO     | app.pricing.models:fit:193 - Training XGBoost component...
2026-04-08 01:41:28 | INFO     | app.pricing.calibration:fit:37 - Isotonic calibrator fitted.
2026-04-08 01:41:28 | INFO     | app.pricing.models:fit:320 - Calibration report: raw_brier=0.3344, cal_brier=0.19895
2026-04-08 01:41:28 | INFO     | app.pricing.models:fit:191 - Training LogisticRegression component...
2026-04-08 01:41:28 | INFO     | app.pricing.models:fit:193 - Training XGBoost component...
2026-04-08 01:41:28 | INFO     | app.pricing.calibration:fit:37 - Isotonic calibrator fitted.
2026-04-08 01:41:28 | INFO     | app.pricing.models:fit:320 - Calibration report: raw_brier=0.2667, cal_brier=0.20367
2026-04-08 01:41:28 | INFO     | app.pricing.models:fit:191 - Training LogisticRegression component...
2026-04-08 01:41:28 | INFO     | app.pricing.models:fit:193 - Training XGBoost component...
2026-04-08 01:41:28 | INFO     | app.pricing.calibration:fit:37 - Isotonic calibrator fitted.
2026-04-08 01:41:28 | INFO     | app.pricing.models:fit:320 - Calibration report: raw_brier=0.2438, cal_brier=0.18928
2026-04-08 01:41:28 | INFO     | app.pricing.models:fit:191 - Training LogisticRegression component...
2026-04-08 01:41:28 | INFO     | app.pricing.models:fit:193 - Training XGBoost component...
2026-04-08 01:41:28 | INFO     | app.pricing.calibration:fit:37 - Isotonic calibrator fitted.
2026-04-08 01:41:28 | INFO     | app.pricing.models:fit:320 - Calibration report: raw_brier=0.2628, cal_brier=0.19066
2026-04-08 01:41:28 | INFO     | app.pricing.models:fit:191 - Training LogisticRegression component...
2026-04-08 01:41:28 | INFO     | app.pricing.models:fit:193 - Training XGBoost component...
2026-04-08 01:41:28 | INFO     | app.pricing.calibration:fit:37 - Isotonic calibrator fitted.
2026-04-08 01:41:28 | INFO     | app.pricing.models:fit:320 - Calibration report: raw_brier=0.2969, cal_brier=0.20057
2026-04-08 01:41:28 | INFO     | app.pricing.models:fit:191 - Training LogisticRegression component...
2026-04-08 01:41:28 | INFO     | app.pricing.models:fit:193 - Training XGBoost component...
2026-04-08 01:41:28 | INFO     | app.pricing.calibration:fit:37 - Isotonic calibrator fitted.
2026-04-08 01:41:28 | INFO     | app.pricing.models:fit:320 - Calibration report: raw_brier=0.3339, cal_brier=0.21486
2026-04-08 01:41:28 | INFO     | app.pricing.models:fit:191 - Training LogisticRegression component...
2026-04-08 01:41:28 | INFO     | app.pricing.models:fit:193 - Training XGBoost component...
2026-04-08 01:41:28 | INFO     | app.pricing.calibration:fit:37 - Isotonic calibrator fitted.
2026-04-08 01:41:28 | INFO     | app.pricing.models:fit:320 - Calibration report: raw_brier=0.3597, cal_brier=0.22597
2026-04-08 01:41:28 | INFO     | app.pricing.models:fit:191 - Training LogisticRegression component...
2026-04-08 01:41:28 | INFO     | app.pricing.models:fit:193 - Training XGBoost component...
2026-04-08 01:41:29 | INFO     | app.pricing.calibration:fit:37 - Isotonic calibrator fitted.
2026-04-08 01:41:29 | INFO     | app.pricing.models:fit:320 - Calibration report: raw_brier=0.3884, cal_brier=0.23716
2026-04-08 01:41:29 | INFO     | app.pricing.models:fit:191 - Training LogisticRegression component...
2026-04-08 01:41:29 | INFO     | app.pricing.models:fit:193 - Training XGBoost component...
2026-04-08 01:41:29 | INFO     | app.pricing.calibration:fit:37 - Isotonic calibrator fitted.
2026-04-08 01:41:29 | INFO     | app.pricing.models:fit:320 - Calibration report: raw_brier=0.3599, cal_brier=0.2311
2026-04-08 01:41:29 | INFO     | app.pricing.models:fit:191 - Training LogisticRegression component...
2026-04-08 01:41:29 | INFO     | app.pricing.models:fit:193 - Training XGBoost component...
2026-04-08 01:41:29 | INFO     | app.pricing.calibration:fit:37 - Isotonic calibrator fitted.
2026-04-08 01:41:29 | INFO     | app.pricing.models:fit:320 - Calibration report: raw_brier=0.3569, cal_brier=0.2262
2026-04-08 01:41:29 | INFO     | app.pricing.models:fit:191 - Training LogisticRegression component...
2026-04-08 01:41:29 | INFO     | app.pricing.models:fit:193 - Training XGBoost component...
2026-04-08 01:41:29 | INFO     | app.pricing.calibration:fit:37 - Isotonic calibrator fitted.
2026-04-08 01:41:29 | INFO     | app.pricing.models:fit:320 - Calibration report: raw_brier=0.3517, cal_brier=0.22783
2026-04-08 01:41:29 | INFO     | app.pricing.models:fit:191 - Training LogisticRegression component...
2026-04-08 01:41:29 | INFO     | app.pricing.models:fit:193 - Training XGBoost component...
2026-04-08 01:41:29 | INFO     | app.pricing.calibration:fit:37 - Isotonic calibrator fitted.
2026-04-08 01:41:29 | INFO     | app.pricing.models:fit:320 - Calibration report: raw_brier=0.3504, cal_brier=0.23199
2026-04-08 01:41:29 | INFO     | app.pricing.models:fit:191 - Training LogisticRegression component...
2026-04-08 01:41:29 | INFO     | app.pricing.models:fit:193 - Training XGBoost component...
2026-04-08 01:41:29 | INFO     | app.pricing.calibration:fit:37 - Isotonic calibrator fitted.
2026-04-08 01:41:29 | INFO     | app.pricing.models:fit:320 - Calibration report: raw_brier=0.3572, cal_brier=0.23853
2026-04-08 01:41:29 | INFO     | app.pricing.models:fit:191 - Training LogisticRegression component...
2026-04-08 01:41:29 | INFO     | app.pricing.models:fit:193 - Training XGBoost component...
2026-04-08 01:41:29 | INFO     | app.pricing.calibration:fit:37 - Isotonic calibrator fitted.
2026-04-08 01:41:29 | INFO     | app.pricing.models:fit:320 - Calibration report: raw_brier=0.3608, cal_brier=0.23965
2026-04-08 01:41:29 | INFO     | app.pricing.models:fit:191 - Training LogisticRegression component...
2026-04-08 01:41:29 | INFO     | app.pricing.models:fit:193 - Training XGBoost component...
2026-04-08 01:41:29 | INFO     | app.pricing.calibration:fit:37 - Isotonic calibrator fitted.
2026-04-08 01:41:29 | INFO     | app.pricing.models:fit:320 - Calibration report: raw_brier=0.3392, cal_brier=0.23118
2026-04-08 01:41:29 | INFO     | app.pricing.models:fit:191 - Training LogisticRegression component...
2026-04-08 01:41:29 | INFO     | app.pricing.models:fit:193 - Training XGBoost component...
2026-04-08 01:41:29 | INFO     | app.pricing.calibration:fit:37 - Isotonic calibrator fitted.
2026-04-08 01:41:29 | INFO     | app.pricing.models:fit:320 - Calibration report: raw_brier=0.3128, cal_brier=0.21844
2026-04-08 01:41:29 | INFO     | app.pricing.models:fit:191 - Training LogisticRegression component...
2026-04-08 01:41:29 | INFO     | app.pricing.models:fit:193 - Training XGBoost component...
2026-04-08 01:41:29 | INFO     | app.pricing.calibration:fit:37 - Isotonic calibrator fitted.
2026-04-08 01:41:29 | INFO     | app.pricing.models:fit:320 - Calibration report: raw_brier=0.3176, cal_brier=0.20871
2026-04-08 01:41:29 | INFO     | app.pricing.models:fit:191 - Training LogisticRegression component...
2026-04-08 01:41:29 | INFO     | app.pricing.models:fit:193 - Training XGBoost component...
2026-04-08 01:41:29 | INFO     | app.pricing.calibration:fit:37 - Isotonic calibrator fitted.
2026-04-08 01:41:29 | INFO     | app.pricing.models:fit:320 - Calibration report: raw_brier=0.3328, cal_brier=0.21001
2026-04-08 01:41:29 | INFO     | app.pricing.models:fit:191 - Training LogisticRegression component...
2026-04-08 01:41:29 | INFO     | app.pricing.models:fit:193 - Training XGBoost component...
2026-04-08 01:41:29 | INFO     | app.pricing.calibration:fit:37 - Isotonic calibrator fitted.
2026-04-08 01:41:29 | INFO     | app.pricing.models:fit:320 - Calibration report: raw_brier=0.3545, cal_brier=0.22035
2026-04-08 01:41:29 | INFO     | app.pricing.models:fit:191 - Training LogisticRegression component...
2026-04-08 01:41:29 | INFO     | app.pricing.models:fit:193 - Training XGBoost component...
2026-04-08 01:41:30 | INFO     | app.pricing.calibration:fit:37 - Isotonic calibrator fitted.
2026-04-08 01:41:30 | INFO     | app.pricing.models:fit:320 - Calibration report: raw_brier=0.3739, cal_brier=0.22261
2026-04-08 01:41:30 | INFO     | app.pricing.models:fit:191 - Training LogisticRegression component...
2026-04-08 01:41:30 | INFO     | app.pricing.models:fit:193 - Training XGBoost component...
2026-04-08 01:41:30 | INFO     | app.pricing.calibration:fit:37 - Isotonic calibrator fitted.
2026-04-08 01:41:30 | INFO     | app.pricing.models:fit:320 - Calibration report: raw_brier=0.4039, cal_brier=0.22026
2026-04-08 01:41:30 | INFO     | app.pricing.models:fit:191 - Training LogisticRegression component...
2026-04-08 01:41:30 | INFO     | app.pricing.models:fit:193 - Training XGBoost component...
2026-04-08 01:41:30 | INFO     | app.pricing.calibration:fit:37 - Isotonic calibrator fitted.
2026-04-08 01:41:30 | INFO     | app.pricing.models:fit:320 - Calibration report: raw_brier=0.4141, cal_brier=0.22592
2026-04-08 01:41:30 | INFO     | app.pricing.models:fit:191 - Training LogisticRegression component...
2026-04-08 01:41:30 | INFO     | app.pricing.models:fit:193 - Training XGBoost component...
2026-04-08 01:41:30 | INFO     | app.pricing.calibration:fit:37 - Isotonic calibrator fitted.
2026-04-08 01:41:30 | INFO     | app.pricing.models:fit:320 - Calibration report: raw_brier=0.4253, cal_brier=0.23622
2026-04-08 01:41:30 | INFO     | app.pricing.models:fit:191 - Training LogisticRegression component...
2026-04-08 01:41:30 | INFO     | app.pricing.models:fit:193 - Training XGBoost component...
2026-04-08 01:41:30 | INFO     | app.pricing.calibration:fit:37 - Isotonic calibrator fitted.
2026-04-08 01:41:30 | INFO     | app.pricing.models:fit:320 - Calibration report: raw_brier=0.4249, cal_brier=0.24543
2026-04-08 01:41:30 | INFO     | app.pricing.models:fit:191 - Training LogisticRegression component...
2026-04-08 01:41:30 | INFO     | app.pricing.models:fit:193 - Training XGBoost component...
2026-04-08 01:41:30 | INFO     | app.pricing.calibration:fit:37 - Isotonic calibrator fitted.
2026-04-08 01:41:30 | INFO     | app.pricing.models:fit:320 - Calibration report: raw_brier=0.3412, cal_brier=0.24721
2026-04-08 01:41:30 | INFO     | app.pricing.models:fit:191 - Training LogisticRegression component...
2026-04-08 01:41:30 | INFO     | app.pricing.models:fit:193 - Training XGBoost component...
2026-04-08 01:41:30 | INFO     | app.pricing.calibration:fit:37 - Isotonic calibrator fitted.
2026-04-08 01:41:30 | INFO     | app.pricing.models:fit:320 - Calibration report: raw_brier=0.3540, cal_brier=0.24503
2026-04-08 01:41:30 | INFO     | app.pricing.models:fit:191 - Training LogisticRegression component...
2026-04-08 01:41:30 | INFO     | app.pricing.models:fit:193 - Training XGBoost component...
2026-04-08 01:41:30 | INFO     | app.pricing.calibration:fit:37 - Isotonic calibrator fitted.
2026-04-08 01:41:30 | INFO     | app.pricing.models:fit:320 - Calibration report: raw_brier=0.3708, cal_brier=0.24118
2026-04-08 01:41:30 | INFO     | app.pricing.models:fit:191 - Training LogisticRegression component...
2026-04-08 01:41:30 | INFO     | app.pricing.models:fit:193 - Training XGBoost component...
2026-04-08 01:41:30 | INFO     | app.pricing.calibration:fit:37 - Isotonic calibrator fitted.
2026-04-08 01:41:30 | INFO     | app.pricing.models:fit:320 - Calibration report: raw_brier=0.3563, cal_brier=0.23147
2026-04-08 01:41:30 | INFO     | app.pricing.models:fit:191 - Training LogisticRegression component...
2026-04-08 01:41:31 | INFO     | app.pricing.models:fit:193 - Training XGBoost component...
2026-04-08 01:41:31 | INFO     | app.pricing.calibration:fit:37 - Isotonic calibrator fitted.
2026-04-08 01:41:31 | INFO     | app.pricing.models:fit:320 - Calibration report: raw_brier=0.3298, cal_brier=0.2252
2026-04-08 01:41:31 | INFO     | app.pricing.models:fit:191 - Training LogisticRegression component...
2026-04-08 01:41:31 | INFO     | app.pricing.models:fit:193 - Training XGBoost component...
2026-04-08 01:41:31 | INFO     | app.pricing.calibration:fit:37 - Isotonic calibrator fitted.
2026-04-08 01:41:31 | INFO     | app.pricing.models:fit:320 - Calibration report: raw_brier=0.3185, cal_brier=0.21967
2026-04-08 01:41:31 | INFO     | app.pricing.models:fit:191 - Training LogisticRegression component...
2026-04-08 01:41:31 | INFO     | app.pricing.models:fit:193 - Training XGBoost component...
2026-04-08 01:41:31 | INFO     | app.pricing.calibration:fit:37 - Isotonic calibrator fitted.
2026-04-08 01:41:31 | INFO     | app.pricing.models:fit:320 - Calibration report: raw_brier=0.3053, cal_brier=0.22352
2026-04-08 01:41:31 | INFO     | app.pricing.models:fit:191 - Training LogisticRegression component...
2026-04-08 01:41:31 | INFO     | app.pricing.models:fit:193 - Training XGBoost component...
2026-04-08 01:41:31 | INFO     | app.pricing.calibration:fit:37 - Isotonic calibrator fitted.
2026-04-08 01:41:31 | INFO     | app.pricing.models:fit:320 - Calibration report: raw_brier=0.3195, cal_brier=0.2325
2026-04-08 01:41:31 | INFO     | app.pricing.models:fit:191 - Training LogisticRegression component...
2026-04-08 01:41:31 | INFO     | app.pricing.models:fit:193 - Training XGBoost component...
2026-04-08 01:41:31 | INFO     | app.pricing.calibration:fit:37 - Isotonic calibrator fitted.
2026-04-08 01:41:31 | INFO     | app.pricing.models:fit:320 - Calibration report: raw_brier=0.3456, cal_brier=0.22477
2026-04-08 01:41:31 | INFO     | app.pricing.models:fit:191 - Training LogisticRegression component...
2026-04-08 01:41:31 | INFO     | app.pricing.models:fit:193 - Training XGBoost component...
2026-04-08 01:41:31 | INFO     | app.pricing.calibration:fit:37 - Isotonic calibrator fitted.
2026-04-08 01:41:31 | INFO     | app.pricing.models:fit:320 - Calibration report: raw_brier=0.3570, cal_brier=0.22394
2026-04-08 01:41:31 | INFO     | app.pricing.models:fit:191 - Training LogisticRegression component...
2026-04-08 01:41:31 | INFO     | app.pricing.models:fit:193 - Training XGBoost component...
2026-04-08 01:41:31 | INFO     | app.pricing.calibration:fit:37 - Isotonic calibrator fitted.
2026-04-08 01:41:31 | INFO     | app.pricing.models:fit:320 - Calibration report: raw_brier=0.3456, cal_brier=0.22095
2026-04-08 01:41:31 | INFO     | app.pricing.models:fit:191 - Training LogisticRegression component...
2026-04-08 01:41:31 | INFO     | app.pricing.models:fit:193 - Training XGBoost component...
2026-04-08 01:41:31 | INFO     | app.pricing.calibration:fit:37 - Isotonic calibrator fitted.
2026-04-08 01:41:31 | INFO     | app.pricing.models:fit:320 - Calibration report: raw_brier=0.3578, cal_brier=0.22758
2026-04-08 01:41:31 | INFO     | app.pricing.models:fit:191 - Training LogisticRegression component...
2026-04-08 01:41:31 | INFO     | app.pricing.models:fit:193 - Training XGBoost component...
2026-04-08 01:41:31 | INFO     | app.pricing.calibration:fit:37 - Isotonic calibrator fitted.
2026-04-08 01:41:31 | INFO     | app.pricing.models:fit:320 - Calibration report: raw_brier=0.3515, cal_brier=0.22151
2026-04-08 01:41:31 | INFO     | app.pricing.models:fit:191 - Training LogisticRegression component...
2026-04-08 01:41:31 | INFO     | app.pricing.models:fit:193 - Training XGBoost component...
2026-04-08 01:41:31 | INFO     | app.pricing.calibration:fit:37 - Isotonic calibrator fitted.
2026-04-08 01:41:31 | INFO     | app.pricing.models:fit:320 - Calibration report: raw_brier=0.3331, cal_brier=0.21945
2026-04-08 01:41:31 | INFO     | app.pricing.models:fit:191 - Training LogisticRegression component...
2026-04-08 01:41:31 | INFO     | app.pricing.models:fit:193 - Training XGBoost component...
2026-04-08 01:41:31 | INFO     | app.pricing.calibration:fit:37 - Isotonic calibrator fitted.
2026-04-08 01:41:31 | INFO     | app.pricing.models:fit:320 - Calibration report: raw_brier=0.3165, cal_brier=0.22367
2026-04-08 01:41:31 | INFO     | app.pricing.models:fit:191 - Training LogisticRegression component...
2026-04-08 01:41:32 | INFO     | app.pricing.models:fit:193 - Training XGBoost component...
2026-04-08 01:41:32 | INFO     | app.pricing.calibration:fit:37 - Isotonic calibrator fitted.
2026-04-08 01:41:32 | INFO     | app.pricing.models:fit:320 - Calibration report: raw_brier=0.2989, cal_brier=0.21505
2026-04-08 01:41:32 | INFO     | app.pricing.models:fit:191 - Training LogisticRegression component...
2026-04-08 01:41:32 | INFO     | app.pricing.models:fit:193 - Training XGBoost component...
2026-04-08 01:41:32 | INFO     | app.pricing.calibration:fit:37 - Isotonic calibrator fitted.
2026-04-08 01:41:32 | INFO     | app.pricing.models:fit:320 - Calibration report: raw_brier=0.2737, cal_brier=0.2088
2026-04-08 01:41:32 | INFO     | app.pricing.models:fit:191 - Training LogisticRegression component...
2026-04-08 01:41:32 | INFO     | app.pricing.models:fit:193 - Training XGBoost component...
2026-04-08 01:41:32 | INFO     | app.pricing.calibration:fit:37 - Isotonic calibrator fitted.
2026-04-08 01:41:32 | INFO     | app.pricing.models:fit:320 - Calibration report: raw_brier=0.2504, cal_brier=0.19885
2026-04-08 01:41:32 | INFO     | app.pricing.models:fit:191 - Training LogisticRegression component...
2026-04-08 01:41:32 | INFO     | app.pricing.models:fit:193 - Training XGBoost component...
2026-04-08 01:41:32 | INFO     | app.pricing.calibration:fit:37 - Isotonic calibrator fitted.
2026-04-08 01:41:32 | INFO     | app.pricing.models:fit:320 - Calibration report: raw_brier=0.2458, cal_brier=0.19777
2026-04-08 01:41:32 | INFO     | app.pricing.models:fit:191 - Training LogisticRegression component...
2026-04-08 01:41:32 | INFO     | app.pricing.models:fit:193 - Training XGBoost component...
2026-04-08 01:41:32 | INFO     | app.pricing.calibration:fit:37 - Isotonic calibrator fitted.
2026-04-08 01:41:32 | INFO     | app.pricing.models:fit:320 - Calibration report: raw_brier=0.2530, cal_brier=0.20213
2026-04-08 01:41:32 | INFO     | app.pricing.models:fit:191 - Training LogisticRegression component...
2026-04-08 01:41:32 | INFO     | app.pricing.models:fit:193 - Training XGBoost component...
2026-04-08 01:41:32 | INFO     | app.pricing.calibration:fit:37 - Isotonic calibrator fitted.
2026-04-08 01:41:32 | INFO     | app.pricing.models:fit:320 - Calibration report: raw_brier=0.2285, cal_brier=0.1666
2026-04-08 01:41:32 | INFO     | app.pricing.models:fit:191 - Training LogisticRegression component...
2026-04-08 01:41:32 | INFO     | app.pricing.models:fit:193 - Training XGBoost component...
2026-04-08 01:41:32 | INFO     | app.pricing.calibration:fit:37 - Isotonic calibrator fitted.
2026-04-08 01:41:32 | INFO     | app.pricing.models:fit:320 - Calibration report: raw_brier=0.2279, cal_brier=0.17258
2026-04-08 01:41:32 | INFO     | app.pricing.models:fit:191 - Training LogisticRegression component...
2026-04-08 01:41:32 | INFO     | app.pricing.models:fit:193 - Training XGBoost component...
2026-04-08 01:41:32 | INFO     | app.pricing.calibration:fit:37 - Isotonic calibrator fitted.
2026-04-08 01:41:32 | INFO     | app.pricing.models:fit:320 - Calibration report: raw_brier=0.2259, cal_brier=0.16624
2026-04-08 01:41:32 | INFO     | app.pricing.models:fit:191 - Training LogisticRegression component...
2026-04-08 01:41:32 | INFO     | app.pricing.models:fit:193 - Training XGBoost component...
2026-04-08 01:41:32 | INFO     | app.pricing.calibration:fit:37 - Isotonic calibrator fitted.
2026-04-08 01:41:32 | INFO     | app.pricing.models:fit:320 - Calibration report: raw_brier=0.2318, cal_brier=0.18078
2026-04-08 01:41:32 | INFO     | app.pricing.models:fit:191 - Training LogisticRegression component...
2026-04-08 01:41:32 | INFO     | app.pricing.models:fit:193 - Training XGBoost component...
2026-04-08 01:41:32 | INFO     | app.pricing.calibration:fit:37 - Isotonic calibrator fitted.
2026-04-08 01:41:32 | INFO     | app.pricing.models:fit:320 - Calibration report: raw_brier=0.2442, cal_brier=0.19977
2026-04-08 01:41:32 | INFO     | app.pricing.models:fit:191 - Training LogisticRegression component...
2026-04-08 01:41:32 | INFO     | app.pricing.models:fit:193 - Training XGBoost component...
2026-04-08 01:41:32 | INFO     | app.pricing.calibration:fit:37 - Isotonic calibrator fitted.
2026-04-08 01:41:32 | INFO     | app.pricing.models:fit:320 - Calibration report: raw_brier=0.2436, cal_brier=0.2017
2026-04-08 01:41:33 | INFO     | app.pricing.models:fit:191 - Training LogisticRegression component...
2026-04-08 01:41:33 | INFO     | app.pricing.models:fit:193 - Training XGBoost component...
2026-04-08 01:41:33 | INFO     | app.pricing.calibration:fit:37 - Isotonic calibrator fitted.
2026-04-08 01:41:33 | INFO     | app.pricing.models:fit:320 - Calibration report: raw_brier=0.2125, cal_brier=0.17663
2026-04-08 01:41:33 | INFO     | app.pricing.models:fit:191 - Training LogisticRegression component...
2026-04-08 01:41:33 | INFO     | app.pricing.models:fit:193 - Training XGBoost component...
2026-04-08 01:41:33 | INFO     | app.pricing.calibration:fit:37 - Isotonic calibrator fitted.
2026-04-08 01:41:33 | INFO     | app.pricing.models:fit:320 - Calibration report: raw_brier=0.2078, cal_brier=0.16332
2026-04-08 01:41:33 | INFO     | app.pricing.models:fit:191 - Training LogisticRegression component...
2026-04-08 01:41:33 | INFO     | app.pricing.models:fit:193 - Training XGBoost component...
2026-04-08 01:41:33 | INFO     | app.pricing.calibration:fit:37 - Isotonic calibrator fitted.
2026-04-08 01:41:33 | INFO     | app.pricing.models:fit:320 - Calibration report: raw_brier=0.2081, cal_brier=0.16595
2026-04-08 01:41:33 | INFO     | app.pricing.models:fit:191 - Training LogisticRegression component...
2026-04-08 01:41:33 | INFO     | app.pricing.models:fit:193 - Training XGBoost component...
2026-04-08 01:41:33 | INFO     | app.pricing.calibration:fit:37 - Isotonic calibrator fitted.
2026-04-08 01:41:33 | INFO     | app.pricing.models:fit:320 - Calibration report: raw_brier=0.2074, cal_brier=0.16758
2026-04-08 01:41:33 | INFO     | app.pricing.models:fit:191 - Training LogisticRegression component...
2026-04-08 01:41:33 | INFO     | app.pricing.models:fit:193 - Training XGBoost component...
2026-04-08 01:41:33 | INFO     | app.pricing.calibration:fit:37 - Isotonic calibrator fitted.
2026-04-08 01:41:33 | INFO     | app.pricing.models:fit:320 - Calibration report: raw_brier=0.2008, cal_brier=0.15043
2026-04-08 01:41:33 | INFO     | app.services.backtest:run:209 - [19763145] Backtest complete. Brier: 0.2337, LogLoss: 1.3545, Accuracy: 61.6%
2026-04-08 01:41:33 | INFO     | app.main:lifespan:37 - Shutting down AFL Multi Builder...
2026-04-08 01:41:33 | INFO     | app.pricing.calibration:fit:37 - Isotonic calibrator fitted.
2026-04-08 01:41:33 | INFO     | app.pricing.calibration:fit:37 - Isotonic calibrator fitted.
2026-04-08 01:41:33 | INFO     | app.pricing.calibration:fit:37 - Isotonic calibrator fitted.
2026-04-08 01:41:33 | WARNING  | app.pricing.calibration:calibrate:43 - Calibrator not fitted, returning raw probabilities.
2026-04-08 01:41:33 | INFO     | app.pricing.calibration:fit:37 - Isotonic calibrator fitted.
2026-04-08 01:41:33 | INFO     | app.features.pipeline:get_team_features:442 - Building team feature matrix...
2026-04-08 01:41:33 | INFO     | app.features.pipeline:get_team_features:444 - Team features shape: (1800, 87)
2026-04-08 01:41:33 | INFO     | app.features.pipeline:get_player_features:452 - Building player feature matrix for 'disposals'...
2026-04-08 01:41:34 | INFO     | app.features.pipeline:get_player_features:454 - Player features shape: (450, 19)
2026-04-08 01:41:34 | INFO     | app.features.pipeline:get_team_features:442 - Building team feature matrix...
2026-04-08 01:41:34 | INFO     | app.features.pipeline:get_team_features:444 - Team features shape: (1800, 87)
2026-04-08 01:41:34 | INFO     | app.features.pipeline:get_team_features:442 - Building team feature matrix...
2026-04-08 01:41:34 | INFO     | app.features.pipeline:get_team_features:444 - Team features shape: (1800, 87)
2026-04-08 01:41:34 | DEBUG    | app.optimizer.multi_builder:build:93 - Evaluating 6 combinations of size 2
2026-04-08 01:41:34 | DEBUG    | app.optimizer.multi_builder:build:93 - Evaluating 4 combinations of size 3
2026-04-08 01:41:34 | DEBUG    | app.optimizer.multi_builder:build:93 - Evaluating 1 combinations of size 4
2026-04-08 01:41:34 | DEBUG    | app.optimizer.multi_builder:build:93 - Evaluating 6 combinations of size 2
2026-04-08 01:41:34 | DEBUG    | app.optimizer.multi_builder:build:93 - Evaluating 4 combinations of size 3
2026-04-08 01:41:34 | DEBUG    | app.optimizer.multi_builder:build:93 - Evaluating 1 combinations of size 4
2026-04-08 01:41:34 | DEBUG    | app.optimizer.multi_builder:build:93 - Evaluating 3 combinations of size 2
2026-04-08 01:41:34 | DEBUG    | app.optimizer.multi_builder:build:93 - Evaluating 1 combinations of size 2
2026-04-08 01:41:34 | DEBUG    | app.optimizer.multi_builder:build:93 - Evaluating 4 combinations of size 3
2026-04-08 01:41:34 | DEBUG    | app.optimizer.multi_builder:build:93 - Evaluating 3 combinations of size 2
2026-04-08 01:41:34 | DEBUG    | app.optimizer.multi_builder:build:93 - Evaluating 1 combinations of size 3
2026-04-08 01:41:34 | DEBUG    | app.optimizer.multi_builder:build:93 - Evaluating 6 combinations of size 2
2026-04-08 01:41:34 | DEBUG    | app.optimizer.multi_builder:build:93 - Evaluating 4 combinations of size 3
2026-04-08 01:41:34 | DEBUG    | app.optimizer.multi_builder:build:93 - Evaluating 1 combinations of size 4
2026-04-08 01:41:34 | DEBUG    | app.optimizer.multi_builder:build:93 - Evaluating 6 combinations of size 2
2026-04-08 01:41:34 | DEBUG    | app.optimizer.multi_builder:build:93 - Evaluating 4 combinations of size 3
2026-04-08 01:41:34 | DEBUG    | app.optimizer.multi_builder:build:93 - Evaluating 1 combinations of size 4
2026-04-08 01:41:34 | INFO     | app.services.pipeline:run:50 - [4560eca9] Starting prediction pipeline...
2026-04-08 01:41:34 | INFO     | app.services.pipeline:run:60 - No upcoming fixtures found, using recent completed for demo.
2026-04-08 01:41:34 | INFO     | app.services.pipeline:run:62 - Processing 5 fixtures...
2026-04-08 01:41:34 | INFO     | app.features.pipeline:get_team_features:442 - Building team feature matrix...
2026-04-08 01:41:34 | INFO     | app.features.pipeline:get_team_features:444 - Team features shape: (1800, 87)
2026-04-08 01:41:34 | INFO     | app.services.pipeline:run:87 - Generated 10 candidate legs.
2026-04-08 01:41:34 | DEBUG    | app.optimizer.multi_builder:build:93 - Evaluating 6 combinations of size 2
2026-04-08 01:41:34 | DEBUG    | app.optimizer.multi_builder:build:93 - Evaluating 4 combinations of size 3
2026-04-08 01:41:34 | DEBUG    | app.optimizer.multi_builder:build:93 - Evaluating 1 combinations of size 4
2026-04-08 01:41:34 | DEBUG    | app.optimizer.multi_builder:build:93 - Evaluating 10 combinations of size 2
2026-04-08 01:41:34 | DEBUG    | app.optimizer.multi_builder:build:93 - Evaluating 10 combinations of size 3
2026-04-08 01:41:34 | DEBUG    | app.optimizer.multi_builder:build:93 - Evaluating 5 combinations of size 4
2026-04-08 01:41:34 | DEBUG    | app.optimizer.multi_builder:build:93 - Evaluating 1 combinations of size 2
2026-04-08 01:41:34 | DEBUG    | app.optimizer.multi_builder:build:93 - Evaluating 1 combinations of size 2
2026-04-08 01:41:34 | DEBUG    | app.optimizer.multi_builder:build:93 - Evaluating 1 combinations of size 2
2026-04-08 01:41:34 | DEBUG    | app.optimizer.multi_builder:build:93 - Evaluating 1 combinations of size 2
2026-04-08 01:41:34 | DEBUG    | app.optimizer.multi_builder:build:93 - Evaluating 1 combinations of size 2
2026-04-08 01:41:34 | INFO     | app.services.pipeline:run:106 - [4560eca9] Pipeline complete in 0.18s
2026-04-08 01:41:34 | INFO     | app.services.pipeline:run:50 - [755e11f7] Starting prediction pipeline...
2026-04-08 01:41:34 | INFO     | app.services.pipeline:run:60 - No upcoming fixtures found, using recent completed for demo.
2026-04-08 01:41:34 | INFO     | app.services.pipeline:run:62 - Processing 5 fixtures...
2026-04-08 01:41:34 | INFO     | app.features.pipeline:get_team_features:442 - Building team feature matrix...
2026-04-08 01:41:34 | INFO     | app.features.pipeline:get_team_features:444 - Team features shape: (1800, 87)
2026-04-08 01:41:34 | INFO     | app.services.pipeline:run:87 - Generated 10 candidate legs.
2026-04-08 01:41:34 | DEBUG    | app.optimizer.multi_builder:build:93 - Evaluating 6 combinations of size 2
2026-04-08 01:41:34 | DEBUG    | app.optimizer.multi_builder:build:93 - Evaluating 4 combinations of size 3
2026-04-08 01:41:34 | DEBUG    | app.optimizer.multi_builder:build:93 - Evaluating 1 combinations of size 4
2026-04-08 01:41:34 | DEBUG    | app.optimizer.multi_builder:build:93 - Evaluating 10 combinations of size 2
2026-04-08 01:41:34 | DEBUG    | app.optimizer.multi_builder:build:93 - Evaluating 10 combinations of size 3
2026-04-08 01:41:34 | DEBUG    | app.optimizer.multi_builder:build:93 - Evaluating 5 combinations of size 4
2026-04-08 01:41:34 | DEBUG    | app.optimizer.multi_builder:build:93 - Evaluating 1 combinations of size 2
2026-04-08 01:41:34 | DEBUG    | app.optimizer.multi_builder:build:93 - Evaluating 1 combinations of size 2
2026-04-08 01:41:34 | DEBUG    | app.optimizer.multi_builder:build:93 - Evaluating 1 combinations of size 2
2026-04-08 01:41:34 | DEBUG    | app.optimizer.multi_builder:build:93 - Evaluating 1 combinations of size 2
2026-04-08 01:41:34 | DEBUG    | app.optimizer.multi_builder:build:93 - Evaluating 1 combinations of size 2
2026-04-08 01:41:34 | INFO     | app.services.pipeline:run:106 - [755e11f7] Pipeline complete in 0.18s
2026-04-08 01:41:34 | INFO     | app.services.pipeline:run:50 - [aa0ce75e] Starting prediction pipeline...
2026-04-08 01:41:34 | INFO     | app.services.pipeline:run:60 - No upcoming fixtures found, using recent completed for demo.
2026-04-08 01:41:34 | INFO     | app.services.pipeline:run:62 - Processing 5 fixtures...
2026-04-08 01:41:34 | INFO     | app.features.pipeline:get_team_features:442 - Building team feature matrix...
2026-04-08 01:41:34 | INFO     | app.features.pipeline:get_team_features:444 - Team features shape: (1800, 87)
2026-04-08 01:41:34 | INFO     | app.services.pipeline:run:87 - Generated 10 candidate legs.
2026-04-08 01:41:34 | DEBUG    | app.optimizer.multi_builder:build:93 - Evaluating 6 combinations of size 2
2026-04-08 01:41:34 | DEBUG    | app.optimizer.multi_builder:build:93 - Evaluating 4 combinations of size 3
2026-04-08 01:41:34 | DEBUG    | app.optimizer.multi_builder:build:93 - Evaluating 1 combinations of size 4
2026-04-08 01:41:34 | DEBUG    | app.optimizer.multi_builder:build:93 - Evaluating 10 combinations of size 2
2026-04-08 01:41:34 | DEBUG    | app.optimizer.multi_builder:build:93 - Evaluating 10 combinations of size 3
2026-04-08 01:41:34 | DEBUG    | app.optimizer.multi_builder:build:93 - Evaluating 5 combinations of size 4
2026-04-08 01:41:34 | DEBUG    | app.optimizer.multi_builder:build:93 - Evaluating 1 combinations of size 2
2026-04-08 01:41:34 | DEBUG    | app.optimizer.multi_builder:build:93 - Evaluating 1 combinations of size 2
2026-04-08 01:41:34 | DEBUG    | app.optimizer.multi_builder:build:93 - Evaluating 1 combinations of size 2
2026-04-08 01:41:34 | DEBUG    | app.optimizer.multi_builder:build:93 - Evaluating 1 combinations of size 2
2026-04-08 01:41:34 | DEBUG    | app.optimizer.multi_builder:build:93 - Evaluating 1 combinations of size 2
2026-04-08 01:41:34 | INFO     | app.services.pipeline:run:106 - [aa0ce75e] Pipeline complete in 0.17s
2026-04-08 01:41:35 | INFO     | app.services.training:run_match_model_training:48 - [fda0fadf] Starting match model training...
2026-04-08 01:41:35 | INFO     | app.features.pipeline:get_team_features:442 - Building team feature matrix...
2026-04-08 01:41:35 | INFO     | app.features.pipeline:get_team_features:444 - Team features shape: (1800, 87)
2026-04-08 01:41:35 | INFO     | app.services.training:run_match_model_training:56 - Training with 1575 samples, 71 features.
2026-04-08 01:41:35 | INFO     | app.services.training:run_match_model_training:70 - Train: 1023, Val: 237, Test: 315
2026-04-08 01:41:35 | INFO     | app.pricing.models:fit:191 - Training LogisticRegression component...
2026-04-08 01:41:35 | INFO     | app.pricing.models:fit:193 - Training XGBoost component...
2026-04-08 01:41:35 | INFO     | app.pricing.calibration:fit:37 - Isotonic calibrator fitted.
2026-04-08 01:41:35 | INFO     | app.pricing.models:fit:320 - Calibration report: raw_brier=0.4105, cal_brier=0.24314
2026-04-08 01:41:35 | INFO     | app.services.training:run_match_model_training:97 - Test metrics: {'raw_brier': 0.28066, 'calibrated_brier': 0.27722, 'raw_logloss': 0.78236, 'calibrated_logloss': 1.83641}
2026-04-08 01:41:35 | INFO     | app.pricing.models:save:368 - Model 'match_win_ensemble' saved to data/models/match_win_ensemble.joblib
2026-04-08 01:41:35 | INFO     | app.services.training:run_match_model_training:120 - [fda0fadf] Match model training complete.
2026-04-08 01:41:35 | INFO     | app.services.training:run_player_disposals_training:132 - [48e086a2] Starting player disposals model training...
2026-04-08 01:41:35 | INFO     | app.features.pipeline:get_player_features:452 - Building player feature matrix for 'disposals'...
2026-04-08 01:41:35 | INFO     | app.features.pipeline:get_player_features:454 - Player features shape: (450, 19)
2026-04-08 01:41:35 | INFO     | app.services.training:run_player_disposals_training:142 - Player model training with 450 samples.
2026-04-08 01:41:35 | INFO     | app.pricing.models:fit:253 - PlayerDisposalsModel fitted. Residual std: 3.65
2026-04-08 01:41:35 | INFO     | app.pricing.calibration:fit:37 - Isotonic calibrator fitted.
2026-04-08 01:41:35 | INFO     | app.pricing.models:save:368 - Model 'player_disposals_model' saved to data/models/player_disposals_model.joblib
2026-04-08 01:41:35 | INFO     | app.pricing.models:save:368 - Model 'player_disposals_calibrator' saved to data/models/player_disposals_calibrator.joblib
2026-04-08 01:41:35 | INFO     | app.services.training:run_player_disposals_training:193 - [48e086a2] Player model training complete.
2026-04-08 01:41:35 | INFO     | app.services.training:run_match_model_training:48 - [760c1898] Starting match model training...
2026-04-08 01:41:35 | INFO     | app.features.pipeline:get_team_features:442 - Building team feature matrix...
2026-04-08 01:41:35 | INFO     | app.features.pipeline:get_team_features:444 - Team features shape: (1800, 87)
2026-04-08 01:41:35 | INFO     | app.services.training:run_match_model_training:56 - Training with 1575 samples, 71 features.
2026-04-08 01:41:35 | INFO     | app.services.training:run_match_model_training:70 - Train: 1023, Val: 237, Test: 315
2026-04-08 01:41:35 | INFO     | app.pricing.models:fit:191 - Training LogisticRegression component...
2026-04-08 01:41:35 | INFO     | app.pricing.models:fit:193 - Training XGBoost component...
2026-04-08 01:41:35 | INFO     | app.pricing.calibration:fit:37 - Isotonic calibrator fitted.
2026-04-08 01:41:35 | INFO     | app.pricing.models:fit:320 - Calibration report: raw_brier=0.4105, cal_brier=0.24314
2026-04-08 01:41:36 | INFO     | app.services.training:run_match_model_training:97 - Test metrics: {'raw_brier': 0.28066, 'calibrated_brier': 0.27722, 'raw_logloss': 0.78236, 'calibrated_logloss': 1.83641}
2026-04-08 01:41:36 | INFO     | app.pricing.models:save:368 - Model 'match_win_ensemble' saved to data/models/match_win_ensemble.joblib
2026-04-08 01:41:36 | INFO     | app.services.training:run_match_model_training:120 - [760c1898] Match model training complete.
2026-04-08 01:41:36 | INFO     | app.services.training:run_player_disposals_training:132 - [760c1898] Starting player disposals model training...
2026-04-08 01:41:36 | INFO     | app.features.pipeline:get_player_features:452 - Building player feature matrix for 'disposals'...
2026-04-08 01:41:36 | INFO     | app.features.pipeline:get_player_features:454 - Player features shape: (450, 19)
2026-04-08 01:41:36 | INFO     | app.services.training:run_player_disposals_training:142 - Player model training with 450 samples.
2026-04-08 01:41:36 | INFO     | app.pricing.models:fit:253 - PlayerDisposalsModel fitted. Residual std: 3.65
2026-04-08 01:41:36 | INFO     | app.pricing.calibration:fit:37 - Isotonic calibrator fitted.
2026-04-08 01:41:36 | INFO     | app.pricing.models:save:368 - Model 'player_disposals_model' saved to data/models/player_disposals_model.joblib
2026-04-08 01:41:36 | INFO     | app.pricing.models:save:368 - Model 'player_disposals_calibrator' saved to data/models/player_disposals_calibrator.joblib
2026-04-08 01:41:36 | INFO     | app.services.training:run_player_disposals_training:193 - [760c1898] Player model training complete.
2026-04-08 01:41:36 | INFO     | app.services.backtest:run:54 - [222ff039] Starting walk-forward backtest...
2026-04-08 01:41:36 | INFO     | app.features.pipeline:get_team_features:442 - Building team feature matrix...
2026-04-08 01:41:36 | INFO     | app.features.pipeline:get_team_features:444 - Team features shape: (1800, 87)
2026-04-08 01:41:36 | INFO     | app.services.backtest:run:66 - Backtest on 1575 samples with 71 features.
2026-04-08 01:41:36 | INFO     | app.pricing.models:fit:191 - Training LogisticRegression component...
2026-04-08 01:41:36 | WARNING  | app.services.backtest:run:109 - Training failed at fold 20: This solver needs samples of at least 2 classes in the data, but the data contains only one class: 0
2026-04-08 01:41:36 | INFO     | app.pricing.models:fit:191 - Training LogisticRegression component...
2026-04-08 01:41:36 | WARNING  | app.services.backtest:run:109 - Training failed at fold 25: This solver needs samples of at least 2 classes in the data, but the data contains only one class: 0
2026-04-08 01:41:36 | INFO     | app.pricing.models:fit:191 - Training LogisticRegression component...
2026-04-08 01:41:36 | WARNING  | app.services.backtest:run:109 - Training failed at fold 30: This solver needs samples of at least 2 classes in the data, but the data contains only one class: 0
2026-04-08 01:41:36 | INFO     | app.pricing.models:fit:191 - Training LogisticRegression component...
2026-04-08 01:41:36 | INFO     | app.pricing.models:fit:193 - Training XGBoost component...
2026-04-08 01:41:36 | INFO     | app.pricing.calibration:fit:37 - Isotonic calibrator fitted.
2026-04-08 01:41:36 | WARNING  | app.services.backtest:run:109 - Training failed at fold 35: y_true contains only one label (1). Please provide the true labels explicitly through the labels argument.
2026-04-08 01:41:36 | INFO     | app.pricing.models:fit:191 - Training LogisticRegression component...
2026-04-08 01:41:36 | INFO     | app.pricing.models:fit:193 - Training XGBoost component...
2026-04-08 01:41:36 | INFO     | app.pricing.calibration:fit:37 - Isotonic calibrator fitted.
2026-04-08 01:41:36 | WARNING  | app.services.backtest:run:109 - Training failed at fold 40: y_true contains only one label (1). Please provide the true labels explicitly through the labels argument.
2026-04-08 01:41:36 | INFO     | app.pricing.models:fit:191 - Training LogisticRegression component...
2026-04-08 01:41:36 | INFO     | app.pricing.models:fit:193 - Training XGBoost component...
2026-04-08 01:41:36 | INFO     | app.pricing.calibration:fit:37 - Isotonic calibrator fitted.
2026-04-08 01:41:36 | WARNING  | app.services.backtest:run:109 - Training failed at fold 45: y_true contains only one label (1). Please provide the true labels explicitly through the labels argument.
2026-04-08 01:41:36 | INFO     | app.pricing.models:fit:191 - Training LogisticRegression component...
2026-04-08 01:41:36 | INFO     | app.pricing.models:fit:193 - Training XGBoost component...
2026-04-08 01:41:36 | INFO     | app.pricing.calibration:fit:37 - Isotonic calibrator fitted.
2026-04-08 01:41:36 | WARNING  | app.services.backtest:run:109 - Training failed at fold 50: y_true contains only one label (1). Please provide the true labels explicitly through the labels argument.
2026-04-08 01:41:36 | INFO     | app.pricing.models:fit:191 - Training LogisticRegression component...
2026-04-08 01:41:36 | INFO     | app.pricing.models:fit:193 - Training XGBoost component...
2026-04-08 01:41:36 | INFO     | app.pricing.calibration:fit:37 - Isotonic calibrator fitted.
2026-04-08 01:41:36 | INFO     | app.pricing.models:fit:320 - Calibration report: raw_brier=0.0653, cal_brier=0.0
2026-04-08 01:41:36 | INFO     | app.pricing.models:fit:191 - Training LogisticRegression component...
2026-04-08 01:41:36 | INFO     | app.pricing.models:fit:193 - Training XGBoost component...
2026-04-08 01:41:36 | INFO     | app.pricing.calibration:fit:37 - Isotonic calibrator fitted.
2026-04-08 01:41:36 | WARNING  | app.services.backtest:run:109 - Training failed at fold 60: y_true contains only one label (0). Please provide the true labels explicitly through the labels argument.
2026-04-08 01:41:36 | INFO     | app.pricing.models:fit:191 - Training LogisticRegression component...
2026-04-08 01:41:36 | INFO     | app.pricing.models:fit:193 - Training XGBoost component...
2026-04-08 01:41:36 | INFO     | app.pricing.calibration:fit:37 - Isotonic calibrator fitted.
2026-04-08 01:41:36 | WARNING  | app.services.backtest:run:109 - Training failed at fold 65: y_true contains only one label (0). Please provide the true labels explicitly through the labels argument.
2026-04-08 01:41:36 | INFO     | app.pricing.models:fit:191 - Training LogisticRegression component...
2026-04-08 01:41:36 | INFO     | app.pricing.models:fit:193 - Training XGBoost component...
2026-04-08 01:41:36 | INFO     | app.pricing.calibration:fit:37 - Isotonic calibrator fitted.
2026-04-08 01:41:36 | WARNING  | app.services.backtest:run:109 - Training failed at fold 70: y_true contains only one label (0). Please provide the true labels explicitly through the labels argument.
2026-04-08 01:41:36 | INFO     | app.pricing.models:fit:191 - Training LogisticRegression component...
2026-04-08 01:41:36 | INFO     | app.pricing.models:fit:193 - Training XGBoost component...
2026-04-08 01:41:36 | INFO     | app.pricing.calibration:fit:37 - Isotonic calibrator fitted.
2026-04-08 01:41:36 | WARNING  | app.services.backtest:run:109 - Training failed at fold 75: y_true contains only one label (0). Please provide the true labels explicitly through the labels argument.
2026-04-08 01:41:36 | INFO     | app.pricing.models:fit:191 - Training LogisticRegression component...
2026-04-08 01:41:36 | INFO     | app.pricing.models:fit:193 - Training XGBoost component...
2026-04-08 01:41:36 | INFO     | app.pricing.calibration:fit:37 - Isotonic calibrator fitted.
2026-04-08 01:41:36 | INFO     | app.pricing.models:fit:320 - Calibration report: raw_brier=0.2423, cal_brier=0.05556
2026-04-08 01:41:36 | INFO     | app.pricing.models:fit:191 - Training LogisticRegression component...
2026-04-08 01:41:36 | INFO     | app.pricing.models:fit:193 - Training XGBoost component...
2026-04-08 01:41:36 | INFO     | app.pricing.calibration:fit:37 - Isotonic calibrator fitted.
2026-04-08 01:41:36 | INFO     | app.pricing.models:fit:320 - Calibration report: raw_brier=0.4522, cal_brier=0.0
2026-04-08 01:41:36 | INFO     | app.pricing.models:fit:191 - Training LogisticRegression component...
2026-04-08 01:41:36 | INFO     | app.pricing.models:fit:193 - Training XGBoost component...
2026-04-08 01:41:36 | INFO     | app.pricing.calibration:fit:37 - Isotonic calibrator fitted.
2026-04-08 01:41:36 | WARNING  | app.services.backtest:run:109 - Training failed at fold 90: y_true contains only one label (1). Please provide the true labels explicitly through the labels argument.
2026-04-08 01:41:36 | INFO     | app.pricing.models:fit:191 - Training LogisticRegression component...
2026-04-08 01:41:36 | INFO     | app.pricing.models:fit:193 - Training XGBoost component...
2026-04-08 01:41:37 | INFO     | app.pricing.calibration:fit:37 - Isotonic calibrator fitted.
2026-04-08 01:41:37 | WARNING  | app.services.backtest:run:109 - Training failed at fold 95: y_true contains only one label (1). Please provide the true labels explicitly through the labels argument.
2026-04-08 01:41:37 | INFO     | app.pricing.models:fit:191 - Training LogisticRegression component...
2026-04-08 01:41:37 | INFO     | app.pricing.models:fit:193 - Training XGBoost component...
2026-04-08 01:41:37 | INFO     | app.pricing.calibration:fit:37 - Isotonic calibrator fitted.
2026-04-08 01:41:37 | WARNING  | app.services.backtest:run:109 - Training failed at fold 100: y_true contains only one label (1). Please provide the true labels explicitly through the labels argument.
2026-04-08 01:41:37 | INFO     | app.pricing.models:fit:191 - Training LogisticRegression component...
2026-04-08 01:41:37 | INFO     | app.pricing.models:fit:193 - Training XGBoost component...
2026-04-08 01:41:37 | INFO     | app.pricing.calibration:fit:37 - Isotonic calibrator fitted.
2026-04-08 01:41:37 | WARNING  | app.services.backtest:run:109 - Training failed at fold 105: y_true contains only one label (1). Please provide the true labels explicitly through the labels argument.
2026-04-08 01:41:37 | INFO     | app.pricing.models:fit:191 - Training LogisticRegression component...
2026-04-08 01:41:37 | INFO     | app.pricing.models:fit:193 - Training XGBoost component...
2026-04-08 01:41:37 | INFO     | app.pricing.calibration:fit:37 - Isotonic calibrator fitted.
2026-04-08 01:41:37 | WARNING  | app.services.backtest:run:109 - Training failed at fold 110: y_true contains only one label (1). Please provide the true labels explicitly through the labels argument.
2026-04-08 01:41:37 | INFO     | app.pricing.models:fit:191 - Training LogisticRegression component...
2026-04-08 01:41:37 | INFO     | app.pricing.models:fit:193 - Training XGBoost component...
2026-04-08 01:41:37 | INFO     | app.pricing.calibration:fit:37 - Isotonic calibrator fitted.
2026-04-08 01:41:37 | WARNING  | app.services.backtest:run:109 - Training failed at fold 115: y_true contains only one label (1). Please provide the true labels explicitly through the labels argument.
2026-04-08 01:41:37 | INFO     | app.pricing.models:fit:191 - Training LogisticRegression component...
2026-04-08 01:41:37 | INFO     | app.pricing.models:fit:193 - Training XGBoost component...
2026-04-08 01:41:37 | INFO     | app.pricing.calibration:fit:37 - Isotonic calibrator fitted.
2026-04-08 01:41:37 | WARNING  | app.services.backtest:run:109 - Training failed at fold 120: y_true contains only one label (1). Please provide the true labels explicitly through the labels argument.
2026-04-08 01:41:37 | INFO     | app.pricing.models:fit:191 - Training LogisticRegression component...
2026-04-08 01:41:37 | INFO     | app.pricing.models:fit:193 - Training XGBoost component...
2026-04-08 01:41:37 | INFO     | app.pricing.calibration:fit:37 - Isotonic calibrator fitted.
2026-04-08 01:41:37 | WARNING  | app.services.backtest:run:109 - Training failed at fold 125: y_true contains only one label (1). Please provide the true labels explicitly through the labels argument.
2026-04-08 01:41:37 | INFO     | app.pricing.models:fit:191 - Training LogisticRegression component...
2026-04-08 01:41:37 | INFO     | app.pricing.models:fit:193 - Training XGBoost component...
2026-04-08 01:41:37 | INFO     | app.pricing.calibration:fit:37 - Isotonic calibrator fitted.
2026-04-08 01:41:37 | WARNING  | app.services.backtest:run:109 - Training failed at fold 130: y_true contains only one label (1). Please provide the true labels explicitly through the labels argument.
2026-04-08 01:41:37 | INFO     | app.pricing.models:fit:191 - Training LogisticRegression component...
2026-04-08 01:41:37 | INFO     | app.pricing.models:fit:193 - Training XGBoost component...
2026-04-08 01:41:37 | INFO     | app.pricing.calibration:fit:37 - Isotonic calibrator fitted.
2026-04-08 01:41:37 | WARNING  | app.services.backtest:run:109 - Training failed at fold 135: y_true contains only one label (1). Please provide the true labels explicitly through the labels argument.
2026-04-08 01:41:37 | INFO     | app.pricing.models:fit:191 - Training LogisticRegression component...
2026-04-08 01:41:37 | INFO     | app.pricing.models:fit:193 - Training XGBoost component...
2026-04-08 01:41:37 | INFO     | app.pricing.calibration:fit:37 - Isotonic calibrator fitted.
2026-04-08 01:41:37 | WARNING  | app.services.backtest:run:109 - Training failed at fold 140: y_true contains only one label (1). Please provide the true labels explicitly through the labels argument.
2026-04-08 01:41:37 | INFO     | app.pricing.models:fit:191 - Training LogisticRegression component...
2026-04-08 01:41:37 | INFO     | app.pricing.models:fit:193 - Training XGBoost component...
2026-04-08 01:41:37 | INFO     | app.pricing.calibration:fit:37 - Isotonic calibrator fitted.
2026-04-08 01:41:37 | WARNING  | app.services.backtest:run:109 - Training failed at fold 145: y_true contains only one label (1). Please provide the true labels explicitly through the labels argument.
2026-04-08 01:41:37 | INFO     | app.pricing.models:fit:191 - Training LogisticRegression component...
2026-04-08 01:41:37 | INFO     | app.pricing.models:fit:193 - Training XGBoost component...
2026-04-08 01:41:37 | INFO     | app.pricing.calibration:fit:37 - Isotonic calibrator fitted.
2026-04-08 01:41:37 | WARNING  | app.services.backtest:run:109 - Training failed at fold 150: y_true contains only one label (1). Please provide the true labels explicitly through the labels argument.
2026-04-08 01:41:37 | INFO     | app.pricing.models:fit:191 - Training LogisticRegression component...
2026-04-08 01:41:37 | INFO     | app.pricing.models:fit:193 - Training XGBoost component...
2026-04-08 01:41:37 | INFO     | app.pricing.calibration:fit:37 - Isotonic calibrator fitted.
2026-04-08 01:41:37 | WARNING  | app.services.backtest:run:109 - Training failed at fold 155: y_true contains only one label (1). Please provide the true labels explicitly through the labels argument.
2026-04-08 01:41:37 | INFO     | app.pricing.models:fit:191 - Training LogisticRegression component...
2026-04-08 01:41:37 | INFO     | app.pricing.models:fit:193 - Training XGBoost component...
2026-04-08 01:41:37 | INFO     | app.pricing.calibration:fit:37 - Isotonic calibrator fitted.
2026-04-08 01:41:37 | WARNING  | app.services.backtest:run:109 - Training failed at fold 160: y_true contains only one label (1). Please provide the true labels explicitly through the labels argument.
2026-04-08 01:41:37 | INFO     | app.pricing.models:fit:191 - Training LogisticRegression component...
2026-04-08 01:41:37 | INFO     | app.pricing.models:fit:193 - Training XGBoost component...
2026-04-08 01:41:37 | INFO     | app.pricing.calibration:fit:37 - Isotonic calibrator fitted.
2026-04-08 01:41:37 | WARNING  | app.services.backtest:run:109 - Training failed at fold 165: y_true contains only one label (1). Please provide the true labels explicitly through the labels argument.
2026-04-08 01:41:37 | INFO     | app.pricing.models:fit:191 - Training LogisticRegression component...
2026-04-08 01:41:37 | INFO     | app.pricing.models:fit:193 - Training XGBoost component...
2026-04-08 01:41:37 | INFO     | app.pricing.calibration:fit:37 - Isotonic calibrator fitted.
2026-04-08 01:41:37 | WARNING  | app.services.backtest:run:109 - Training failed at fold 170: y_true contains only one label (1). Please provide the true labels explicitly through the labels argument.
2026-04-08 01:41:37 | INFO     | app.pricing.models:fit:191 - Training LogisticRegression component...
2026-04-08 01:41:37 | INFO     | app.pricing.models:fit:193 - Training XGBoost component...
2026-04-08 01:41:37 | INFO     | app.pricing.calibration:fit:37 - Isotonic calibrator fitted.
2026-04-08 01:41:37 | WARNING  | app.services.backtest:run:109 - Training failed at fold 175: y_true contains only one label (1). Please provide the true labels explicitly through the labels argument.
2026-04-08 01:41:37 | INFO     | app.pricing.models:fit:191 - Training LogisticRegression component...
2026-04-08 01:41:37 | INFO     | app.pricing.models:fit:193 - Training XGBoost component...
2026-04-08 01:41:37 | INFO     | app.pricing.calibration:fit:37 - Isotonic calibrator fitted.
2026-04-08 01:41:37 | WARNING  | app.services.backtest:run:109 - Training failed at fold 180: y_true contains only one label (1). Please provide the true labels explicitly through the labels argument.
2026-04-08 01:41:37 | INFO     | app.pricing.models:fit:191 - Training LogisticRegression component...
2026-04-08 01:41:37 | INFO     | app.pricing.models:fit:193 - Training XGBoost component...
2026-04-08 01:41:37 | INFO     | app.pricing.calibration:fit:37 - Isotonic calibrator fitted.
2026-04-08 01:41:37 | WARNING  | app.services.backtest:run:109 - Training failed at fold 185: y_true contains only one label (1). Please provide the true labels explicitly through the labels argument.
2026-04-08 01:41:37 | INFO     | app.pricing.models:fit:191 - Training LogisticRegression component...
2026-04-08 01:41:37 | INFO     | app.pricing.models:fit:193 - Training XGBoost component...
2026-04-08 01:41:37 | INFO     | app.pricing.calibration:fit:37 - Isotonic calibrator fitted.
2026-04-08 01:41:37 | WARNING  | app.services.backtest:run:109 - Training failed at fold 190: y_true contains only one label (1). Please provide the true labels explicitly through the labels argument.
2026-04-08 01:41:37 | INFO     | app.pricing.models:fit:191 - Training LogisticRegression component...
2026-04-08 01:41:37 | INFO     | app.pricing.models:fit:193 - Training XGBoost component...
2026-04-08 01:41:37 | INFO     | app.pricing.calibration:fit:37 - Isotonic calibrator fitted.
2026-04-08 01:41:37 | WARNING  | app.services.backtest:run:109 - Training failed at fold 195: y_true contains only one label (1). Please provide the true labels explicitly through the labels argument.
2026-04-08 01:41:37 | INFO     | app.pricing.models:fit:191 - Training LogisticRegression component...
2026-04-08 01:41:37 | INFO     | app.pricing.models:fit:193 - Training XGBoost component...
2026-04-08 01:41:37 | INFO     | app.pricing.calibration:fit:37 - Isotonic calibrator fitted.
2026-04-08 01:41:37 | WARNING  | app.services.backtest:run:109 - Training failed at fold 200: y_true contains only one label (1). Please provide the true labels explicitly through the labels argument.
2026-04-08 01:41:37 | INFO     | app.pricing.models:fit:191 - Training LogisticRegression component...
2026-04-08 01:41:37 | INFO     | app.pricing.models:fit:193 - Training XGBoost component...
2026-04-08 01:41:37 | INFO     | app.pricing.calibration:fit:37 - Isotonic calibrator fitted.
2026-04-08 01:41:37 | INFO     | app.pricing.models:fit:320 - Calibration report: raw_brier=0.2798, cal_brier=0.04
2026-04-08 01:41:37 | INFO     | app.pricing.models:fit:191 - Training LogisticRegression component...
2026-04-08 01:41:37 | INFO     | app.pricing.models:fit:193 - Training XGBoost component...
2026-04-08 01:41:37 | INFO     | app.pricing.calibration:fit:37 - Isotonic calibrator fitted.
2026-04-08 01:41:37 | INFO     | app.pricing.models:fit:320 - Calibration report: raw_brier=0.0858, cal_brier=0.0
2026-04-08 01:41:37 | INFO     | app.pricing.models:fit:191 - Training LogisticRegression component...
2026-04-08 01:41:37 | INFO     | app.pricing.models:fit:193 - Training XGBoost component...
2026-04-08 01:41:37 | INFO     | app.pricing.calibration:fit:37 - Isotonic calibrator fitted.
2026-04-08 01:41:37 | INFO     | app.pricing.models:fit:320 - Calibration report: raw_brier=0.1246, cal_brier=0.0
2026-04-08 01:41:37 | INFO     | app.pricing.models:fit:191 - Training LogisticRegression component...
2026-04-08 01:41:37 | INFO     | app.pricing.models:fit:193 - Training XGBoost component...
2026-04-08 01:41:38 | INFO     | app.pricing.calibration:fit:37 - Isotonic calibrator fitted.
2026-04-08 01:41:38 | INFO     | app.pricing.models:fit:320 - Calibration report: raw_brier=0.1888, cal_brier=0.0202
2026-04-08 01:41:38 | INFO     | app.pricing.models:fit:191 - Training LogisticRegression component...
2026-04-08 01:41:38 | INFO     | app.pricing.models:fit:193 - Training XGBoost component...
2026-04-08 01:41:38 | INFO     | app.pricing.calibration:fit:37 - Isotonic calibrator fitted.
2026-04-08 01:41:38 | INFO     | app.pricing.models:fit:320 - Calibration report: raw_brier=0.2552, cal_brier=0.0
2026-04-08 01:41:38 | INFO     | app.pricing.models:fit:191 - Training LogisticRegression component...
2026-04-08 01:41:38 | INFO     | app.pricing.models:fit:193 - Training XGBoost component...
2026-04-08 01:41:38 | INFO     | app.pricing.calibration:fit:37 - Isotonic calibrator fitted.
2026-04-08 01:41:38 | INFO     | app.pricing.models:fit:320 - Calibration report: raw_brier=0.2753, cal_brier=0.10208
2026-04-08 01:41:38 | INFO     | app.pricing.models:fit:191 - Training LogisticRegression component...
2026-04-08 01:41:38 | INFO     | app.pricing.models:fit:193 - Training XGBoost component...
2026-04-08 01:41:38 | INFO     | app.pricing.calibration:fit:37 - Isotonic calibrator fitted.
2026-04-08 01:41:38 | INFO     | app.pricing.models:fit:320 - Calibration report: raw_brier=0.3241, cal_brier=0.18681
2026-04-08 01:41:38 | INFO     | app.pricing.models:fit:191 - Training LogisticRegression component...
2026-04-08 01:41:38 | INFO     | app.pricing.models:fit:193 - Training XGBoost component...
2026-04-08 01:41:38 | INFO     | app.pricing.calibration:fit:37 - Isotonic calibrator fitted.
2026-04-08 01:41:38 | INFO     | app.pricing.models:fit:320 - Calibration report: raw_brier=0.2188, cal_brier=0.18519
2026-04-08 01:41:38 | INFO     | app.pricing.models:fit:191 - Training LogisticRegression component...
2026-04-08 01:41:38 | INFO     | app.pricing.models:fit:193 - Training XGBoost component...
2026-04-08 01:41:38 | INFO     | app.pricing.calibration:fit:37 - Isotonic calibrator fitted.
2026-04-08 01:41:38 | INFO     | app.pricing.models:fit:320 - Calibration report: raw_brier=0.2400, cal_brier=0.13333
2026-04-08 01:41:38 | INFO     | app.pricing.models:fit:191 - Training LogisticRegression component...
2026-04-08 01:41:38 | INFO     | app.pricing.models:fit:193 - Training XGBoost component...
2026-04-08 01:41:38 | INFO     | app.pricing.calibration:fit:37 - Isotonic calibrator fitted.
2026-04-08 01:41:38 | INFO     | app.pricing.models:fit:320 - Calibration report: raw_brier=0.2424, cal_brier=0.0
2026-04-08 01:41:38 | INFO     | app.pricing.models:fit:191 - Training LogisticRegression component...
2026-04-08 01:41:38 | INFO     | app.pricing.models:fit:193 - Training XGBoost component...
2026-04-08 01:41:38 | INFO     | app.pricing.calibration:fit:37 - Isotonic calibrator fitted.
2026-04-08 01:41:38 | INFO     | app.pricing.models:fit:320 - Calibration report: raw_brier=0.2954, cal_brier=0.0
2026-04-08 01:41:38 | INFO     | app.pricing.models:fit:191 - Training LogisticRegression component...
2026-04-08 01:41:38 | INFO     | app.pricing.models:fit:193 - Training XGBoost component...
2026-04-08 01:41:38 | INFO     | app.pricing.calibration:fit:37 - Isotonic calibrator fitted.
2026-04-08 01:41:38 | INFO     | app.pricing.models:fit:320 - Calibration report: raw_brier=0.3605, cal_brier=0.0
2026-04-08 01:41:38 | INFO     | app.pricing.models:fit:191 - Training LogisticRegression component...
2026-04-08 01:41:38 | INFO     | app.pricing.models:fit:193 - Training XGBoost component...
2026-04-08 01:41:38 | INFO     | app.pricing.calibration:fit:37 - Isotonic calibrator fitted.
2026-04-08 01:41:38 | WARNING  | app.services.backtest:run:109 - Training failed at fold 265: y_true contains only one label (1). Please provide the true labels explicitly through the labels argument.
2026-04-08 01:41:38 | INFO     | app.pricing.models:fit:191 - Training LogisticRegression component...
2026-04-08 01:41:38 | INFO     | app.pricing.models:fit:193 - Training XGBoost component...
2026-04-08 01:41:38 | INFO     | app.pricing.calibration:fit:37 - Isotonic calibrator fitted.
2026-04-08 01:41:38 | WARNING  | app.services.backtest:run:109 - Training failed at fold 270: y_true contains only one label (1). Please provide the true labels explicitly through the labels argument.
2026-04-08 01:41:38 | INFO     | app.pricing.models:fit:191 - Training LogisticRegression component...
2026-04-08 01:41:38 | INFO     | app.pricing.models:fit:193 - Training XGBoost component...
2026-04-08 01:41:38 | INFO     | app.pricing.calibration:fit:37 - Isotonic calibrator fitted.
2026-04-08 01:41:38 | WARNING  | app.services.backtest:run:109 - Training failed at fold 275: y_true contains only one label (1). Please provide the true labels explicitly through the labels argument.
2026-04-08 01:41:38 | INFO     | app.pricing.models:fit:191 - Training LogisticRegression component...
2026-04-08 01:41:38 | INFO     | app.pricing.models:fit:193 - Training XGBoost component...
2026-04-08 01:41:38 | INFO     | app.pricing.calibration:fit:37 - Isotonic calibrator fitted.
2026-04-08 01:41:38 | INFO     | app.pricing.models:fit:320 - Calibration report: raw_brier=0.1717, cal_brier=0.09524
2026-04-08 01:41:38 | INFO     | app.pricing.models:fit:191 - Training LogisticRegression component...
2026-04-08 01:41:38 | INFO     | app.pricing.models:fit:193 - Training XGBoost component...
2026-04-08 01:41:38 | INFO     | app.pricing.calibration:fit:37 - Isotonic calibrator fitted.
2026-04-08 01:41:38 | INFO     | app.pricing.models:fit:320 - Calibration report: raw_brier=0.2117, cal_brier=0.15873
2026-04-08 01:41:38 | INFO     | app.pricing.models:fit:191 - Training LogisticRegression component...
2026-04-08 01:41:38 | INFO     | app.pricing.models:fit:193 - Training XGBoost component...
2026-04-08 01:41:38 | INFO     | app.pricing.calibration:fit:37 - Isotonic calibrator fitted.
2026-04-08 01:41:38 | INFO     | app.pricing.models:fit:320 - Calibration report: raw_brier=0.2486, cal_brier=0.19934
2026-04-08 01:41:38 | INFO     | app.pricing.models:fit:191 - Training LogisticRegression component...
2026-04-08 01:41:38 | INFO     | app.pricing.models:fit:193 - Training XGBoost component...
2026-04-08 01:41:38 | INFO     | app.pricing.calibration:fit:37 - Isotonic calibrator fitted.
2026-04-08 01:41:38 | INFO     | app.pricing.models:fit:320 - Calibration report: raw_brier=0.2705, cal_brier=0.22727
2026-04-08 01:41:38 | INFO     | app.pricing.models:fit:191 - Training LogisticRegression component...
2026-04-08 01:41:38 | INFO     | app.pricing.models:fit:193 - Training XGBoost component...
2026-04-08 01:41:38 | INFO     | app.pricing.calibration:fit:37 - Isotonic calibrator fitted.
2026-04-08 01:41:38 | INFO     | app.pricing.models:fit:320 - Calibration report: raw_brier=0.1862, cal_brier=0.0
2026-04-08 01:41:38 | INFO     | app.pricing.models:fit:191 - Training LogisticRegression component...
2026-04-08 01:41:38 | INFO     | app.pricing.models:fit:193 - Training XGBoost component...
2026-04-08 01:41:38 | INFO     | app.pricing.calibration:fit:37 - Isotonic calibrator fitted.
2026-04-08 01:41:38 | INFO     | app.pricing.models:fit:320 - Calibration report: raw_brier=0.2054, cal_brier=0.0
2026-04-08 01:41:38 | INFO     | app.pricing.models:fit:191 - Training LogisticRegression component...
2026-04-08 01:41:38 | INFO     | app.pricing.models:fit:193 - Training XGBoost component...
2026-04-08 01:41:38 | INFO     | app.pricing.calibration:fit:37 - Isotonic calibrator fitted.
2026-04-08 01:41:38 | INFO     | app.pricing.models:fit:320 - Calibration report: raw_brier=0.2299, cal_brier=0.0
2026-04-08 01:41:38 | INFO     | app.pricing.models:fit:191 - Training LogisticRegression component...
2026-04-08 01:41:38 | INFO     | app.pricing.models:fit:193 - Training XGBoost component...
2026-04-08 01:41:38 | INFO     | app.pricing.calibration:fit:37 - Isotonic calibrator fitted.
2026-04-08 01:41:38 | INFO     | app.pricing.models:fit:320 - Calibration report: raw_brier=0.2514, cal_brier=0.0
2026-04-08 01:41:38 | INFO     | app.pricing.models:fit:191 - Training LogisticRegression component...
2026-04-08 01:41:38 | INFO     | app.pricing.models:fit:193 - Training XGBoost component...
2026-04-08 01:41:38 | INFO     | app.pricing.calibration:fit:37 - Isotonic calibrator fitted.
2026-04-08 01:41:38 | INFO     | app.pricing.models:fit:320 - Calibration report: raw_brier=0.2792, cal_brier=0.0
2026-04-08 01:41:38 | INFO     | app.pricing.models:fit:191 - Training LogisticRegression component...
2026-04-08 01:41:38 | INFO     | app.pricing.models:fit:193 - Training XGBoost component...
2026-04-08 01:41:39 | INFO     | app.pricing.calibration:fit:37 - Isotonic calibrator fitted.
2026-04-08 01:41:39 | WARNING  | app.services.backtest:run:109 - Training failed at fold 325: y_true contains only one label (0). Please provide the true labels explicitly through the labels argument.
2026-04-08 01:41:39 | INFO     | app.pricing.models:fit:191 - Training LogisticRegression component...
2026-04-08 01:41:39 | INFO     | app.pricing.models:fit:193 - Training XGBoost component...
2026-04-08 01:41:39 | INFO     | app.pricing.calibration:fit:37 - Isotonic calibrator fitted.
2026-04-08 01:41:39 | INFO     | app.pricing.models:fit:320 - Calibration report: raw_brier=0.1854, cal_brier=0.06803
2026-04-08 01:41:39 | INFO     | app.pricing.models:fit:191 - Training LogisticRegression component...
2026-04-08 01:41:39 | INFO     | app.pricing.models:fit:193 - Training XGBoost component...
2026-04-08 01:41:39 | INFO     | app.pricing.calibration:fit:37 - Isotonic calibrator fitted.
2026-04-08 01:41:39 | INFO     | app.pricing.models:fit:320 - Calibration report: raw_brier=0.2163, cal_brier=0.1
2026-04-08 01:41:39 | INFO     | app.pricing.models:fit:191 - Training LogisticRegression component...
2026-04-08 01:41:39 | INFO     | app.pricing.models:fit:193 - Training XGBoost component...
2026-04-08 01:41:39 | INFO     | app.pricing.calibration:fit:37 - Isotonic calibrator fitted.
2026-04-08 01:41:39 | INFO     | app.pricing.models:fit:320 - Calibration report: raw_brier=0.2268, cal_brier=0.11765
2026-04-08 01:41:39 | INFO     | app.pricing.models:fit:191 - Training LogisticRegression component...
2026-04-08 01:41:39 | INFO     | app.pricing.models:fit:193 - Training XGBoost component...
2026-04-08 01:41:39 | INFO     | app.pricing.calibration:fit:37 - Isotonic calibrator fitted.
2026-04-08 01:41:39 | INFO     | app.pricing.models:fit:320 - Calibration report: raw_brier=0.2485, cal_brier=0.13072
2026-04-08 01:41:39 | INFO     | app.pricing.models:fit:191 - Training LogisticRegression component...
2026-04-08 01:41:39 | INFO     | app.pricing.models:fit:193 - Training XGBoost component...
2026-04-08 01:41:39 | INFO     | app.pricing.calibration:fit:37 - Isotonic calibrator fitted.
2026-04-08 01:41:39 | INFO     | app.pricing.models:fit:320 - Calibration report: raw_brier=0.2560, cal_brier=0.13736
2026-04-08 01:41:39 | INFO     | app.pricing.models:fit:191 - Training LogisticRegression component...
2026-04-08 01:41:39 | INFO     | app.pricing.models:fit:193 - Training XGBoost component...
2026-04-08 01:41:39 | INFO     | app.pricing.calibration:fit:37 - Isotonic calibrator fitted.
2026-04-08 01:41:39 | INFO     | app.pricing.models:fit:320 - Calibration report: raw_brier=0.2148, cal_brier=0.0
2026-04-08 01:41:39 | INFO     | app.pricing.models:fit:191 - Training LogisticRegression component...
2026-04-08 01:41:39 | INFO     | app.pricing.models:fit:193 - Training XGBoost component...
2026-04-08 01:41:39 | INFO     | app.pricing.calibration:fit:37 - Isotonic calibrator fitted.
2026-04-08 01:41:39 | INFO     | app.pricing.models:fit:320 - Calibration report: raw_brier=0.2059, cal_brier=0.0
2026-04-08 01:41:39 | INFO     | app.pricing.models:fit:191 - Training LogisticRegression component...
2026-04-08 01:41:39 | INFO     | app.pricing.models:fit:193 - Training XGBoost component...
2026-04-08 01:41:39 | INFO     | app.pricing.calibration:fit:37 - Isotonic calibrator fitted.
2026-04-08 01:41:39 | INFO     | app.pricing.models:fit:320 - Calibration report: raw_brier=0.2368, cal_brier=0.0
2026-04-08 01:41:39 | INFO     | app.pricing.models:fit:191 - Training LogisticRegression component...
2026-04-08 01:41:39 | INFO     | app.pricing.models:fit:193 - Training XGBoost component...
2026-04-08 01:41:39 | INFO     | app.pricing.calibration:fit:37 - Isotonic calibrator fitted.
2026-04-08 01:41:39 | INFO     | app.pricing.models:fit:320 - Calibration report: raw_brier=0.2285, cal_brier=0.0
2026-04-08 01:41:39 | INFO     | app.pricing.models:fit:191 - Training LogisticRegression component...
2026-04-08 01:41:39 | INFO     | app.pricing.models:fit:193 - Training XGBoost component...
2026-04-08 01:41:39 | INFO     | app.pricing.calibration:fit:37 - Isotonic calibrator fitted.
2026-04-08 01:41:39 | INFO     | app.pricing.models:fit:320 - Calibration report: raw_brier=0.2451, cal_brier=0.0
2026-04-08 01:41:39 | INFO     | app.pricing.models:fit:191 - Training LogisticRegression component...
2026-04-08 01:41:39 | INFO     | app.pricing.models:fit:193 - Training XGBoost component...
2026-04-08 01:41:39 | INFO     | app.pricing.calibration:fit:37 - Isotonic calibrator fitted.
2026-04-08 01:41:39 | INFO     | app.pricing.models:fit:320 - Calibration report: raw_brier=0.2499, cal_brier=0.0
2026-04-08 01:41:39 | INFO     | app.pricing.models:fit:191 - Training LogisticRegression component...
2026-04-08 01:41:39 | INFO     | app.pricing.models:fit:193 - Training XGBoost component...
2026-04-08 01:41:39 | INFO     | app.pricing.calibration:fit:37 - Isotonic calibrator fitted.
2026-04-08 01:41:39 | INFO     | app.pricing.models:fit:320 - Calibration report: raw_brier=0.1044, cal_brier=0.0
2026-04-08 01:41:39 | INFO     | app.pricing.models:fit:191 - Training LogisticRegression component...
2026-04-08 01:41:39 | INFO     | app.pricing.models:fit:193 - Training XGBoost component...
2026-04-08 01:41:39 | INFO     | app.pricing.calibration:fit:37 - Isotonic calibrator fitted.
2026-04-08 01:41:39 | INFO     | app.pricing.models:fit:320 - Calibration report: raw_brier=0.0576, cal_brier=0.0
2026-04-08 01:41:39 | INFO     | app.pricing.models:fit:191 - Training LogisticRegression component...
2026-04-08 01:41:39 | INFO     | app.pricing.models:fit:193 - Training XGBoost component...
2026-04-08 01:41:39 | INFO     | app.pricing.calibration:fit:37 - Isotonic calibrator fitted.
2026-04-08 01:41:39 | INFO     | app.pricing.models:fit:320 - Calibration report: raw_brier=0.0555, cal_brier=0.0
2026-04-08 01:41:39 | INFO     | app.pricing.models:fit:191 - Training LogisticRegression component...
2026-04-08 01:41:39 | INFO     | app.pricing.models:fit:193 - Training XGBoost component...
2026-04-08 01:41:39 | INFO     | app.pricing.calibration:fit:37 - Isotonic calibrator fitted.
2026-04-08 01:41:39 | INFO     | app.pricing.models:fit:320 - Calibration report: raw_brier=0.0620, cal_brier=0.0
2026-04-08 01:41:39 | INFO     | app.pricing.models:fit:191 - Training LogisticRegression component...
2026-04-08 01:41:39 | INFO     | app.pricing.models:fit:193 - Training XGBoost component...
2026-04-08 01:41:40 | INFO     | app.pricing.calibration:fit:37 - Isotonic calibrator fitted.
2026-04-08 01:41:40 | INFO     | app.pricing.models:fit:320 - Calibration report: raw_brier=0.1352, cal_brier=0.02167
2026-04-08 01:41:40 | INFO     | app.pricing.models:fit:191 - Training LogisticRegression component...
2026-04-08 01:41:40 | INFO     | app.pricing.models:fit:193 - Training XGBoost component...
2026-04-08 01:41:40 | INFO     | app.pricing.calibration:fit:37 - Isotonic calibrator fitted.
2026-04-08 01:41:40 | INFO     | app.pricing.models:fit:320 - Calibration report: raw_brier=0.2047, cal_brier=0.0082
2026-04-08 01:41:40 | INFO     | app.pricing.models:fit:191 - Training LogisticRegression component...
2026-04-08 01:41:40 | INFO     | app.pricing.models:fit:193 - Training XGBoost component...
2026-04-08 01:41:40 | INFO     | app.pricing.calibration:fit:37 - Isotonic calibrator fitted.
2026-04-08 01:41:40 | INFO     | app.pricing.models:fit:320 - Calibration report: raw_brier=0.2124, cal_brier=0.0
2026-04-08 01:41:40 | INFO     | app.pricing.models:fit:191 - Training LogisticRegression component...
2026-04-08 01:41:40 | INFO     | app.pricing.models:fit:193 - Training XGBoost component...
2026-04-08 01:41:40 | INFO     | app.pricing.calibration:fit:37 - Isotonic calibrator fitted.
2026-04-08 01:41:40 | INFO     | app.pricing.models:fit:320 - Calibration report: raw_brier=0.2649, cal_brier=0.0
2026-04-08 01:41:40 | INFO     | app.pricing.models:fit:191 - Training LogisticRegression component...
2026-04-08 01:41:40 | INFO     | app.pricing.models:fit:193 - Training XGBoost component...
2026-04-08 01:41:40 | INFO     | app.pricing.calibration:fit:37 - Isotonic calibrator fitted.
2026-04-08 01:41:40 | INFO     | app.pricing.models:fit:320 - Calibration report: raw_brier=0.3235, cal_brier=0.0
2026-04-08 01:41:40 | INFO     | app.pricing.models:fit:191 - Training LogisticRegression component...
2026-04-08 01:41:40 | INFO     | app.pricing.models:fit:193 - Training XGBoost component...
2026-04-08 01:41:40 | INFO     | app.pricing.calibration:fit:37 - Isotonic calibrator fitted.
2026-04-08 01:41:40 | INFO     | app.pricing.models:fit:320 - Calibration report: raw_brier=0.3365, cal_brier=0.02083
2026-04-08 01:41:40 | INFO     | app.pricing.models:fit:191 - Training LogisticRegression component...
2026-04-08 01:41:40 | INFO     | app.pricing.models:fit:193 - Training XGBoost component...
2026-04-08 01:41:40 | INFO     | app.pricing.calibration:fit:37 - Isotonic calibrator fitted.
2026-04-08 01:41:40 | INFO     | app.pricing.models:fit:320 - Calibration report: raw_brier=0.3492, cal_brier=0.01538
2026-04-08 01:41:40 | INFO     | app.pricing.models:fit:191 - Training LogisticRegression component...
2026-04-08 01:41:40 | INFO     | app.pricing.models:fit:193 - Training XGBoost component...
2026-04-08 01:41:40 | INFO     | app.pricing.calibration:fit:37 - Isotonic calibrator fitted.
2026-04-08 01:41:40 | INFO     | app.pricing.models:fit:320 - Calibration report: raw_brier=0.3598, cal_brier=0.03319
2026-04-08 01:41:40 | INFO     | app.pricing.models:fit:191 - Training LogisticRegression component...
2026-04-08 01:41:40 | INFO     | app.pricing.models:fit:193 - Training XGBoost component...
2026-04-08 01:41:40 | INFO     | app.pricing.calibration:fit:37 - Isotonic calibrator fitted.
2026-04-08 01:41:40 | INFO     | app.pricing.models:fit:320 - Calibration report: raw_brier=0.3823, cal_brier=0.0
2026-04-08 01:41:40 | INFO     | app.pricing.models:fit:191 - Training LogisticRegression component...
2026-04-08 01:41:40 | INFO     | app.pricing.models:fit:193 - Training XGBoost component...
2026-04-08 01:41:40 | INFO     | app.pricing.calibration:fit:37 - Isotonic calibrator fitted.
2026-04-08 01:41:40 | INFO     | app.pricing.models:fit:320 - Calibration report: raw_brier=0.3954, cal_brier=0.0
2026-04-08 01:41:40 | INFO     | app.pricing.models:fit:191 - Training LogisticRegression component...
2026-04-08 01:41:40 | INFO     | app.pricing.models:fit:193 - Training XGBoost component...
2026-04-08 01:41:40 | INFO     | app.pricing.calibration:fit:37 - Isotonic calibrator fitted.
2026-04-08 01:41:40 | INFO     | app.pricing.models:fit:320 - Calibration report: raw_brier=0.4105, cal_brier=0.06684
2026-04-08 01:41:40 | INFO     | app.pricing.models:fit:191 - Training LogisticRegression component...
2026-04-08 01:41:40 | INFO     | app.pricing.models:fit:193 - Training XGBoost component...
2026-04-08 01:41:40 | INFO     | app.pricing.calibration:fit:37 - Isotonic calibrator fitted.
2026-04-08 01:41:40 | INFO     | app.pricing.models:fit:320 - Calibration report: raw_brier=0.4263, cal_brier=0.12077
2026-04-08 01:41:40 | INFO     | app.pricing.models:fit:191 - Training LogisticRegression component...
2026-04-08 01:41:40 | INFO     | app.pricing.models:fit:193 - Training XGBoost component...
2026-04-08 01:41:40 | INFO     | app.pricing.calibration:fit:37 - Isotonic calibrator fitted.
2026-04-08 01:41:40 | INFO     | app.pricing.models:fit:320 - Calibration report: raw_brier=0.4499, cal_brier=0.16722
2026-04-08 01:41:40 | INFO     | app.pricing.models:fit:191 - Training LogisticRegression component...
2026-04-08 01:41:40 | INFO     | app.pricing.models:fit:193 - Training XGBoost component...
2026-04-08 01:41:40 | INFO     | app.pricing.calibration:fit:37 - Isotonic calibrator fitted.
2026-04-08 01:41:40 | INFO     | app.pricing.models:fit:320 - Calibration report: raw_brier=0.4649, cal_brier=0.20408
2026-04-08 01:41:40 | INFO     | app.pricing.models:fit:191 - Training LogisticRegression component...
2026-04-08 01:41:40 | INFO     | app.pricing.models:fit:193 - Training XGBoost component...
2026-04-08 01:41:40 | INFO     | app.pricing.calibration:fit:37 - Isotonic calibrator fitted.
2026-04-08 01:41:40 | INFO     | app.pricing.models:fit:320 - Calibration report: raw_brier=0.3208, cal_brier=0.22813
2026-04-08 01:41:40 | INFO     | app.pricing.models:fit:191 - Training LogisticRegression component...
2026-04-08 01:41:40 | INFO     | app.pricing.models:fit:193 - Training XGBoost component...
2026-04-08 01:41:40 | INFO     | app.pricing.calibration:fit:37 - Isotonic calibrator fitted.
2026-04-08 01:41:40 | INFO     | app.pricing.models:fit:320 - Calibration report: raw_brier=0.2975, cal_brier=0.21368
2026-04-08 01:41:40 | INFO     | app.pricing.models:fit:191 - Training LogisticRegression component...
2026-04-08 01:41:40 | INFO     | app.pricing.models:fit:193 - Training XGBoost component...
2026-04-08 01:41:40 | INFO     | app.pricing.calibration:fit:37 - Isotonic calibrator fitted.
2026-04-08 01:41:40 | INFO     | app.pricing.models:fit:320 - Calibration report: raw_brier=0.2761, cal_brier=0.18029
2026-04-08 01:41:40 | INFO     | app.pricing.models:fit:191 - Training LogisticRegression component...
2026-04-08 01:41:40 | INFO     | app.pricing.models:fit:193 - Training XGBoost component...
2026-04-08 01:41:41 | INFO     | app.pricing.calibration:fit:37 - Isotonic calibrator fitted.
2026-04-08 01:41:41 | INFO     | app.pricing.models:fit:320 - Calibration report: raw_brier=0.2819, cal_brier=0.17459
2026-04-08 01:41:41 | INFO     | app.pricing.models:fit:191 - Training LogisticRegression component...
2026-04-08 01:41:41 | INFO     | app.pricing.models:fit:193 - Training XGBoost component...
2026-04-08 01:41:41 | INFO     | app.pricing.calibration:fit:37 - Isotonic calibrator fitted.
2026-04-08 01:41:41 | INFO     | app.pricing.models:fit:320 - Calibration report: raw_brier=0.2762, cal_brier=0.16892
2026-04-08 01:41:41 | INFO     | app.pricing.models:fit:191 - Training LogisticRegression component...
2026-04-08 01:41:41 | INFO     | app.pricing.models:fit:193 - Training XGBoost component...
2026-04-08 01:41:41 | INFO     | app.pricing.calibration:fit:37 - Isotonic calibrator fitted.
2026-04-08 01:41:41 | INFO     | app.pricing.models:fit:320 - Calibration report: raw_brier=0.2776, cal_brier=0.16667
2026-04-08 01:41:41 | INFO     | app.pricing.models:fit:191 - Training LogisticRegression component...
2026-04-08 01:41:41 | INFO     | app.pricing.models:fit:193 - Training XGBoost component...
2026-04-08 01:41:41 | INFO     | app.pricing.calibration:fit:37 - Isotonic calibrator fitted.
2026-04-08 01:41:41 | INFO     | app.pricing.models:fit:320 - Calibration report: raw_brier=0.1918, cal_brier=0.0
2026-04-08 01:41:41 | INFO     | app.pricing.models:fit:191 - Training LogisticRegression component...
2026-04-08 01:41:41 | INFO     | app.pricing.models:fit:193 - Training XGBoost component...
2026-04-08 01:41:41 | INFO     | app.pricing.calibration:fit:37 - Isotonic calibrator fitted.
2026-04-08 01:41:41 | INFO     | app.pricing.models:fit:320 - Calibration report: raw_brier=0.1964, cal_brier=0.0
2026-04-08 01:41:41 | INFO     | app.pricing.models:fit:191 - Training LogisticRegression component...
2026-04-08 01:41:41 | INFO     | app.pricing.models:fit:193 - Training XGBoost component...
2026-04-08 01:41:41 | INFO     | app.pricing.calibration:fit:37 - Isotonic calibrator fitted.
2026-04-08 01:41:41 | INFO     | app.pricing.models:fit:320 - Calibration report: raw_brier=0.1925, cal_brier=0.0
2026-04-08 01:41:41 | INFO     | app.pricing.models:fit:191 - Training LogisticRegression component...
2026-04-08 01:41:41 | INFO     | app.pricing.models:fit:193 - Training XGBoost component...
2026-04-08 01:41:41 | INFO     | app.pricing.calibration:fit:37 - Isotonic calibrator fitted.
2026-04-08 01:41:41 | INFO     | app.pricing.models:fit:320 - Calibration report: raw_brier=0.1955, cal_brier=0.0
2026-04-08 01:41:41 | INFO     | app.pricing.models:fit:191 - Training LogisticRegression component...
2026-04-08 01:41:41 | INFO     | app.pricing.models:fit:193 - Training XGBoost component...
2026-04-08 01:41:41 | INFO     | app.pricing.calibration:fit:37 - Isotonic calibrator fitted.
2026-04-08 01:41:41 | INFO     | app.pricing.models:fit:320 - Calibration report: raw_brier=0.1941, cal_brier=0.0
2026-04-08 01:41:41 | INFO     | app.pricing.models:fit:191 - Training LogisticRegression component...
2026-04-08 01:41:41 | INFO     | app.pricing.models:fit:193 - Training XGBoost component...
2026-04-08 01:41:41 | INFO     | app.pricing.calibration:fit:37 - Isotonic calibrator fitted.
2026-04-08 01:41:41 | INFO     | app.pricing.models:fit:320 - Calibration report: raw_brier=0.1738, cal_brier=0.05238
2026-04-08 01:41:41 | INFO     | app.pricing.models:fit:191 - Training LogisticRegression component...
2026-04-08 01:41:41 | INFO     | app.pricing.models:fit:193 - Training XGBoost component...
2026-04-08 01:41:41 | INFO     | app.pricing.calibration:fit:37 - Isotonic calibrator fitted.
2026-04-08 01:41:41 | INFO     | app.pricing.models:fit:320 - Calibration report: raw_brier=0.1083, cal_brier=0.05833
2026-04-08 01:41:41 | INFO     | app.pricing.models:fit:191 - Training LogisticRegression component...
2026-04-08 01:41:41 | INFO     | app.pricing.models:fit:193 - Training XGBoost component...
2026-04-08 01:41:41 | INFO     | app.pricing.calibration:fit:37 - Isotonic calibrator fitted.
2026-04-08 01:41:41 | INFO     | app.pricing.models:fit:320 - Calibration report: raw_brier=0.1034, cal_brier=0.05391
2026-04-08 01:41:41 | INFO     | app.pricing.models:fit:191 - Training LogisticRegression component...
2026-04-08 01:41:41 | INFO     | app.pricing.models:fit:193 - Training XGBoost component...
2026-04-08 01:41:41 | INFO     | app.pricing.calibration:fit:37 - Isotonic calibrator fitted.
2026-04-08 01:41:41 | INFO     | app.pricing.models:fit:320 - Calibration report: raw_brier=0.1119, cal_brier=0.04783
2026-04-08 01:41:41 | INFO     | app.pricing.models:fit:191 - Training LogisticRegression component...
2026-04-08 01:41:41 | INFO     | app.pricing.models:fit:193 - Training XGBoost component...
2026-04-08 01:41:41 | INFO     | app.pricing.calibration:fit:37 - Isotonic calibrator fitted.
2026-04-08 01:41:41 | INFO     | app.pricing.models:fit:320 - Calibration report: raw_brier=0.1242, cal_brier=0.05035
2026-04-08 01:41:41 | INFO     | app.pricing.models:fit:191 - Training LogisticRegression component...
2026-04-08 01:41:41 | INFO     | app.pricing.models:fit:193 - Training XGBoost component...
2026-04-08 01:41:41 | INFO     | app.pricing.calibration:fit:37 - Isotonic calibrator fitted.
2026-04-08 01:41:41 | INFO     | app.pricing.models:fit:320 - Calibration report: raw_brier=0.1216, cal_brier=0.0507
2026-04-08 01:41:41 | INFO     | app.pricing.models:fit:191 - Training LogisticRegression component...
2026-04-08 01:41:41 | INFO     | app.pricing.models:fit:193 - Training XGBoost component...
2026-04-08 01:41:41 | INFO     | app.pricing.calibration:fit:37 - Isotonic calibrator fitted.
2026-04-08 01:41:41 | INFO     | app.pricing.models:fit:320 - Calibration report: raw_brier=0.1262, cal_brier=0.05258
2026-04-08 01:41:41 | INFO     | app.pricing.models:fit:191 - Training LogisticRegression component...
2026-04-08 01:41:41 | INFO     | app.pricing.models:fit:193 - Training XGBoost component...
2026-04-08 01:41:41 | INFO     | app.pricing.calibration:fit:37 - Isotonic calibrator fitted.
2026-04-08 01:41:41 | INFO     | app.pricing.models:fit:320 - Calibration report: raw_brier=0.1200, cal_brier=0.05088
2026-04-08 01:41:41 | INFO     | app.pricing.models:fit:191 - Training LogisticRegression component...
2026-04-08 01:41:41 | INFO     | app.pricing.models:fit:193 - Training XGBoost component...
2026-04-08 01:41:41 | INFO     | app.pricing.calibration:fit:37 - Isotonic calibrator fitted.
2026-04-08 01:41:41 | INFO     | app.pricing.models:fit:320 - Calibration report: raw_brier=0.1152, cal_brier=0.04891
2026-04-08 01:41:41 | INFO     | app.pricing.models:fit:191 - Training LogisticRegression component...
2026-04-08 01:41:41 | INFO     | app.pricing.models:fit:193 - Training XGBoost component...
2026-04-08 01:41:42 | INFO     | app.pricing.calibration:fit:37 - Isotonic calibrator fitted.
2026-04-08 01:41:42 | INFO     | app.pricing.models:fit:320 - Calibration report: raw_brier=0.1157, cal_brier=0.04834
2026-04-08 01:41:42 | INFO     | app.pricing.models:fit:191 - Training LogisticRegression component...
2026-04-08 01:41:42 | INFO     | app.pricing.models:fit:193 - Training XGBoost component...
2026-04-08 01:41:42 | INFO     | app.pricing.calibration:fit:37 - Isotonic calibrator fitted.
2026-04-08 01:41:42 | INFO     | app.pricing.models:fit:320 - Calibration report: raw_brier=0.1118, cal_brier=0.04141
2026-04-08 01:41:42 | INFO     | app.pricing.models:fit:191 - Training LogisticRegression component...
2026-04-08 01:41:42 | INFO     | app.pricing.models:fit:193 - Training XGBoost component...
2026-04-08 01:41:42 | INFO     | app.pricing.calibration:fit:37 - Isotonic calibrator fitted.
2026-04-08 01:41:42 | INFO     | app.pricing.models:fit:320 - Calibration report: raw_brier=0.1168, cal_brier=0.04778
2026-04-08 01:41:42 | INFO     | app.pricing.models:fit:191 - Training LogisticRegression component...
2026-04-08 01:41:42 | INFO     | app.pricing.models:fit:193 - Training XGBoost component...
2026-04-08 01:41:42 | INFO     | app.pricing.calibration:fit:37 - Isotonic calibrator fitted.
2026-04-08 01:41:42 | INFO     | app.pricing.models:fit:320 - Calibration report: raw_brier=0.1011, cal_brier=0.02895
2026-04-08 01:41:42 | INFO     | app.pricing.models:fit:191 - Training LogisticRegression component...
2026-04-08 01:41:42 | INFO     | app.pricing.models:fit:193 - Training XGBoost component...
2026-04-08 01:41:42 | INFO     | app.pricing.calibration:fit:37 - Isotonic calibrator fitted.
2026-04-08 01:41:42 | INFO     | app.pricing.models:fit:320 - Calibration report: raw_brier=0.0931, cal_brier=0.01348
2026-04-08 01:41:42 | INFO     | app.pricing.models:fit:191 - Training LogisticRegression component...
2026-04-08 01:41:42 | INFO     | app.pricing.models:fit:193 - Training XGBoost component...
2026-04-08 01:41:42 | INFO     | app.pricing.calibration:fit:37 - Isotonic calibrator fitted.
2026-04-08 01:41:42 | INFO     | app.pricing.models:fit:320 - Calibration report: raw_brier=0.0918, cal_brier=0.0
2026-04-08 01:41:42 | INFO     | app.pricing.models:fit:191 - Training LogisticRegression component...
2026-04-08 01:41:42 | INFO     | app.pricing.models:fit:193 - Training XGBoost component...
2026-04-08 01:41:42 | INFO     | app.pricing.calibration:fit:37 - Isotonic calibrator fitted.
2026-04-08 01:41:42 | INFO     | app.pricing.models:fit:320 - Calibration report: raw_brier=0.0893, cal_brier=0.0
2026-04-08 01:41:42 | INFO     | app.pricing.models:fit:191 - Training LogisticRegression component...
2026-04-08 01:41:42 | INFO     | app.pricing.models:fit:193 - Training XGBoost component...
2026-04-08 01:41:42 | INFO     | app.pricing.calibration:fit:37 - Isotonic calibrator fitted.
2026-04-08 01:41:42 | INFO     | app.pricing.models:fit:320 - Calibration report: raw_brier=0.0831, cal_brier=0.0
2026-04-08 01:41:42 | INFO     | app.pricing.models:fit:191 - Training LogisticRegression component...
2026-04-08 01:41:42 | INFO     | app.pricing.models:fit:193 - Training XGBoost component...
2026-04-08 01:41:42 | INFO     | app.pricing.calibration:fit:37 - Isotonic calibrator fitted.
2026-04-08 01:41:42 | INFO     | app.pricing.models:fit:320 - Calibration report: raw_brier=0.0848, cal_brier=0.0
2026-04-08 01:41:42 | INFO     | app.pricing.models:fit:191 - Training LogisticRegression component...
2026-04-08 01:41:42 | INFO     | app.pricing.models:fit:193 - Training XGBoost component...
2026-04-08 01:41:42 | INFO     | app.pricing.calibration:fit:37 - Isotonic calibrator fitted.
2026-04-08 01:41:42 | INFO     | app.pricing.models:fit:320 - Calibration report: raw_brier=0.0406, cal_brier=0.0
2026-04-08 01:41:42 | INFO     | app.pricing.models:fit:191 - Training LogisticRegression component...
2026-04-08 01:41:42 | INFO     | app.pricing.models:fit:193 - Training XGBoost component...
2026-04-08 01:41:42 | INFO     | app.pricing.calibration:fit:37 - Isotonic calibrator fitted.
2026-04-08 01:41:42 | INFO     | app.pricing.models:fit:320 - Calibration report: raw_brier=0.0284, cal_brier=0.0
2026-04-08 01:41:42 | INFO     | app.pricing.models:fit:191 - Training LogisticRegression component...
2026-04-08 01:41:42 | INFO     | app.pricing.models:fit:193 - Training XGBoost component...
2026-04-08 01:41:42 | INFO     | app.pricing.calibration:fit:37 - Isotonic calibrator fitted.
2026-04-08 01:41:42 | INFO     | app.pricing.models:fit:320 - Calibration report: raw_brier=0.0361, cal_brier=0.0
2026-04-08 01:41:42 | INFO     | app.pricing.models:fit:191 - Training LogisticRegression component...
2026-04-08 01:41:42 | INFO     | app.pricing.models:fit:193 - Training XGBoost component...
2026-04-08 01:41:42 | INFO     | app.pricing.calibration:fit:37 - Isotonic calibrator fitted.
2026-04-08 01:41:42 | INFO     | app.pricing.models:fit:320 - Calibration report: raw_brier=0.0441, cal_brier=0.0
2026-04-08 01:41:42 | INFO     | app.pricing.models:fit:191 - Training LogisticRegression component...
2026-04-08 01:41:42 | INFO     | app.pricing.models:fit:193 - Training XGBoost component...
2026-04-08 01:41:42 | INFO     | app.pricing.calibration:fit:37 - Isotonic calibrator fitted.
2026-04-08 01:41:42 | INFO     | app.pricing.models:fit:320 - Calibration report: raw_brier=0.0529, cal_brier=0.0
2026-04-08 01:41:42 | INFO     | app.pricing.models:fit:191 - Training LogisticRegression component...
2026-04-08 01:41:42 | INFO     | app.pricing.models:fit:193 - Training XGBoost component...
2026-04-08 01:41:43 | INFO     | app.pricing.calibration:fit:37 - Isotonic calibrator fitted.
2026-04-08 01:41:43 | INFO     | app.pricing.models:fit:320 - Calibration report: raw_brier=0.0647, cal_brier=0.0
2026-04-08 01:41:43 | INFO     | app.pricing.models:fit:191 - Training LogisticRegression component...
2026-04-08 01:41:43 | INFO     | app.pricing.models:fit:193 - Training XGBoost component...
2026-04-08 01:41:43 | INFO     | app.pricing.calibration:fit:37 - Isotonic calibrator fitted.
2026-04-08 01:41:43 | INFO     | app.pricing.models:fit:320 - Calibration report: raw_brier=0.0712, cal_brier=0.0
2026-04-08 01:41:43 | INFO     | app.pricing.models:fit:191 - Training LogisticRegression component...
2026-04-08 01:41:43 | INFO     | app.pricing.models:fit:193 - Training XGBoost component...
2026-04-08 01:41:43 | INFO     | app.pricing.calibration:fit:37 - Isotonic calibrator fitted.
2026-04-08 01:41:43 | INFO     | app.pricing.models:fit:320 - Calibration report: raw_brier=0.0857, cal_brier=0.02551
2026-04-08 01:41:43 | INFO     | app.pricing.models:fit:191 - Training LogisticRegression component...
2026-04-08 01:41:43 | INFO     | app.pricing.models:fit:193 - Training XGBoost component...
2026-04-08 01:41:43 | INFO     | app.pricing.calibration:fit:37 - Isotonic calibrator fitted.
2026-04-08 01:41:43 | INFO     | app.pricing.models:fit:320 - Calibration report: raw_brier=0.0942, cal_brier=0.0
2026-04-08 01:41:43 | INFO     | app.pricing.models:fit:191 - Training LogisticRegression component...
2026-04-08 01:41:43 | INFO     | app.pricing.models:fit:193 - Training XGBoost component...
2026-04-08 01:41:43 | INFO     | app.pricing.calibration:fit:37 - Isotonic calibrator fitted.
2026-04-08 01:41:43 | INFO     | app.pricing.models:fit:320 - Calibration report: raw_brier=0.1095, cal_brier=0.01783
2026-04-08 01:41:43 | INFO     | app.pricing.models:fit:191 - Training LogisticRegression component...
2026-04-08 01:41:43 | INFO     | app.pricing.models:fit:193 - Training XGBoost component...
2026-04-08 01:41:43 | INFO     | app.pricing.calibration:fit:37 - Isotonic calibrator fitted.
2026-04-08 01:41:43 | INFO     | app.pricing.models:fit:320 - Calibration report: raw_brier=0.1198, cal_brier=0.03156
2026-04-08 01:41:43 | INFO     | app.pricing.models:fit:191 - Training LogisticRegression component...
2026-04-08 01:41:43 | INFO     | app.pricing.models:fit:193 - Training XGBoost component...
2026-04-08 01:41:43 | INFO     | app.pricing.calibration:fit:37 - Isotonic calibrator fitted.
2026-04-08 01:41:43 | INFO     | app.pricing.models:fit:320 - Calibration report: raw_brier=0.1283, cal_brier=0.00825
2026-04-08 01:41:43 | INFO     | app.pricing.models:fit:191 - Training LogisticRegression component...
2026-04-08 01:41:43 | INFO     | app.pricing.models:fit:193 - Training XGBoost component...
2026-04-08 01:41:43 | INFO     | app.pricing.calibration:fit:37 - Isotonic calibrator fitted.
2026-04-08 01:41:43 | INFO     | app.pricing.models:fit:320 - Calibration report: raw_brier=0.1442, cal_brier=0.10526
2026-04-08 01:41:43 | INFO     | app.pricing.models:fit:191 - Training LogisticRegression component...
2026-04-08 01:41:43 | INFO     | app.pricing.models:fit:193 - Training XGBoost component...
2026-04-08 01:41:43 | INFO     | app.pricing.calibration:fit:37 - Isotonic calibrator fitted.
2026-04-08 01:41:43 | INFO     | app.pricing.models:fit:320 - Calibration report: raw_brier=0.1623, cal_brier=0.14297
2026-04-08 01:41:43 | INFO     | app.pricing.models:fit:191 - Training LogisticRegression component...
2026-04-08 01:41:43 | INFO     | app.pricing.models:fit:193 - Training XGBoost component...
2026-04-08 01:41:43 | INFO     | app.pricing.calibration:fit:37 - Isotonic calibrator fitted.
2026-04-08 01:41:43 | INFO     | app.pricing.models:fit:320 - Calibration report: raw_brier=0.1665, cal_brier=0.14159
2026-04-08 01:41:43 | INFO     | app.pricing.models:fit:191 - Training LogisticRegression component...
2026-04-08 01:41:43 | INFO     | app.pricing.models:fit:193 - Training XGBoost component...
2026-04-08 01:41:43 | INFO     | app.pricing.calibration:fit:37 - Isotonic calibrator fitted.
2026-04-08 01:41:43 | INFO     | app.pricing.models:fit:320 - Calibration report: raw_brier=0.1831, cal_brier=0.15453
2026-04-08 01:41:43 | INFO     | app.pricing.models:fit:191 - Training LogisticRegression component...
2026-04-08 01:41:43 | INFO     | app.pricing.models:fit:193 - Training XGBoost component...
2026-04-08 01:41:43 | INFO     | app.pricing.calibration:fit:37 - Isotonic calibrator fitted.
2026-04-08 01:41:43 | INFO     | app.pricing.models:fit:320 - Calibration report: raw_brier=0.1916, cal_brier=0.15873
2026-04-08 01:41:43 | INFO     | app.pricing.models:fit:191 - Training LogisticRegression component...
2026-04-08 01:41:43 | INFO     | app.pricing.models:fit:193 - Training XGBoost component...
2026-04-08 01:41:43 | INFO     | app.pricing.calibration:fit:37 - Isotonic calibrator fitted.
2026-04-08 01:41:43 | INFO     | app.pricing.models:fit:320 - Calibration report: raw_brier=0.1975, cal_brier=0.15873
2026-04-08 01:41:43 | INFO     | app.pricing.models:fit:191 - Training LogisticRegression component...
2026-04-08 01:41:43 | INFO     | app.pricing.models:fit:193 - Training XGBoost component...
2026-04-08 01:41:43 | INFO     | app.pricing.calibration:fit:37 - Isotonic calibrator fitted.
2026-04-08 01:41:43 | INFO     | app.pricing.models:fit:320 - Calibration report: raw_brier=0.2039, cal_brier=0.15723
2026-04-08 01:41:43 | INFO     | app.pricing.models:fit:191 - Training LogisticRegression component...
2026-04-08 01:41:43 | INFO     | app.pricing.models:fit:193 - Training XGBoost component...
2026-04-08 01:41:43 | INFO     | app.pricing.calibration:fit:37 - Isotonic calibrator fitted.
2026-04-08 01:41:43 | INFO     | app.pricing.models:fit:320 - Calibration report: raw_brier=0.2045, cal_brier=0.15576
2026-04-08 01:41:43 | INFO     | app.pricing.models:fit:191 - Training LogisticRegression component...
2026-04-08 01:41:43 | INFO     | app.pricing.models:fit:193 - Training XGBoost component...
2026-04-08 01:41:44 | INFO     | app.pricing.calibration:fit:37 - Isotonic calibrator fitted.
2026-04-08 01:41:44 | INFO     | app.pricing.models:fit:320 - Calibration report: raw_brier=0.2124, cal_brier=0.15432
2026-04-08 01:41:44 | INFO     | app.pricing.models:fit:191 - Training LogisticRegression component...
2026-04-08 01:41:44 | INFO     | app.pricing.models:fit:193 - Training XGBoost component...
2026-04-08 01:41:44 | INFO     | app.pricing.calibration:fit:37 - Isotonic calibrator fitted.
2026-04-08 01:41:44 | INFO     | app.pricing.models:fit:320 - Calibration report: raw_brier=0.2053, cal_brier=0.15432
2026-04-08 01:41:44 | INFO     | app.pricing.models:fit:191 - Training LogisticRegression component...
2026-04-08 01:41:44 | INFO     | app.pricing.models:fit:193 - Training XGBoost component...
2026-04-08 01:41:44 | INFO     | app.pricing.calibration:fit:37 - Isotonic calibrator fitted.
2026-04-08 01:41:44 | INFO     | app.pricing.models:fit:320 - Calibration report: raw_brier=0.2059, cal_brier=0.15291
2026-04-08 01:41:44 | INFO     | app.pricing.models:fit:191 - Training LogisticRegression component...
2026-04-08 01:41:44 | INFO     | app.pricing.models:fit:193 - Training XGBoost component...
2026-04-08 01:41:44 | INFO     | app.pricing.calibration:fit:37 - Isotonic calibrator fitted.
2026-04-08 01:41:44 | INFO     | app.pricing.models:fit:320 - Calibration report: raw_brier=0.2047, cal_brier=0.15152
2026-04-08 01:41:44 | INFO     | app.pricing.models:fit:191 - Training LogisticRegression component...
2026-04-08 01:41:44 | INFO     | app.pricing.models:fit:193 - Training XGBoost component...
2026-04-08 01:41:44 | INFO     | app.pricing.calibration:fit:37 - Isotonic calibrator fitted.
2026-04-08 01:41:44 | INFO     | app.pricing.models:fit:320 - Calibration report: raw_brier=0.1720, cal_brier=0.11482
2026-04-08 01:41:44 | INFO     | app.pricing.models:fit:191 - Training LogisticRegression component...
2026-04-08 01:41:44 | INFO     | app.pricing.models:fit:193 - Training XGBoost component...
2026-04-08 01:41:44 | INFO     | app.pricing.calibration:fit:37 - Isotonic calibrator fitted.
2026-04-08 01:41:44 | INFO     | app.pricing.models:fit:320 - Calibration report: raw_brier=0.1746, cal_brier=0.11482
2026-04-08 01:41:44 | INFO     | app.pricing.models:fit:191 - Training LogisticRegression component...
2026-04-08 01:41:44 | INFO     | app.pricing.models:fit:193 - Training XGBoost component...
2026-04-08 01:41:44 | INFO     | app.pricing.calibration:fit:37 - Isotonic calibrator fitted.
2026-04-08 01:41:44 | INFO     | app.pricing.models:fit:320 - Calibration report: raw_brier=0.1706, cal_brier=0.1138
2026-04-08 01:41:44 | INFO     | app.pricing.models:fit:191 - Training LogisticRegression component...
2026-04-08 01:41:44 | INFO     | app.pricing.models:fit:193 - Training XGBoost component...
2026-04-08 01:41:44 | INFO     | app.pricing.calibration:fit:37 - Isotonic calibrator fitted.
2026-04-08 01:41:44 | INFO     | app.pricing.models:fit:320 - Calibration report: raw_brier=0.1741, cal_brier=0.12278
2026-04-08 01:41:44 | INFO     | app.pricing.models:fit:191 - Training LogisticRegression component...
2026-04-08 01:41:44 | INFO     | app.pricing.models:fit:193 - Training XGBoost component...
2026-04-08 01:41:44 | INFO     | app.pricing.calibration:fit:37 - Isotonic calibrator fitted.
2026-04-08 01:41:44 | INFO     | app.pricing.models:fit:320 - Calibration report: raw_brier=0.1818, cal_brier=0.12969
2026-04-08 01:41:44 | INFO     | app.pricing.models:fit:191 - Training LogisticRegression component...
2026-04-08 01:41:44 | INFO     | app.pricing.models:fit:193 - Training XGBoost component...
2026-04-08 01:41:44 | INFO     | app.pricing.calibration:fit:37 - Isotonic calibrator fitted.
2026-04-08 01:41:44 | INFO     | app.pricing.models:fit:320 - Calibration report: raw_brier=0.1942, cal_brier=0.17016
2026-04-08 01:41:44 | INFO     | app.pricing.models:fit:191 - Training LogisticRegression component...
2026-04-08 01:41:44 | INFO     | app.pricing.models:fit:193 - Training XGBoost component...
2026-04-08 01:41:44 | INFO     | app.pricing.calibration:fit:37 - Isotonic calibrator fitted.
2026-04-08 01:41:44 | INFO     | app.pricing.models:fit:320 - Calibration report: raw_brier=0.2235, cal_brier=0.12451
2026-04-08 01:41:44 | INFO     | app.pricing.models:fit:191 - Training LogisticRegression component...
2026-04-08 01:41:44 | INFO     | app.pricing.models:fit:193 - Training XGBoost component...
2026-04-08 01:41:44 | INFO     | app.pricing.calibration:fit:37 - Isotonic calibrator fitted.
2026-04-08 01:41:44 | INFO     | app.pricing.models:fit:320 - Calibration report: raw_brier=0.2445, cal_brier=0.13694
2026-04-08 01:41:44 | INFO     | app.pricing.models:fit:191 - Training LogisticRegression component...
2026-04-08 01:41:44 | INFO     | app.pricing.models:fit:193 - Training XGBoost component...
2026-04-08 01:41:44 | INFO     | app.pricing.calibration:fit:37 - Isotonic calibrator fitted.
2026-04-08 01:41:44 | INFO     | app.pricing.models:fit:320 - Calibration report: raw_brier=0.2425, cal_brier=0.13051
2026-04-08 01:41:44 | INFO     | app.pricing.models:fit:191 - Training LogisticRegression component...
2026-04-08 01:41:44 | INFO     | app.pricing.models:fit:193 - Training XGBoost component...
2026-04-08 01:41:44 | INFO     | app.pricing.calibration:fit:37 - Isotonic calibrator fitted.
2026-04-08 01:41:44 | INFO     | app.pricing.models:fit:320 - Calibration report: raw_brier=0.2383, cal_brier=0.15139
2026-04-08 01:41:44 | INFO     | app.pricing.models:fit:191 - Training LogisticRegression component...
2026-04-08 01:41:44 | INFO     | app.pricing.models:fit:193 - Training XGBoost component...
2026-04-08 01:41:44 | INFO     | app.pricing.calibration:fit:37 - Isotonic calibrator fitted.
2026-04-08 01:41:44 | INFO     | app.pricing.models:fit:320 - Calibration report: raw_brier=0.2327, cal_brier=0.1289
2026-04-08 01:41:45 | INFO     | app.pricing.models:fit:191 - Training LogisticRegression component...
2026-04-08 01:41:45 | INFO     | app.pricing.models:fit:193 - Training XGBoost component...
2026-04-08 01:41:45 | INFO     | app.pricing.calibration:fit:37 - Isotonic calibrator fitted.
2026-04-08 01:41:45 | INFO     | app.pricing.models:fit:320 - Calibration report: raw_brier=0.2142, cal_brier=0.14006
2026-04-08 01:41:45 | INFO     | app.pricing.models:fit:191 - Training LogisticRegression component...
2026-04-08 01:41:45 | INFO     | app.pricing.models:fit:193 - Training XGBoost component...
2026-04-08 01:41:45 | INFO     | app.pricing.calibration:fit:37 - Isotonic calibrator fitted.
2026-04-08 01:41:45 | INFO     | app.pricing.models:fit:320 - Calibration report: raw_brier=0.1950, cal_brier=0.11418
2026-04-08 01:41:45 | INFO     | app.pricing.models:fit:191 - Training LogisticRegression component...
2026-04-08 01:41:45 | INFO     | app.pricing.models:fit:193 - Training XGBoost component...
2026-04-08 01:41:45 | INFO     | app.pricing.calibration:fit:37 - Isotonic calibrator fitted.
2026-04-08 01:41:45 | INFO     | app.pricing.models:fit:320 - Calibration report: raw_brier=0.1997, cal_brier=0.13254
2026-04-08 01:41:45 | INFO     | app.pricing.models:fit:191 - Training LogisticRegression component...
2026-04-08 01:41:45 | INFO     | app.pricing.models:fit:193 - Training XGBoost component...
2026-04-08 01:41:45 | INFO     | app.pricing.calibration:fit:37 - Isotonic calibrator fitted.
2026-04-08 01:41:45 | INFO     | app.pricing.models:fit:320 - Calibration report: raw_brier=0.2081, cal_brier=0.14765
2026-04-08 01:41:45 | INFO     | app.pricing.models:fit:191 - Training LogisticRegression component...
2026-04-08 01:41:45 | INFO     | app.pricing.models:fit:193 - Training XGBoost component...
2026-04-08 01:41:45 | INFO     | app.pricing.calibration:fit:37 - Isotonic calibrator fitted.
2026-04-08 01:41:45 | INFO     | app.pricing.models:fit:320 - Calibration report: raw_brier=0.2162, cal_brier=0.15673
2026-04-08 01:41:45 | INFO     | app.pricing.models:fit:191 - Training LogisticRegression component...
2026-04-08 01:41:45 | INFO     | app.pricing.models:fit:193 - Training XGBoost component...
2026-04-08 01:41:45 | INFO     | app.pricing.calibration:fit:37 - Isotonic calibrator fitted.
2026-04-08 01:41:45 | INFO     | app.pricing.models:fit:320 - Calibration report: raw_brier=0.2252, cal_brier=0.1665
2026-04-08 01:41:45 | INFO     | app.pricing.models:fit:191 - Training LogisticRegression component...
2026-04-08 01:41:45 | INFO     | app.pricing.models:fit:193 - Training XGBoost component...
2026-04-08 01:41:45 | INFO     | app.pricing.calibration:fit:37 - Isotonic calibrator fitted.
2026-04-08 01:41:45 | INFO     | app.pricing.models:fit:320 - Calibration report: raw_brier=0.2272, cal_brier=0.15696
2026-04-08 01:41:45 | INFO     | app.pricing.models:fit:191 - Training LogisticRegression component...
2026-04-08 01:41:45 | INFO     | app.pricing.models:fit:193 - Training XGBoost component...
2026-04-08 01:41:45 | INFO     | app.pricing.calibration:fit:37 - Isotonic calibrator fitted.
2026-04-08 01:41:45 | INFO     | app.pricing.models:fit:320 - Calibration report: raw_brier=0.2092, cal_brier=0.1335
2026-04-08 01:41:45 | INFO     | app.pricing.models:fit:191 - Training LogisticRegression component...
2026-04-08 01:41:45 | INFO     | app.pricing.models:fit:193 - Training XGBoost component...
2026-04-08 01:41:45 | INFO     | app.pricing.calibration:fit:37 - Isotonic calibrator fitted.
2026-04-08 01:41:45 | INFO     | app.pricing.models:fit:320 - Calibration report: raw_brier=0.2057, cal_brier=0.13333
2026-04-08 01:41:45 | INFO     | app.pricing.models:fit:191 - Training LogisticRegression component...
2026-04-08 01:41:45 | INFO     | app.pricing.models:fit:193 - Training XGBoost component...
2026-04-08 01:41:45 | INFO     | app.pricing.calibration:fit:37 - Isotonic calibrator fitted.
2026-04-08 01:41:45 | INFO     | app.pricing.models:fit:320 - Calibration report: raw_brier=0.2004, cal_brier=0.12228
2026-04-08 01:41:45 | INFO     | app.pricing.models:fit:191 - Training LogisticRegression component...
2026-04-08 01:41:45 | INFO     | app.pricing.models:fit:193 - Training XGBoost component...
2026-04-08 01:41:45 | INFO     | app.pricing.calibration:fit:37 - Isotonic calibrator fitted.
2026-04-08 01:41:45 | INFO     | app.pricing.models:fit:320 - Calibration report: raw_brier=0.1954, cal_brier=0.13262
2026-04-08 01:41:45 | INFO     | app.pricing.models:fit:191 - Training LogisticRegression component...
2026-04-08 01:41:45 | INFO     | app.pricing.models:fit:193 - Training XGBoost component...
2026-04-08 01:41:45 | INFO     | app.pricing.calibration:fit:37 - Isotonic calibrator fitted.
2026-04-08 01:41:45 | INFO     | app.pricing.models:fit:320 - Calibration report: raw_brier=0.1936, cal_brier=0.13294
2026-04-08 01:41:45 | INFO     | app.pricing.models:fit:191 - Training LogisticRegression component...
2026-04-08 01:41:45 | INFO     | app.pricing.models:fit:193 - Training XGBoost component...
2026-04-08 01:41:45 | INFO     | app.pricing.calibration:fit:37 - Isotonic calibrator fitted.
2026-04-08 01:41:45 | INFO     | app.pricing.models:fit:320 - Calibration report: raw_brier=0.2186, cal_brier=0.14423
2026-04-08 01:41:45 | INFO     | app.pricing.models:fit:191 - Training LogisticRegression component...
2026-04-08 01:41:45 | INFO     | app.pricing.models:fit:193 - Training XGBoost component...
2026-04-08 01:41:45 | INFO     | app.pricing.calibration:fit:37 - Isotonic calibrator fitted.
2026-04-08 01:41:45 | INFO     | app.pricing.models:fit:320 - Calibration report: raw_brier=0.2470, cal_brier=0.15106
2026-04-08 01:41:45 | INFO     | app.pricing.models:fit:191 - Training LogisticRegression component...
2026-04-08 01:41:45 | INFO     | app.pricing.models:fit:193 - Training XGBoost component...
2026-04-08 01:41:46 | INFO     | app.pricing.calibration:fit:37 - Isotonic calibrator fitted.
2026-04-08 01:41:46 | INFO     | app.pricing.models:fit:320 - Calibration report: raw_brier=0.2742, cal_brier=0.15308
2026-04-08 01:41:46 | INFO     | app.pricing.models:fit:191 - Training LogisticRegression component...
2026-04-08 01:41:46 | INFO     | app.pricing.models:fit:193 - Training XGBoost component...
2026-04-08 01:41:46 | INFO     | app.pricing.calibration:fit:37 - Isotonic calibrator fitted.
2026-04-08 01:41:46 | INFO     | app.pricing.models:fit:320 - Calibration report: raw_brier=0.2967, cal_brier=0.15144
2026-04-08 01:41:46 | INFO     | app.pricing.models:fit:191 - Training LogisticRegression component...
2026-04-08 01:41:46 | INFO     | app.pricing.models:fit:193 - Training XGBoost component...
2026-04-08 01:41:46 | INFO     | app.pricing.calibration:fit:37 - Isotonic calibrator fitted.
2026-04-08 01:41:46 | INFO     | app.pricing.models:fit:320 - Calibration report: raw_brier=0.3241, cal_brier=0.14607
2026-04-08 01:41:46 | INFO     | app.pricing.models:fit:191 - Training LogisticRegression component...
2026-04-08 01:41:46 | INFO     | app.pricing.models:fit:193 - Training XGBoost component...
2026-04-08 01:41:46 | INFO     | app.pricing.calibration:fit:37 - Isotonic calibrator fitted.
2026-04-08 01:41:46 | INFO     | app.pricing.models:fit:320 - Calibration report: raw_brier=0.3412, cal_brier=0.1372
2026-04-08 01:41:46 | INFO     | app.pricing.models:fit:191 - Training LogisticRegression component...
2026-04-08 01:41:46 | INFO     | app.pricing.models:fit:193 - Training XGBoost component...
2026-04-08 01:41:46 | INFO     | app.pricing.calibration:fit:37 - Isotonic calibrator fitted.
2026-04-08 01:41:46 | INFO     | app.pricing.models:fit:320 - Calibration report: raw_brier=0.2638, cal_brier=0.10223
2026-04-08 01:41:46 | INFO     | app.pricing.models:fit:191 - Training LogisticRegression component...
2026-04-08 01:41:46 | INFO     | app.pricing.models:fit:193 - Training XGBoost component...
2026-04-08 01:41:46 | INFO     | app.pricing.calibration:fit:37 - Isotonic calibrator fitted.
2026-04-08 01:41:46 | INFO     | app.pricing.models:fit:320 - Calibration report: raw_brier=0.1933, cal_brier=0.05992
2026-04-08 01:41:46 | INFO     | app.pricing.models:fit:191 - Training LogisticRegression component...
2026-04-08 01:41:46 | INFO     | app.pricing.models:fit:193 - Training XGBoost component...
2026-04-08 01:41:46 | INFO     | app.pricing.calibration:fit:37 - Isotonic calibrator fitted.
2026-04-08 01:41:46 | INFO     | app.pricing.models:fit:320 - Calibration report: raw_brier=0.1968, cal_brier=0.06772
2026-04-08 01:41:46 | INFO     | app.pricing.models:fit:191 - Training LogisticRegression component...
2026-04-08 01:41:46 | INFO     | app.pricing.models:fit:193 - Training XGBoost component...
2026-04-08 01:41:46 | INFO     | app.pricing.calibration:fit:37 - Isotonic calibrator fitted.
2026-04-08 01:41:46 | INFO     | app.pricing.models:fit:320 - Calibration report: raw_brier=0.2067, cal_brier=0.06899
2026-04-08 01:41:46 | INFO     | app.pricing.models:fit:191 - Training LogisticRegression component...
2026-04-08 01:41:46 | INFO     | app.pricing.models:fit:193 - Training XGBoost component...
2026-04-08 01:41:46 | INFO     | app.pricing.calibration:fit:37 - Isotonic calibrator fitted.
2026-04-08 01:41:46 | INFO     | app.pricing.models:fit:320 - Calibration report: raw_brier=0.2230, cal_brier=0.08311
2026-04-08 01:41:46 | INFO     | app.pricing.models:fit:191 - Training LogisticRegression component...
2026-04-08 01:41:46 | INFO     | app.pricing.models:fit:193 - Training XGBoost component...
2026-04-08 01:41:46 | INFO     | app.pricing.calibration:fit:37 - Isotonic calibrator fitted.
2026-04-08 01:41:46 | INFO     | app.pricing.models:fit:320 - Calibration report: raw_brier=0.2415, cal_brier=0.06825
2026-04-08 01:41:46 | INFO     | app.pricing.models:fit:191 - Training LogisticRegression component...
2026-04-08 01:41:46 | INFO     | app.pricing.models:fit:193 - Training XGBoost component...
2026-04-08 01:41:46 | INFO     | app.pricing.calibration:fit:37 - Isotonic calibrator fitted.
2026-04-08 01:41:46 | INFO     | app.pricing.models:fit:320 - Calibration report: raw_brier=0.2554, cal_brier=0.06861
2026-04-08 01:41:46 | INFO     | app.pricing.models:fit:191 - Training LogisticRegression component...
2026-04-08 01:41:46 | INFO     | app.pricing.models:fit:193 - Training XGBoost component...
2026-04-08 01:41:46 | INFO     | app.pricing.calibration:fit:37 - Isotonic calibrator fitted.
2026-04-08 01:41:46 | INFO     | app.pricing.models:fit:320 - Calibration report: raw_brier=0.2678, cal_brier=0.06563
2026-04-08 01:41:46 | INFO     | app.pricing.models:fit:191 - Training LogisticRegression component...
2026-04-08 01:41:46 | INFO     | app.pricing.models:fit:193 - Training XGBoost component...
2026-04-08 01:41:46 | INFO     | app.pricing.calibration:fit:37 - Isotonic calibrator fitted.
2026-04-08 01:41:46 | INFO     | app.pricing.models:fit:320 - Calibration report: raw_brier=0.2868, cal_brier=0.07331
2026-04-08 01:41:46 | INFO     | app.pricing.models:fit:191 - Training LogisticRegression component...
2026-04-08 01:41:46 | INFO     | app.pricing.models:fit:193 - Training XGBoost component...
2026-04-08 01:41:47 | INFO     | app.pricing.calibration:fit:37 - Isotonic calibrator fitted.
2026-04-08 01:41:47 | INFO     | app.pricing.models:fit:320 - Calibration report: raw_brier=0.2989, cal_brier=0.09641
2026-04-08 01:41:47 | INFO     | app.pricing.models:fit:191 - Training LogisticRegression component...
2026-04-08 01:41:47 | INFO     | app.pricing.models:fit:193 - Training XGBoost component...
2026-04-08 01:41:47 | INFO     | app.pricing.calibration:fit:37 - Isotonic calibrator fitted.
2026-04-08 01:41:47 | INFO     | app.pricing.models:fit:320 - Calibration report: raw_brier=0.3182, cal_brier=0.13235
2026-04-08 01:41:47 | INFO     | app.pricing.models:fit:191 - Training LogisticRegression component...
2026-04-08 01:41:47 | INFO     | app.pricing.models:fit:193 - Training XGBoost component...
2026-04-08 01:41:47 | INFO     | app.pricing.calibration:fit:37 - Isotonic calibrator fitted.
2026-04-08 01:41:47 | INFO     | app.pricing.models:fit:320 - Calibration report: raw_brier=0.3307, cal_brier=0.16093
2026-04-08 01:41:47 | INFO     | app.pricing.models:fit:191 - Training LogisticRegression component...
2026-04-08 01:41:47 | INFO     | app.pricing.models:fit:193 - Training XGBoost component...
2026-04-08 01:41:47 | INFO     | app.pricing.calibration:fit:37 - Isotonic calibrator fitted.
2026-04-08 01:41:47 | INFO     | app.pricing.models:fit:320 - Calibration report: raw_brier=0.3305, cal_brier=0.17464
2026-04-08 01:41:47 | INFO     | app.pricing.models:fit:191 - Training LogisticRegression component...
2026-04-08 01:41:47 | INFO     | app.pricing.models:fit:193 - Training XGBoost component...
2026-04-08 01:41:47 | INFO     | app.pricing.calibration:fit:37 - Isotonic calibrator fitted.
2026-04-08 01:41:47 | INFO     | app.pricing.models:fit:320 - Calibration report: raw_brier=0.3289, cal_brier=0.18077
2026-04-08 01:41:47 | INFO     | app.pricing.models:fit:191 - Training LogisticRegression component...
2026-04-08 01:41:47 | INFO     | app.pricing.models:fit:193 - Training XGBoost component...
2026-04-08 01:41:47 | INFO     | app.pricing.calibration:fit:37 - Isotonic calibrator fitted.
2026-04-08 01:41:47 | INFO     | app.pricing.models:fit:320 - Calibration report: raw_brier=0.3326, cal_brier=0.18189
2026-04-08 01:41:47 | INFO     | app.pricing.models:fit:191 - Training LogisticRegression component...
2026-04-08 01:41:47 | INFO     | app.pricing.models:fit:193 - Training XGBoost component...
2026-04-08 01:41:47 | INFO     | app.pricing.calibration:fit:37 - Isotonic calibrator fitted.
2026-04-08 01:41:47 | INFO     | app.pricing.models:fit:320 - Calibration report: raw_brier=0.3232, cal_brier=0.17426
2026-04-08 01:41:47 | INFO     | app.pricing.models:fit:191 - Training LogisticRegression component...
2026-04-08 01:41:47 | INFO     | app.pricing.models:fit:193 - Training XGBoost component...
2026-04-08 01:41:47 | INFO     | app.pricing.calibration:fit:37 - Isotonic calibrator fitted.
2026-04-08 01:41:47 | INFO     | app.pricing.models:fit:320 - Calibration report: raw_brier=0.3188, cal_brier=0.17715
2026-04-08 01:41:47 | INFO     | app.pricing.models:fit:191 - Training LogisticRegression component...
2026-04-08 01:41:47 | INFO     | app.pricing.models:fit:193 - Training XGBoost component...
2026-04-08 01:41:47 | INFO     | app.pricing.calibration:fit:37 - Isotonic calibrator fitted.
2026-04-08 01:41:47 | INFO     | app.pricing.models:fit:320 - Calibration report: raw_brier=0.3222, cal_brier=0.17094
2026-04-08 01:41:47 | INFO     | app.pricing.models:fit:191 - Training LogisticRegression component...
2026-04-08 01:41:47 | INFO     | app.pricing.models:fit:193 - Training XGBoost component...
2026-04-08 01:41:47 | INFO     | app.pricing.calibration:fit:37 - Isotonic calibrator fitted.
2026-04-08 01:41:47 | INFO     | app.pricing.models:fit:320 - Calibration report: raw_brier=0.3179, cal_brier=0.16403
2026-04-08 01:41:47 | INFO     | app.pricing.models:fit:191 - Training LogisticRegression component...
2026-04-08 01:41:47 | INFO     | app.pricing.models:fit:193 - Training XGBoost component...
2026-04-08 01:41:47 | INFO     | app.pricing.calibration:fit:37 - Isotonic calibrator fitted.
2026-04-08 01:41:47 | INFO     | app.pricing.models:fit:320 - Calibration report: raw_brier=0.3211, cal_brier=0.14676
2026-04-08 01:41:47 | INFO     | app.pricing.models:fit:191 - Training LogisticRegression component...
2026-04-08 01:41:47 | INFO     | app.pricing.models:fit:193 - Training XGBoost component...
2026-04-08 01:41:47 | INFO     | app.pricing.calibration:fit:37 - Isotonic calibrator fitted.
2026-04-08 01:41:47 | INFO     | app.pricing.models:fit:320 - Calibration report: raw_brier=0.3286, cal_brier=0.13734
2026-04-08 01:41:47 | INFO     | app.pricing.models:fit:191 - Training LogisticRegression component...
2026-04-08 01:41:47 | INFO     | app.pricing.models:fit:193 - Training XGBoost component...
2026-04-08 01:41:47 | INFO     | app.pricing.calibration:fit:37 - Isotonic calibrator fitted.
2026-04-08 01:41:47 | INFO     | app.pricing.models:fit:320 - Calibration report: raw_brier=0.3357, cal_brier=0.13788
2026-04-08 01:41:47 | INFO     | app.pricing.models:fit:191 - Training LogisticRegression component...
2026-04-08 01:41:47 | INFO     | app.pricing.models:fit:193 - Training XGBoost component...
2026-04-08 01:41:48 | INFO     | app.pricing.calibration:fit:37 - Isotonic calibrator fitted.
2026-04-08 01:41:48 | INFO     | app.pricing.models:fit:320 - Calibration report: raw_brier=0.3374, cal_brier=0.13791
2026-04-08 01:41:48 | INFO     | app.pricing.models:fit:191 - Training LogisticRegression component...
2026-04-08 01:41:48 | INFO     | app.pricing.models:fit:193 - Training XGBoost component...
2026-04-08 01:41:48 | INFO     | app.pricing.calibration:fit:37 - Isotonic calibrator fitted.
2026-04-08 01:41:48 | INFO     | app.pricing.models:fit:320 - Calibration report: raw_brier=0.3477, cal_brier=0.13333
2026-04-08 01:41:48 | INFO     | app.pricing.models:fit:191 - Training LogisticRegression component...
2026-04-08 01:41:48 | INFO     | app.pricing.models:fit:193 - Training XGBoost component...
2026-04-08 01:41:48 | INFO     | app.pricing.calibration:fit:37 - Isotonic calibrator fitted.
2026-04-08 01:41:48 | INFO     | app.pricing.models:fit:320 - Calibration report: raw_brier=0.3279, cal_brier=0.15606
2026-04-08 01:41:48 | INFO     | app.pricing.models:fit:191 - Training LogisticRegression component...
2026-04-08 01:41:48 | INFO     | app.pricing.models:fit:193 - Training XGBoost component...
2026-04-08 01:41:48 | INFO     | app.pricing.calibration:fit:37 - Isotonic calibrator fitted.
2026-04-08 01:41:48 | INFO     | app.pricing.models:fit:320 - Calibration report: raw_brier=0.3236, cal_brier=0.16937
2026-04-08 01:41:48 | INFO     | app.pricing.models:fit:191 - Training LogisticRegression component...
2026-04-08 01:41:48 | INFO     | app.pricing.models:fit:193 - Training XGBoost component...
2026-04-08 01:41:48 | INFO     | app.pricing.calibration:fit:37 - Isotonic calibrator fitted.
2026-04-08 01:41:48 | INFO     | app.pricing.models:fit:320 - Calibration report: raw_brier=0.3242, cal_brier=0.17812
2026-04-08 01:41:48 | INFO     | app.pricing.models:fit:191 - Training LogisticRegression component...
2026-04-08 01:41:48 | INFO     | app.pricing.models:fit:193 - Training XGBoost component...
2026-04-08 01:41:48 | INFO     | app.pricing.calibration:fit:37 - Isotonic calibrator fitted.
2026-04-08 01:41:48 | INFO     | app.pricing.models:fit:320 - Calibration report: raw_brier=0.3213, cal_brier=0.1878
2026-04-08 01:41:48 | INFO     | app.pricing.models:fit:191 - Training LogisticRegression component...
2026-04-08 01:41:48 | INFO     | app.pricing.models:fit:193 - Training XGBoost component...
2026-04-08 01:41:48 | INFO     | app.pricing.calibration:fit:37 - Isotonic calibrator fitted.
2026-04-08 01:41:48 | INFO     | app.pricing.models:fit:320 - Calibration report: raw_brier=0.3333, cal_brier=0.19993
2026-04-08 01:41:48 | INFO     | app.pricing.models:fit:191 - Training LogisticRegression component...
2026-04-08 01:41:48 | INFO     | app.pricing.models:fit:193 - Training XGBoost component...
2026-04-08 01:41:48 | INFO     | app.pricing.calibration:fit:37 - Isotonic calibrator fitted.
2026-04-08 01:41:48 | INFO     | app.pricing.models:fit:320 - Calibration report: raw_brier=0.2875, cal_brier=0.21207
2026-04-08 01:41:48 | INFO     | app.pricing.models:fit:191 - Training LogisticRegression component...
2026-04-08 01:41:48 | INFO     | app.pricing.models:fit:193 - Training XGBoost component...
2026-04-08 01:41:48 | INFO     | app.pricing.calibration:fit:37 - Isotonic calibrator fitted.
2026-04-08 01:41:48 | INFO     | app.pricing.models:fit:320 - Calibration report: raw_brier=0.3037, cal_brier=0.21569
2026-04-08 01:41:48 | INFO     | app.pricing.models:fit:191 - Training LogisticRegression component...
2026-04-08 01:41:48 | INFO     | app.pricing.models:fit:193 - Training XGBoost component...
2026-04-08 01:41:48 | INFO     | app.pricing.calibration:fit:37 - Isotonic calibrator fitted.
2026-04-08 01:41:48 | INFO     | app.pricing.models:fit:320 - Calibration report: raw_brier=0.3176, cal_brier=0.21776
2026-04-08 01:41:48 | INFO     | app.pricing.models:fit:191 - Training LogisticRegression component...
2026-04-08 01:41:48 | INFO     | app.pricing.models:fit:193 - Training XGBoost component...
2026-04-08 01:41:48 | INFO     | app.pricing.calibration:fit:37 - Isotonic calibrator fitted.
2026-04-08 01:41:48 | INFO     | app.pricing.models:fit:320 - Calibration report: raw_brier=0.3240, cal_brier=0.21848
2026-04-08 01:41:48 | INFO     | app.pricing.models:fit:191 - Training LogisticRegression component...
2026-04-08 01:41:48 | INFO     | app.pricing.models:fit:193 - Training XGBoost component...
2026-04-08 01:41:48 | INFO     | app.pricing.calibration:fit:37 - Isotonic calibrator fitted.
2026-04-08 01:41:48 | INFO     | app.pricing.models:fit:320 - Calibration report: raw_brier=0.3368, cal_brier=0.21459
2026-04-08 01:41:48 | INFO     | app.pricing.models:fit:191 - Training LogisticRegression component...
2026-04-08 01:41:48 | INFO     | app.pricing.models:fit:193 - Training XGBoost component...
2026-04-08 01:41:48 | INFO     | app.pricing.calibration:fit:37 - Isotonic calibrator fitted.
2026-04-08 01:41:48 | INFO     | app.pricing.models:fit:320 - Calibration report: raw_brier=0.3453, cal_brier=0.21664
2026-04-08 01:41:48 | INFO     | app.pricing.models:fit:191 - Training LogisticRegression component...
2026-04-08 01:41:48 | INFO     | app.pricing.models:fit:193 - Training XGBoost component...
2026-04-08 01:41:49 | INFO     | app.pricing.calibration:fit:37 - Isotonic calibrator fitted.
2026-04-08 01:41:49 | INFO     | app.pricing.models:fit:320 - Calibration report: raw_brier=0.3474, cal_brier=0.20769
2026-04-08 01:41:49 | INFO     | app.pricing.models:fit:191 - Training LogisticRegression component...
2026-04-08 01:41:49 | INFO     | app.pricing.models:fit:193 - Training XGBoost component...
2026-04-08 01:41:49 | INFO     | app.pricing.calibration:fit:37 - Isotonic calibrator fitted.
2026-04-08 01:41:49 | INFO     | app.pricing.models:fit:320 - Calibration report: raw_brier=0.3356, cal_brier=0.20076
2026-04-08 01:41:49 | INFO     | app.pricing.models:fit:191 - Training LogisticRegression component...
2026-04-08 01:41:49 | INFO     | app.pricing.models:fit:193 - Training XGBoost component...
2026-04-08 01:41:49 | INFO     | app.pricing.calibration:fit:37 - Isotonic calibrator fitted.
2026-04-08 01:41:49 | INFO     | app.pricing.models:fit:320 - Calibration report: raw_brier=0.3361, cal_brier=0.19978
2026-04-08 01:41:49 | INFO     | app.pricing.models:fit:191 - Training LogisticRegression component...
2026-04-08 01:41:49 | INFO     | app.pricing.models:fit:193 - Training XGBoost component...
2026-04-08 01:41:49 | INFO     | app.pricing.calibration:fit:37 - Isotonic calibrator fitted.
2026-04-08 01:41:49 | INFO     | app.pricing.models:fit:320 - Calibration report: raw_brier=0.3392, cal_brier=0.20481
2026-04-08 01:41:49 | INFO     | app.pricing.models:fit:191 - Training LogisticRegression component...
2026-04-08 01:41:49 | INFO     | app.pricing.models:fit:193 - Training XGBoost component...
2026-04-08 01:41:49 | INFO     | app.pricing.calibration:fit:37 - Isotonic calibrator fitted.
2026-04-08 01:41:49 | INFO     | app.pricing.models:fit:320 - Calibration report: raw_brier=0.3329, cal_brier=0.19764
2026-04-08 01:41:49 | INFO     | app.pricing.models:fit:191 - Training LogisticRegression component...
2026-04-08 01:41:49 | INFO     | app.pricing.models:fit:193 - Training XGBoost component...
2026-04-08 01:41:49 | INFO     | app.pricing.calibration:fit:37 - Isotonic calibrator fitted.
2026-04-08 01:41:49 | INFO     | app.pricing.models:fit:320 - Calibration report: raw_brier=0.3356, cal_brier=0.20017
2026-04-08 01:41:49 | INFO     | app.pricing.models:fit:191 - Training LogisticRegression component...
2026-04-08 01:41:49 | INFO     | app.pricing.models:fit:193 - Training XGBoost component...
2026-04-08 01:41:49 | INFO     | app.pricing.calibration:fit:37 - Isotonic calibrator fitted.
2026-04-08 01:41:49 | INFO     | app.pricing.models:fit:320 - Calibration report: raw_brier=0.2826, cal_brier=0.20283
2026-04-08 01:41:49 | INFO     | app.pricing.models:fit:191 - Training LogisticRegression component...
2026-04-08 01:41:49 | INFO     | app.pricing.models:fit:193 - Training XGBoost component...
2026-04-08 01:41:49 | INFO     | app.pricing.calibration:fit:37 - Isotonic calibrator fitted.
2026-04-08 01:41:49 | INFO     | app.pricing.models:fit:320 - Calibration report: raw_brier=0.2549, cal_brier=0.19449
2026-04-08 01:41:49 | INFO     | app.pricing.models:fit:191 - Training LogisticRegression component...
2026-04-08 01:41:49 | INFO     | app.pricing.models:fit:193 - Training XGBoost component...
2026-04-08 01:41:49 | INFO     | app.pricing.calibration:fit:37 - Isotonic calibrator fitted.
2026-04-08 01:41:49 | INFO     | app.pricing.models:fit:320 - Calibration report: raw_brier=0.2429, cal_brier=0.18856
2026-04-08 01:41:49 | INFO     | app.pricing.models:fit:191 - Training LogisticRegression component...
2026-04-08 01:41:49 | INFO     | app.pricing.models:fit:193 - Training XGBoost component...
2026-04-08 01:41:49 | INFO     | app.pricing.calibration:fit:37 - Isotonic calibrator fitted.
2026-04-08 01:41:49 | INFO     | app.pricing.models:fit:320 - Calibration report: raw_brier=0.2565, cal_brier=0.19112
2026-04-08 01:41:49 | INFO     | app.pricing.models:fit:191 - Training LogisticRegression component...
2026-04-08 01:41:49 | INFO     | app.pricing.models:fit:193 - Training XGBoost component...
2026-04-08 01:41:49 | INFO     | app.pricing.calibration:fit:37 - Isotonic calibrator fitted.
2026-04-08 01:41:49 | INFO     | app.pricing.models:fit:320 - Calibration report: raw_brier=0.2628, cal_brier=0.19066
2026-04-08 01:41:49 | INFO     | app.pricing.models:fit:191 - Training LogisticRegression component...
2026-04-08 01:41:49 | INFO     | app.pricing.models:fit:193 - Training XGBoost component...
2026-04-08 01:41:49 | INFO     | app.pricing.calibration:fit:37 - Isotonic calibrator fitted.
2026-04-08 01:41:49 | INFO     | app.pricing.models:fit:320 - Calibration report: raw_brier=0.2795, cal_brier=0.19414
2026-04-08 01:41:49 | INFO     | app.pricing.models:fit:191 - Training LogisticRegression component...
2026-04-08 01:41:49 | INFO     | app.pricing.models:fit:193 - Training XGBoost component...
2026-04-08 01:41:50 | INFO     | app.pricing.calibration:fit:37 - Isotonic calibrator fitted.
2026-04-08 01:41:50 | INFO     | app.pricing.models:fit:320 - Calibration report: raw_brier=0.2992, cal_brier=0.20071
2026-04-08 01:41:50 | INFO     | app.pricing.models:fit:191 - Training LogisticRegression component...
2026-04-08 01:41:50 | INFO     | app.pricing.models:fit:193 - Training XGBoost component...
2026-04-08 01:41:50 | INFO     | app.pricing.calibration:fit:37 - Isotonic calibrator fitted.
2026-04-08 01:41:50 | INFO     | app.pricing.models:fit:320 - Calibration report: raw_brier=0.3213, cal_brier=0.20855
2026-04-08 01:41:50 | INFO     | app.pricing.models:fit:191 - Training LogisticRegression component...
2026-04-08 01:41:50 | INFO     | app.pricing.models:fit:193 - Training XGBoost component...
2026-04-08 01:41:50 | INFO     | app.pricing.calibration:fit:37 - Isotonic calibrator fitted.
2026-04-08 01:41:50 | INFO     | app.pricing.models:fit:320 - Calibration report: raw_brier=0.3408, cal_brier=0.21705
2026-04-08 01:41:50 | INFO     | app.pricing.models:fit:191 - Training LogisticRegression component...
2026-04-08 01:41:50 | INFO     | app.pricing.models:fit:193 - Training XGBoost component...
2026-04-08 01:41:50 | INFO     | app.pricing.calibration:fit:37 - Isotonic calibrator fitted.
2026-04-08 01:41:50 | INFO     | app.pricing.models:fit:320 - Calibration report: raw_brier=0.3549, cal_brier=0.22332
2026-04-08 01:41:50 | INFO     | app.pricing.models:fit:191 - Training LogisticRegression component...
2026-04-08 01:41:50 | INFO     | app.pricing.models:fit:193 - Training XGBoost component...
2026-04-08 01:41:50 | INFO     | app.pricing.calibration:fit:37 - Isotonic calibrator fitted.
2026-04-08 01:41:50 | INFO     | app.pricing.models:fit:320 - Calibration report: raw_brier=0.3696, cal_brier=0.22918
2026-04-08 01:41:50 | INFO     | app.pricing.models:fit:191 - Training LogisticRegression component...
2026-04-08 01:41:50 | INFO     | app.pricing.models:fit:193 - Training XGBoost component...
2026-04-08 01:41:50 | INFO     | app.pricing.calibration:fit:37 - Isotonic calibrator fitted.
2026-04-08 01:41:50 | INFO     | app.pricing.models:fit:320 - Calibration report: raw_brier=0.3836, cal_brier=0.23587
2026-04-08 01:41:50 | INFO     | app.pricing.models:fit:191 - Training LogisticRegression component...
2026-04-08 01:41:50 | INFO     | app.pricing.models:fit:193 - Training XGBoost component...
2026-04-08 01:41:50 | INFO     | app.pricing.calibration:fit:37 - Isotonic calibrator fitted.
2026-04-08 01:41:50 | INFO     | app.pricing.models:fit:320 - Calibration report: raw_brier=0.3742, cal_brier=0.23503
2026-04-08 01:41:50 | INFO     | app.pricing.models:fit:191 - Training LogisticRegression component...
2026-04-08 01:41:50 | INFO     | app.pricing.models:fit:193 - Training XGBoost component...
2026-04-08 01:41:50 | INFO     | app.pricing.calibration:fit:37 - Isotonic calibrator fitted.
2026-04-08 01:41:50 | INFO     | app.pricing.models:fit:320 - Calibration report: raw_brier=0.3599, cal_brier=0.2311
2026-04-08 01:41:50 | INFO     | app.pricing.models:fit:191 - Training LogisticRegression component...
2026-04-08 01:41:50 | INFO     | app.pricing.models:fit:193 - Training XGBoost component...
2026-04-08 01:41:50 | INFO     | app.pricing.calibration:fit:37 - Isotonic calibrator fitted.
2026-04-08 01:41:50 | INFO     | app.pricing.models:fit:320 - Calibration report: raw_brier=0.3546, cal_brier=0.2275
2026-04-08 01:41:50 | INFO     | app.pricing.models:fit:191 - Training LogisticRegression component...
2026-04-08 01:41:50 | INFO     | app.pricing.models:fit:193 - Training XGBoost component...
2026-04-08 01:41:50 | INFO     | app.pricing.calibration:fit:37 - Isotonic calibrator fitted.
2026-04-08 01:41:50 | INFO     | app.pricing.models:fit:320 - Calibration report: raw_brier=0.3565, cal_brier=0.22694
2026-04-08 01:41:50 | INFO     | app.pricing.models:fit:191 - Training LogisticRegression component...
2026-04-08 01:41:50 | INFO     | app.pricing.models:fit:193 - Training XGBoost component...
2026-04-08 01:41:50 | INFO     | app.pricing.calibration:fit:37 - Isotonic calibrator fitted.
2026-04-08 01:41:50 | INFO     | app.pricing.models:fit:320 - Calibration report: raw_brier=0.3493, cal_brier=0.22772
2026-04-08 01:41:50 | INFO     | app.pricing.models:fit:191 - Training LogisticRegression component...
2026-04-08 01:41:50 | INFO     | app.pricing.models:fit:193 - Training XGBoost component...
2026-04-08 01:41:50 | INFO     | app.pricing.calibration:fit:37 - Isotonic calibrator fitted.
2026-04-08 01:41:50 | INFO     | app.pricing.models:fit:320 - Calibration report: raw_brier=0.3529, cal_brier=0.22779
2026-04-08 01:41:50 | INFO     | app.pricing.models:fit:191 - Training LogisticRegression component...
2026-04-08 01:41:50 | INFO     | app.pricing.models:fit:193 - Training XGBoost component...
2026-04-08 01:41:51 | INFO     | app.pricing.calibration:fit:37 - Isotonic calibrator fitted.
2026-04-08 01:41:51 | INFO     | app.pricing.models:fit:320 - Calibration report: raw_brier=0.3509, cal_brier=0.23199
2026-04-08 01:41:51 | INFO     | app.pricing.models:fit:191 - Training LogisticRegression component...
2026-04-08 01:41:51 | INFO     | app.pricing.models:fit:193 - Training XGBoost component...
2026-04-08 01:41:51 | INFO     | app.pricing.calibration:fit:37 - Isotonic calibrator fitted.
2026-04-08 01:41:51 | INFO     | app.pricing.models:fit:320 - Calibration report: raw_brier=0.3439, cal_brier=0.23132
2026-04-08 01:41:51 | INFO     | app.pricing.models:fit:191 - Training LogisticRegression component...
2026-04-08 01:41:51 | INFO     | app.pricing.models:fit:193 - Training XGBoost component...
2026-04-08 01:41:51 | INFO     | app.pricing.calibration:fit:37 - Isotonic calibrator fitted.
2026-04-08 01:41:51 | INFO     | app.pricing.models:fit:320 - Calibration report: raw_brier=0.3556, cal_brier=0.23264
2026-04-08 01:41:51 | INFO     | app.pricing.models:fit:191 - Training LogisticRegression component...
2026-04-08 01:41:51 | INFO     | app.pricing.models:fit:193 - Training XGBoost component...
2026-04-08 01:41:51 | INFO     | app.pricing.calibration:fit:37 - Isotonic calibrator fitted.
2026-04-08 01:41:51 | INFO     | app.pricing.models:fit:320 - Calibration report: raw_brier=0.3598, cal_brier=0.23136
2026-04-08 01:41:51 | INFO     | app.pricing.models:fit:191 - Training LogisticRegression component...
2026-04-08 01:41:51 | INFO     | app.pricing.models:fit:193 - Training XGBoost component...
2026-04-08 01:41:51 | INFO     | app.pricing.calibration:fit:37 - Isotonic calibrator fitted.
2026-04-08 01:41:51 | INFO     | app.pricing.models:fit:320 - Calibration report: raw_brier=0.3608, cal_brier=0.23965
2026-04-08 01:41:51 | INFO     | app.pricing.models:fit:191 - Training LogisticRegression component...
2026-04-08 01:41:51 | INFO     | app.pricing.models:fit:193 - Training XGBoost component...
2026-04-08 01:41:51 | INFO     | app.pricing.calibration:fit:37 - Isotonic calibrator fitted.
2026-04-08 01:41:51 | INFO     | app.pricing.models:fit:320 - Calibration report: raw_brier=0.3694, cal_brier=0.23831
2026-04-08 01:41:51 | INFO     | app.pricing.models:fit:191 - Training LogisticRegression component...
2026-04-08 01:41:51 | INFO     | app.pricing.models:fit:193 - Training XGBoost component...
2026-04-08 01:41:51 | INFO     | app.pricing.calibration:fit:37 - Isotonic calibrator fitted.
2026-04-08 01:41:51 | INFO     | app.pricing.models:fit:320 - Calibration report: raw_brier=0.3342, cal_brier=0.23028
2026-04-08 01:41:51 | INFO     | app.pricing.models:fit:191 - Training LogisticRegression component...
2026-04-08 01:41:51 | INFO     | app.pricing.models:fit:193 - Training XGBoost component...
2026-04-08 01:41:51 | INFO     | app.pricing.calibration:fit:37 - Isotonic calibrator fitted.
2026-04-08 01:41:51 | INFO     | app.pricing.models:fit:320 - Calibration report: raw_brier=0.3163, cal_brier=0.22293
2026-04-08 01:41:51 | INFO     | app.pricing.models:fit:191 - Training LogisticRegression component...
2026-04-08 01:41:51 | INFO     | app.pricing.models:fit:193 - Training XGBoost component...
2026-04-08 01:41:51 | INFO     | app.pricing.calibration:fit:37 - Isotonic calibrator fitted.
2026-04-08 01:41:51 | INFO     | app.pricing.models:fit:320 - Calibration report: raw_brier=0.3128, cal_brier=0.21667
2026-04-08 01:41:51 | INFO     | app.pricing.models:fit:191 - Training LogisticRegression component...
2026-04-08 01:41:51 | INFO     | app.pricing.models:fit:193 - Training XGBoost component...
2026-04-08 01:41:51 | INFO     | app.pricing.calibration:fit:37 - Isotonic calibrator fitted.
2026-04-08 01:41:51 | INFO     | app.pricing.models:fit:320 - Calibration report: raw_brier=0.3145, cal_brier=0.20752
2026-04-08 01:41:51 | INFO     | app.pricing.models:fit:191 - Training LogisticRegression component...
2026-04-08 01:41:51 | INFO     | app.pricing.models:fit:193 - Training XGBoost component...
2026-04-08 01:41:51 | INFO     | app.pricing.calibration:fit:37 - Isotonic calibrator fitted.
2026-04-08 01:41:51 | INFO     | app.pricing.models:fit:320 - Calibration report: raw_brier=0.3189, cal_brier=0.20871
2026-04-08 01:41:51 | INFO     | app.pricing.models:fit:191 - Training LogisticRegression component...
2026-04-08 01:41:51 | INFO     | app.pricing.models:fit:193 - Training XGBoost component...
2026-04-08 01:41:51 | INFO     | app.pricing.calibration:fit:37 - Isotonic calibrator fitted.
2026-04-08 01:41:51 | INFO     | app.pricing.models:fit:320 - Calibration report: raw_brier=0.3379, cal_brier=0.20918
2026-04-08 01:41:51 | INFO     | app.pricing.models:fit:191 - Training LogisticRegression component...
2026-04-08 01:41:51 | INFO     | app.pricing.models:fit:193 - Training XGBoost component...
2026-04-08 01:41:52 | INFO     | app.pricing.calibration:fit:37 - Isotonic calibrator fitted.
2026-04-08 01:41:52 | INFO     | app.pricing.models:fit:320 - Calibration report: raw_brier=0.3398, cal_brier=0.21505
2026-04-08 01:41:52 | INFO     | app.pricing.models:fit:191 - Training LogisticRegression component...
2026-04-08 01:41:52 | INFO     | app.pricing.models:fit:193 - Training XGBoost component...
2026-04-08 01:41:52 | INFO     | app.pricing.calibration:fit:37 - Isotonic calibrator fitted.
2026-04-08 01:41:52 | INFO     | app.pricing.models:fit:320 - Calibration report: raw_brier=0.3545, cal_brier=0.22035
2026-04-08 01:41:52 | INFO     | app.pricing.models:fit:191 - Training LogisticRegression component...
2026-04-08 01:41:52 | INFO     | app.pricing.models:fit:193 - Training XGBoost component...
2026-04-08 01:41:52 | INFO     | app.pricing.calibration:fit:37 - Isotonic calibrator fitted.
2026-04-08 01:41:52 | INFO     | app.pricing.models:fit:320 - Calibration report: raw_brier=0.3726, cal_brier=0.22202
2026-04-08 01:41:52 | INFO     | app.pricing.models:fit:191 - Training LogisticRegression component...
2026-04-08 01:41:52 | INFO     | app.pricing.models:fit:193 - Training XGBoost component...
2026-04-08 01:41:52 | INFO     | app.pricing.calibration:fit:37 - Isotonic calibrator fitted.
2026-04-08 01:41:52 | INFO     | app.pricing.models:fit:320 - Calibration report: raw_brier=0.3848, cal_brier=0.2229
2026-04-08 01:41:52 | INFO     | app.pricing.models:fit:191 - Training LogisticRegression component...
2026-04-08 01:41:52 | INFO     | app.pricing.models:fit:193 - Training XGBoost component...
2026-04-08 01:41:52 | INFO     | app.pricing.calibration:fit:37 - Isotonic calibrator fitted.
2026-04-08 01:41:52 | INFO     | app.pricing.models:fit:320 - Calibration report: raw_brier=0.3944, cal_brier=0.22083
2026-04-08 01:41:52 | INFO     | app.pricing.models:fit:191 - Training LogisticRegression component...
2026-04-08 01:41:52 | INFO     | app.pricing.models:fit:193 - Training XGBoost component...
2026-04-08 01:41:52 | INFO     | app.pricing.calibration:fit:37 - Isotonic calibrator fitted.
2026-04-08 01:41:52 | INFO     | app.pricing.models:fit:320 - Calibration report: raw_brier=0.3889, cal_brier=0.21956
2026-04-08 01:41:52 | INFO     | app.pricing.models:fit:191 - Training LogisticRegression component...
2026-04-08 01:41:52 | INFO     | app.pricing.models:fit:193 - Training XGBoost component...
2026-04-08 01:41:52 | INFO     | app.pricing.calibration:fit:37 - Isotonic calibrator fitted.
2026-04-08 01:41:52 | INFO     | app.pricing.models:fit:320 - Calibration report: raw_brier=0.4065, cal_brier=0.22384
2026-04-08 01:41:52 | INFO     | app.pricing.models:fit:191 - Training LogisticRegression component...
2026-04-08 01:41:52 | INFO     | app.pricing.models:fit:193 - Training XGBoost component...
2026-04-08 01:41:52 | INFO     | app.pricing.calibration:fit:37 - Isotonic calibrator fitted.
2026-04-08 01:41:52 | INFO     | app.pricing.models:fit:320 - Calibration report: raw_brier=0.4153, cal_brier=0.22776
2026-04-08 01:41:52 | INFO     | app.pricing.models:fit:191 - Training LogisticRegression component...
2026-04-08 01:41:52 | INFO     | app.pricing.models:fit:193 - Training XGBoost component...
2026-04-08 01:41:52 | INFO     | app.pricing.calibration:fit:37 - Isotonic calibrator fitted.
2026-04-08 01:41:52 | INFO     | app.pricing.models:fit:320 - Calibration report: raw_brier=0.4209, cal_brier=0.23466
2026-04-08 01:41:52 | INFO     | app.pricing.models:fit:191 - Training LogisticRegression component...
2026-04-08 01:41:52 | INFO     | app.pricing.models:fit:193 - Training XGBoost component...
2026-04-08 01:41:52 | INFO     | app.pricing.calibration:fit:37 - Isotonic calibrator fitted.
2026-04-08 01:41:52 | INFO     | app.pricing.models:fit:320 - Calibration report: raw_brier=0.4237, cal_brier=0.24082
2026-04-08 01:41:52 | INFO     | app.pricing.models:fit:191 - Training LogisticRegression component...
2026-04-08 01:41:52 | INFO     | app.pricing.models:fit:193 - Training XGBoost component...
2026-04-08 01:41:52 | INFO     | app.pricing.calibration:fit:37 - Isotonic calibrator fitted.
2026-04-08 01:41:52 | INFO     | app.pricing.models:fit:320 - Calibration report: raw_brier=0.4249, cal_brier=0.24543
2026-04-08 01:41:52 | INFO     | app.pricing.models:fit:191 - Training LogisticRegression component...
2026-04-08 01:41:52 | INFO     | app.pricing.models:fit:193 - Training XGBoost component...
2026-04-08 01:41:53 | INFO     | app.pricing.calibration:fit:37 - Isotonic calibrator fitted.
2026-04-08 01:41:53 | INFO     | app.pricing.models:fit:320 - Calibration report: raw_brier=0.3822, cal_brier=0.24989
2026-04-08 01:41:53 | INFO     | app.pricing.models:fit:191 - Training LogisticRegression component...
2026-04-08 01:41:53 | INFO     | app.pricing.models:fit:193 - Training XGBoost component...
2026-04-08 01:41:53 | INFO     | app.pricing.calibration:fit:37 - Isotonic calibrator fitted.
2026-04-08 01:41:53 | INFO     | app.pricing.models:fit:320 - Calibration report: raw_brier=0.3406, cal_brier=0.247
2026-04-08 01:41:53 | INFO     | app.pricing.models:fit:191 - Training LogisticRegression component...
2026-04-08 01:41:53 | INFO     | app.pricing.models:fit:193 - Training XGBoost component...
2026-04-08 01:41:53 | INFO     | app.pricing.calibration:fit:37 - Isotonic calibrator fitted.
2026-04-08 01:41:53 | INFO     | app.pricing.models:fit:320 - Calibration report: raw_brier=0.3453, cal_brier=0.24487
2026-04-08 01:41:53 | INFO     | app.pricing.models:fit:191 - Training LogisticRegression component...
2026-04-08 01:41:53 | INFO     | app.pricing.models:fit:193 - Training XGBoost component...
2026-04-08 01:41:53 | INFO     | app.pricing.calibration:fit:37 - Isotonic calibrator fitted.
2026-04-08 01:41:53 | INFO     | app.pricing.models:fit:320 - Calibration report: raw_brier=0.3568, cal_brier=0.24503
2026-04-08 01:41:53 | INFO     | app.pricing.models:fit:191 - Training LogisticRegression component...
2026-04-08 01:41:53 | INFO     | app.pricing.models:fit:193 - Training XGBoost component...
2026-04-08 01:41:53 | INFO     | app.pricing.calibration:fit:37 - Isotonic calibrator fitted.
2026-04-08 01:41:53 | INFO     | app.pricing.models:fit:320 - Calibration report: raw_brier=0.3744, cal_brier=0.24294
2026-04-08 01:41:53 | INFO     | app.pricing.models:fit:191 - Training LogisticRegression component...
2026-04-08 01:41:53 | INFO     | app.pricing.models:fit:193 - Training XGBoost component...
2026-04-08 01:41:53 | INFO     | app.pricing.calibration:fit:37 - Isotonic calibrator fitted.
2026-04-08 01:41:53 | INFO     | app.pricing.models:fit:320 - Calibration report: raw_brier=0.3701, cal_brier=0.23875
2026-04-08 01:41:53 | INFO     | app.pricing.models:fit:191 - Training LogisticRegression component...
2026-04-08 01:41:53 | INFO     | app.pricing.models:fit:193 - Training XGBoost component...
2026-04-08 01:41:53 | INFO     | app.pricing.calibration:fit:37 - Isotonic calibrator fitted.
2026-04-08 01:41:53 | INFO     | app.pricing.models:fit:320 - Calibration report: raw_brier=0.3734, cal_brier=0.23526
2026-04-08 01:41:53 | INFO     | app.pricing.models:fit:191 - Training LogisticRegression component...
2026-04-08 01:41:53 | INFO     | app.pricing.models:fit:193 - Training XGBoost component...
2026-04-08 01:41:53 | INFO     | app.pricing.calibration:fit:37 - Isotonic calibrator fitted.
2026-04-08 01:41:53 | INFO     | app.pricing.models:fit:320 - Calibration report: raw_brier=0.3340, cal_brier=0.22729
2026-04-08 01:41:53 | INFO     | app.pricing.models:fit:191 - Training LogisticRegression component...
2026-04-08 01:41:53 | INFO     | app.pricing.models:fit:193 - Training XGBoost component...
2026-04-08 01:41:53 | INFO     | app.pricing.calibration:fit:37 - Isotonic calibrator fitted.
2026-04-08 01:41:53 | INFO     | app.pricing.models:fit:320 - Calibration report: raw_brier=0.3298, cal_brier=0.2252
2026-04-08 01:41:53 | INFO     | app.pricing.models:fit:191 - Training LogisticRegression component...
2026-04-08 01:41:53 | INFO     | app.pricing.models:fit:193 - Training XGBoost component...
2026-04-08 01:41:53 | INFO     | app.pricing.calibration:fit:37 - Isotonic calibrator fitted.
2026-04-08 01:41:53 | INFO     | app.pricing.models:fit:320 - Calibration report: raw_brier=0.3278, cal_brier=0.22153
2026-04-08 01:41:53 | INFO     | app.pricing.models:fit:191 - Training LogisticRegression component...
2026-04-08 01:41:54 | INFO     | app.pricing.models:fit:193 - Training XGBoost component...
2026-04-08 01:41:54 | INFO     | app.pricing.calibration:fit:37 - Isotonic calibrator fitted.
2026-04-08 01:41:54 | INFO     | app.pricing.models:fit:320 - Calibration report: raw_brier=0.3168, cal_brier=0.21447
2026-04-08 01:41:54 | INFO     | app.pricing.models:fit:191 - Training LogisticRegression component...
2026-04-08 01:41:54 | INFO     | app.pricing.models:fit:193 - Training XGBoost component...
2026-04-08 01:41:54 | INFO     | app.pricing.calibration:fit:37 - Isotonic calibrator fitted.
2026-04-08 01:41:54 | INFO     | app.pricing.models:fit:320 - Calibration report: raw_brier=0.3095, cal_brier=0.21673
2026-04-08 01:41:54 | INFO     | app.pricing.models:fit:191 - Training LogisticRegression component...
2026-04-08 01:41:54 | INFO     | app.pricing.models:fit:193 - Training XGBoost component...
2026-04-08 01:41:54 | INFO     | app.pricing.calibration:fit:37 - Isotonic calibrator fitted.
2026-04-08 01:41:54 | INFO     | app.pricing.models:fit:320 - Calibration report: raw_brier=0.3114, cal_brier=0.22831
2026-04-08 01:41:54 | INFO     | app.pricing.models:fit:191 - Training LogisticRegression component...
2026-04-08 01:41:54 | INFO     | app.pricing.models:fit:193 - Training XGBoost component...
2026-04-08 01:41:54 | INFO     | app.pricing.calibration:fit:37 - Isotonic calibrator fitted.
2026-04-08 01:41:54 | INFO     | app.pricing.models:fit:320 - Calibration report: raw_brier=0.3155, cal_brier=0.22843
2026-04-08 01:41:54 | INFO     | app.pricing.models:fit:191 - Training LogisticRegression component...
2026-04-08 01:41:54 | INFO     | app.pricing.models:fit:193 - Training XGBoost component...
2026-04-08 01:41:54 | INFO     | app.pricing.calibration:fit:37 - Isotonic calibrator fitted.
2026-04-08 01:41:54 | INFO     | app.pricing.models:fit:320 - Calibration report: raw_brier=0.3269, cal_brier=0.22882
2026-04-08 01:41:54 | INFO     | app.pricing.models:fit:191 - Training LogisticRegression component...
2026-04-08 01:41:54 | INFO     | app.pricing.models:fit:193 - Training XGBoost component...
2026-04-08 01:41:54 | INFO     | app.pricing.calibration:fit:37 - Isotonic calibrator fitted.
2026-04-08 01:41:54 | INFO     | app.pricing.models:fit:320 - Calibration report: raw_brier=0.3451, cal_brier=0.22365
2026-04-08 01:41:54 | INFO     | app.pricing.models:fit:191 - Training LogisticRegression component...
2026-04-08 01:41:54 | INFO     | app.pricing.models:fit:193 - Training XGBoost component...
2026-04-08 01:41:54 | INFO     | app.pricing.calibration:fit:37 - Isotonic calibrator fitted.
2026-04-08 01:41:54 | INFO     | app.pricing.models:fit:320 - Calibration report: raw_brier=0.3573, cal_brier=0.22304
2026-04-08 01:41:54 | INFO     | app.pricing.models:fit:191 - Training LogisticRegression component...
2026-04-08 01:41:54 | INFO     | app.pricing.models:fit:193 - Training XGBoost component...
2026-04-08 01:41:54 | INFO     | app.pricing.calibration:fit:37 - Isotonic calibrator fitted.
2026-04-08 01:41:54 | INFO     | app.pricing.models:fit:320 - Calibration report: raw_brier=0.3570, cal_brier=0.22394
2026-04-08 01:41:54 | INFO     | app.pricing.models:fit:191 - Training LogisticRegression component...
2026-04-08 01:41:54 | INFO     | app.pricing.models:fit:193 - Training XGBoost component...
2026-04-08 01:41:54 | INFO     | app.pricing.calibration:fit:37 - Isotonic calibrator fitted.
2026-04-08 01:41:54 | INFO     | app.pricing.models:fit:320 - Calibration report: raw_brier=0.3497, cal_brier=0.22427
2026-04-08 01:41:54 | INFO     | app.pricing.models:fit:191 - Training LogisticRegression component...
2026-04-08 01:41:54 | INFO     | app.pricing.models:fit:193 - Training XGBoost component...
2026-04-08 01:41:54 | INFO     | app.pricing.calibration:fit:37 - Isotonic calibrator fitted.
2026-04-08 01:41:54 | INFO     | app.pricing.models:fit:320 - Calibration report: raw_brier=0.3410, cal_brier=0.22253
2026-04-08 01:41:54 | INFO     | app.pricing.models:fit:191 - Training LogisticRegression component...
2026-04-08 01:41:54 | INFO     | app.pricing.models:fit:193 - Training XGBoost component...
2026-04-08 01:41:54 | INFO     | app.pricing.calibration:fit:37 - Isotonic calibrator fitted.
2026-04-08 01:41:54 | INFO     | app.pricing.models:fit:320 - Calibration report: raw_brier=0.3517, cal_brier=0.22302
2026-04-08 01:41:54 | INFO     | app.pricing.models:fit:191 - Training LogisticRegression component...
2026-04-08 01:41:54 | INFO     | app.pricing.models:fit:193 - Training XGBoost component...
2026-04-08 01:41:55 | INFO     | app.pricing.calibration:fit:37 - Isotonic calibrator fitted.
2026-04-08 01:41:55 | INFO     | app.pricing.models:fit:320 - Calibration report: raw_brier=0.3524, cal_brier=0.22258
2026-04-08 01:41:55 | INFO     | app.pricing.models:fit:191 - Training LogisticRegression component...
2026-04-08 01:41:55 | INFO     | app.pricing.models:fit:193 - Training XGBoost component...
2026-04-08 01:41:55 | INFO     | app.pricing.calibration:fit:37 - Isotonic calibrator fitted.
2026-04-08 01:41:55 | INFO     | app.pricing.models:fit:320 - Calibration report: raw_brier=0.3531, cal_brier=0.22358
2026-04-08 01:41:55 | INFO     | app.pricing.models:fit:191 - Training LogisticRegression component...
2026-04-08 01:41:55 | INFO     | app.pricing.models:fit:193 - Training XGBoost component...
2026-04-08 01:41:55 | INFO     | app.pricing.calibration:fit:37 - Isotonic calibrator fitted.
2026-04-08 01:41:55 | INFO     | app.pricing.models:fit:320 - Calibration report: raw_brier=0.3475, cal_brier=0.22184
2026-04-08 01:41:55 | INFO     | app.pricing.models:fit:191 - Training LogisticRegression component...
2026-04-08 01:41:55 | INFO     | app.pricing.models:fit:193 - Training XGBoost component...
2026-04-08 01:41:55 | INFO     | app.pricing.calibration:fit:37 - Isotonic calibrator fitted.
2026-04-08 01:41:55 | INFO     | app.pricing.models:fit:320 - Calibration report: raw_brier=0.3371, cal_brier=0.22079
2026-04-08 01:41:55 | INFO     | app.pricing.models:fit:191 - Training LogisticRegression component...
2026-04-08 01:41:55 | INFO     | app.pricing.models:fit:193 - Training XGBoost component...
2026-04-08 01:41:55 | INFO     | app.pricing.calibration:fit:37 - Isotonic calibrator fitted.
2026-04-08 01:41:55 | INFO     | app.pricing.models:fit:320 - Calibration report: raw_brier=0.3245, cal_brier=0.21433
2026-04-08 01:41:55 | INFO     | app.pricing.models:fit:191 - Training LogisticRegression component...
2026-04-08 01:41:55 | INFO     | app.pricing.models:fit:193 - Training XGBoost component...
2026-04-08 01:41:55 | INFO     | app.pricing.calibration:fit:37 - Isotonic calibrator fitted.
2026-04-08 01:41:55 | INFO     | app.pricing.models:fit:320 - Calibration report: raw_brier=0.3165, cal_brier=0.22367
2026-04-08 01:41:55 | INFO     | app.pricing.models:fit:191 - Training LogisticRegression component...
2026-04-08 01:41:55 | INFO     | app.pricing.models:fit:193 - Training XGBoost component...
2026-04-08 01:41:55 | INFO     | app.pricing.calibration:fit:37 - Isotonic calibrator fitted.
2026-04-08 01:41:55 | INFO     | app.pricing.models:fit:320 - Calibration report: raw_brier=0.3001, cal_brier=0.21333
2026-04-08 01:41:55 | INFO     | app.pricing.models:fit:191 - Training LogisticRegression component...
2026-04-08 01:41:55 | INFO     | app.pricing.models:fit:193 - Training XGBoost component...
2026-04-08 01:41:55 | INFO     | app.pricing.calibration:fit:37 - Isotonic calibrator fitted.
2026-04-08 01:41:55 | INFO     | app.pricing.models:fit:320 - Calibration report: raw_brier=0.2948, cal_brier=0.20381
2026-04-08 01:41:55 | INFO     | app.pricing.models:fit:191 - Training LogisticRegression component...
2026-04-08 01:41:55 | INFO     | app.pricing.models:fit:193 - Training XGBoost component...
2026-04-08 01:41:55 | INFO     | app.pricing.calibration:fit:37 - Isotonic calibrator fitted.
2026-04-08 01:41:55 | INFO     | app.pricing.models:fit:320 - Calibration report: raw_brier=0.3027, cal_brier=0.22296
2026-04-08 01:41:55 | INFO     | app.pricing.models:fit:191 - Training LogisticRegression component...
2026-04-08 01:41:55 | INFO     | app.pricing.models:fit:193 - Training XGBoost component...
2026-04-08 01:41:55 | INFO     | app.pricing.calibration:fit:37 - Isotonic calibrator fitted.
2026-04-08 01:41:55 | INFO     | app.pricing.models:fit:320 - Calibration report: raw_brier=0.2674, cal_brier=0.20483
2026-04-08 01:41:55 | INFO     | app.pricing.models:fit:191 - Training LogisticRegression component...
2026-04-08 01:41:55 | INFO     | app.pricing.models:fit:193 - Training XGBoost component...
2026-04-08 01:41:55 | INFO     | app.pricing.calibration:fit:37 - Isotonic calibrator fitted.
2026-04-08 01:41:55 | INFO     | app.pricing.models:fit:320 - Calibration report: raw_brier=0.2538, cal_brier=0.20072
2026-04-08 01:41:55 | INFO     | app.pricing.models:fit:191 - Training LogisticRegression component...
2026-04-08 01:41:55 | INFO     | app.pricing.models:fit:193 - Training XGBoost component...
2026-04-08 01:41:55 | INFO     | app.pricing.calibration:fit:37 - Isotonic calibrator fitted.
2026-04-08 01:41:55 | INFO     | app.pricing.models:fit:320 - Calibration report: raw_brier=0.2437, cal_brier=0.1942
2026-04-08 01:41:55 | INFO     | app.pricing.models:fit:191 - Training LogisticRegression component...
2026-04-08 01:41:55 | INFO     | app.pricing.models:fit:193 - Training XGBoost component...
2026-04-08 01:41:56 | INFO     | app.pricing.calibration:fit:37 - Isotonic calibrator fitted.
2026-04-08 01:41:56 | INFO     | app.pricing.models:fit:320 - Calibration report: raw_brier=0.2454, cal_brier=0.19996
2026-04-08 01:41:56 | INFO     | app.pricing.models:fit:191 - Training LogisticRegression component...
2026-04-08 01:41:56 | INFO     | app.pricing.models:fit:193 - Training XGBoost component...
2026-04-08 01:41:56 | INFO     | app.pricing.calibration:fit:37 - Isotonic calibrator fitted.
2026-04-08 01:41:56 | INFO     | app.pricing.models:fit:320 - Calibration report: raw_brier=0.2456, cal_brier=0.20066
2026-04-08 01:41:56 | INFO     | app.pricing.models:fit:191 - Training LogisticRegression component...
2026-04-08 01:41:56 | INFO     | app.pricing.models:fit:193 - Training XGBoost component...
2026-04-08 01:41:56 | INFO     | app.pricing.calibration:fit:37 - Isotonic calibrator fitted.
2026-04-08 01:41:56 | INFO     | app.pricing.models:fit:320 - Calibration report: raw_brier=0.2530, cal_brier=0.20213
2026-04-08 01:41:56 | INFO     | app.pricing.models:fit:191 - Training LogisticRegression component...
2026-04-08 01:41:56 | INFO     | app.pricing.models:fit:193 - Training XGBoost component...
2026-04-08 01:41:56 | INFO     | app.pricing.calibration:fit:37 - Isotonic calibrator fitted.
2026-04-08 01:41:56 | INFO     | app.pricing.models:fit:320 - Calibration report: raw_brier=0.2346, cal_brier=0.18303
2026-04-08 01:41:56 | INFO     | app.pricing.models:fit:191 - Training LogisticRegression component...
2026-04-08 01:41:56 | INFO     | app.pricing.models:fit:193 - Training XGBoost component...
2026-04-08 01:41:56 | INFO     | app.pricing.calibration:fit:37 - Isotonic calibrator fitted.
2026-04-08 01:41:56 | INFO     | app.pricing.models:fit:320 - Calibration report: raw_brier=0.2280, cal_brier=0.16613
2026-04-08 01:41:56 | INFO     | app.pricing.models:fit:191 - Training LogisticRegression component...
2026-04-08 01:41:56 | INFO     | app.pricing.models:fit:193 - Training XGBoost component...
2026-04-08 01:41:56 | INFO     | app.pricing.calibration:fit:37 - Isotonic calibrator fitted.
2026-04-08 01:41:56 | INFO     | app.pricing.models:fit:320 - Calibration report: raw_brier=0.2234, cal_brier=0.17254
2026-04-08 01:41:56 | INFO     | app.pricing.models:fit:191 - Training LogisticRegression component...
2026-04-08 01:41:56 | INFO     | app.pricing.models:fit:193 - Training XGBoost component...
2026-04-08 01:41:56 | INFO     | app.pricing.calibration:fit:37 - Isotonic calibrator fitted.
2026-04-08 01:41:56 | INFO     | app.pricing.models:fit:320 - Calibration report: raw_brier=0.2241, cal_brier=0.16883
2026-04-08 01:41:56 | INFO     | app.pricing.models:fit:191 - Training LogisticRegression component...
2026-04-08 01:41:56 | INFO     | app.pricing.models:fit:193 - Training XGBoost component...
2026-04-08 01:41:56 | INFO     | app.pricing.calibration:fit:37 - Isotonic calibrator fitted.
2026-04-08 01:41:56 | INFO     | app.pricing.models:fit:320 - Calibration report: raw_brier=0.2274, cal_brier=0.16909
2026-04-08 01:41:56 | INFO     | app.pricing.models:fit:191 - Training LogisticRegression component...
2026-04-08 01:41:56 | INFO     | app.pricing.models:fit:193 - Training XGBoost component...
2026-04-08 01:41:56 | INFO     | app.pricing.calibration:fit:37 - Isotonic calibrator fitted.
2026-04-08 01:41:56 | INFO     | app.pricing.models:fit:320 - Calibration report: raw_brier=0.2271, cal_brier=0.16626
2026-04-08 01:41:56 | INFO     | app.pricing.models:fit:191 - Training LogisticRegression component...
2026-04-08 01:41:56 | INFO     | app.pricing.models:fit:193 - Training XGBoost component...
2026-04-08 01:41:56 | INFO     | app.pricing.calibration:fit:37 - Isotonic calibrator fitted.
2026-04-08 01:41:56 | INFO     | app.pricing.models:fit:320 - Calibration report: raw_brier=0.2322, cal_brier=0.17714
2026-04-08 01:41:56 | INFO     | app.pricing.models:fit:191 - Training LogisticRegression component...
2026-04-08 01:41:56 | INFO     | app.pricing.models:fit:193 - Training XGBoost component...
2026-04-08 01:41:56 | INFO     | app.pricing.calibration:fit:37 - Isotonic calibrator fitted.
2026-04-08 01:41:56 | INFO     | app.pricing.models:fit:320 - Calibration report: raw_brier=0.2393, cal_brier=0.19194
2026-04-08 01:41:56 | INFO     | app.pricing.models:fit:191 - Training LogisticRegression component...
2026-04-08 01:41:56 | INFO     | app.pricing.models:fit:193 - Training XGBoost component...
2026-04-08 01:41:56 | INFO     | app.pricing.calibration:fit:37 - Isotonic calibrator fitted.
2026-04-08 01:41:56 | INFO     | app.pricing.models:fit:320 - Calibration report: raw_brier=0.2442, cal_brier=0.19977
2026-04-08 01:41:56 | INFO     | app.pricing.models:fit:191 - Training LogisticRegression component...
2026-04-08 01:41:57 | INFO     | app.pricing.models:fit:193 - Training XGBoost component...
2026-04-08 01:41:57 | INFO     | app.pricing.calibration:fit:37 - Isotonic calibrator fitted.
2026-04-08 01:41:57 | INFO     | app.pricing.models:fit:320 - Calibration report: raw_brier=0.2405, cal_brier=0.19886
2026-04-08 01:41:57 | INFO     | app.pricing.models:fit:191 - Training LogisticRegression component...
2026-04-08 01:41:57 | INFO     | app.pricing.models:fit:193 - Training XGBoost component...
2026-04-08 01:41:57 | INFO     | app.pricing.calibration:fit:37 - Isotonic calibrator fitted.
2026-04-08 01:41:57 | INFO     | app.pricing.models:fit:320 - Calibration report: raw_brier=0.2444, cal_brier=0.20362
2026-04-08 01:41:57 | INFO     | app.pricing.models:fit:191 - Training LogisticRegression component...
2026-04-08 01:41:57 | INFO     | app.pricing.models:fit:193 - Training XGBoost component...
2026-04-08 01:41:57 | INFO     | app.pricing.calibration:fit:37 - Isotonic calibrator fitted.
2026-04-08 01:41:57 | INFO     | app.pricing.models:fit:320 - Calibration report: raw_brier=0.2083, cal_brier=0.16392
2026-04-08 01:41:57 | INFO     | app.pricing.models:fit:191 - Training LogisticRegression component...
2026-04-08 01:41:57 | INFO     | app.pricing.models:fit:193 - Training XGBoost component...
2026-04-08 01:41:57 | INFO     | app.pricing.calibration:fit:37 - Isotonic calibrator fitted.
2026-04-08 01:41:57 | INFO     | app.pricing.models:fit:320 - Calibration report: raw_brier=0.2135, cal_brier=0.18137
2026-04-08 01:41:57 | INFO     | app.pricing.models:fit:191 - Training LogisticRegression component...
2026-04-08 01:41:57 | INFO     | app.pricing.models:fit:193 - Training XGBoost component...
2026-04-08 01:41:57 | INFO     | app.pricing.calibration:fit:37 - Isotonic calibrator fitted.
2026-04-08 01:41:57 | INFO     | app.pricing.models:fit:320 - Calibration report: raw_brier=0.2094, cal_brier=0.16958
2026-04-08 01:41:57 | INFO     | app.pricing.models:fit:191 - Training LogisticRegression component...
2026-04-08 01:41:57 | INFO     | app.pricing.models:fit:193 - Training XGBoost component...
2026-04-08 01:41:57 | INFO     | app.pricing.calibration:fit:37 - Isotonic calibrator fitted.
2026-04-08 01:41:57 | INFO     | app.pricing.models:fit:320 - Calibration report: raw_brier=0.2056, cal_brier=0.15336
2026-04-08 01:41:57 | INFO     | app.pricing.models:fit:191 - Training LogisticRegression component...
2026-04-08 01:41:57 | INFO     | app.pricing.models:fit:193 - Training XGBoost component...
2026-04-08 01:41:57 | INFO     | app.pricing.calibration:fit:37 - Isotonic calibrator fitted.
2026-04-08 01:41:57 | INFO     | app.pricing.models:fit:320 - Calibration report: raw_brier=0.2061, cal_brier=0.15935
2026-04-08 01:41:57 | INFO     | app.pricing.models:fit:191 - Training LogisticRegression component...
2026-04-08 01:41:57 | INFO     | app.pricing.models:fit:193 - Training XGBoost component...
2026-04-08 01:41:57 | INFO     | app.pricing.calibration:fit:37 - Isotonic calibrator fitted.
2026-04-08 01:41:57 | INFO     | app.pricing.models:fit:320 - Calibration report: raw_brier=0.2019, cal_brier=0.1481
2026-04-08 01:41:57 | INFO     | app.pricing.models:fit:191 - Training LogisticRegression component...
2026-04-08 01:41:57 | INFO     | app.pricing.models:fit:193 - Training XGBoost component...
2026-04-08 01:41:57 | INFO     | app.pricing.calibration:fit:37 - Isotonic calibrator fitted.
2026-04-08 01:41:57 | INFO     | app.pricing.models:fit:320 - Calibration report: raw_brier=0.2074, cal_brier=0.16758
2026-04-08 01:41:57 | INFO     | app.pricing.models:fit:191 - Training LogisticRegression component...
2026-04-08 01:41:57 | INFO     | app.pricing.models:fit:193 - Training XGBoost component...
2026-04-08 01:41:57 | INFO     | app.pricing.calibration:fit:37 - Isotonic calibrator fitted.
2026-04-08 01:41:57 | INFO     | app.pricing.models:fit:320 - Calibration report: raw_brier=0.1989, cal_brier=0.14962
2026-04-08 01:41:57 | INFO     | app.pricing.models:fit:191 - Training LogisticRegression component...
2026-04-08 01:41:57 | INFO     | app.pricing.models:fit:193 - Training XGBoost component...
2026-04-08 01:41:58 | INFO     | app.pricing.calibration:fit:37 - Isotonic calibrator fitted.
2026-04-08 01:41:58 | INFO     | app.pricing.models:fit:320 - Calibration report: raw_brier=0.2007, cal_brier=0.15043
2026-04-08 01:41:58 | INFO     | app.services.backtest:run:209 - [222ff039] Backtest complete. Brier: 0.2175, LogLoss: 1.1819, Accuracy: 62.5%
2026-04-08 01:41:58 | INFO     | app.services.backtest:run:54 - [1ef7cd4a] Starting walk-forward backtest...
2026-04-08 01:41:58 | INFO     | app.features.pipeline:get_team_features:442 - Building team feature matrix...
2026-04-08 01:41:58 | INFO     | app.features.pipeline:get_team_features:444 - Team features shape: (1800, 87)
2026-04-08 01:41:58 | INFO     | app.services.backtest:run:66 - Backtest on 1575 samples with 71 features.
2026-04-08 01:41:58 | INFO     | app.pricing.models:fit:191 - Training LogisticRegression component...
2026-04-08 01:41:58 | WARNING  | app.services.backtest:run:109 - Training failed at fold 20: This solver needs samples of at least 2 classes in the data, but the data contains only one class: 0
2026-04-08 01:41:58 | INFO     | app.pricing.models:fit:191 - Training LogisticRegression component...
2026-04-08 01:41:58 | WARNING  | app.services.backtest:run:109 - Training failed at fold 25: This solver needs samples of at least 2 classes in the data, but the data contains only one class: 0
2026-04-08 01:41:58 | INFO     | app.pricing.models:fit:191 - Training LogisticRegression component...
2026-04-08 01:41:58 | WARNING  | app.services.backtest:run:109 - Training failed at fold 30: This solver needs samples of at least 2 classes in the data, but the data contains only one class: 0
2026-04-08 01:41:58 | INFO     | app.pricing.models:fit:191 - Training LogisticRegression component...
2026-04-08 01:41:58 | INFO     | app.pricing.models:fit:193 - Training XGBoost component...
2026-04-08 01:41:58 | INFO     | app.pricing.calibration:fit:37 - Isotonic calibrator fitted.
2026-04-08 01:41:58 | WARNING  | app.services.backtest:run:109 - Training failed at fold 35: y_true contains only one label (1). Please provide the true labels explicitly through the labels argument.
2026-04-08 01:41:58 | INFO     | app.pricing.models:fit:191 - Training LogisticRegression component...
2026-04-08 01:41:58 | INFO     | app.pricing.models:fit:193 - Training XGBoost component...
2026-04-08 01:41:58 | INFO     | app.pricing.calibration:fit:37 - Isotonic calibrator fitted.
2026-04-08 01:41:58 | WARNING  | app.services.backtest:run:109 - Training failed at fold 40: y_true contains only one label (1). Please provide the true labels explicitly through the labels argument.
2026-04-08 01:41:58 | INFO     | app.pricing.models:fit:191 - Training LogisticRegression component...
2026-04-08 01:41:58 | INFO     | app.pricing.models:fit:193 - Training XGBoost component...
2026-04-08 01:41:58 | INFO     | app.pricing.calibration:fit:37 - Isotonic calibrator fitted.
2026-04-08 01:41:58 | WARNING  | app.services.backtest:run:109 - Training failed at fold 45: y_true contains only one label (1). Please provide the true labels explicitly through the labels argument.
2026-04-08 01:41:58 | INFO     | app.pricing.models:fit:191 - Training LogisticRegression component...
2026-04-08 01:41:58 | INFO     | app.pricing.models:fit:193 - Training XGBoost component...
2026-04-08 01:41:58 | INFO     | app.pricing.calibration:fit:37 - Isotonic calibrator fitted.
2026-04-08 01:41:58 | WARNING  | app.services.backtest:run:109 - Training failed at fold 50: y_true contains only one label (1). Please provide the true labels explicitly through the labels argument.
2026-04-08 01:41:58 | INFO     | app.pricing.models:fit:191 - Training LogisticRegression component...
2026-04-08 01:41:58 | INFO     | app.pricing.models:fit:193 - Training XGBoost component...
2026-04-08 01:41:58 | INFO     | app.pricing.calibration:fit:37 - Isotonic calibrator fitted.
2026-04-08 01:41:58 | INFO     | app.pricing.models:fit:320 - Calibration report: raw_brier=0.0653, cal_brier=0.0
2026-04-08 01:41:58 | INFO     | app.pricing.models:fit:191 - Training LogisticRegression component...
2026-04-08 01:41:58 | INFO     | app.pricing.models:fit:193 - Training XGBoost component...
2026-04-08 01:41:58 | INFO     | app.pricing.calibration:fit:37 - Isotonic calibrator fitted.
2026-04-08 01:41:58 | WARNING  | app.services.backtest:run:109 - Training failed at fold 60: y_true contains only one label (0). Please provide the true labels explicitly through the labels argument.
2026-04-08 01:41:58 | INFO     | app.pricing.models:fit:191 - Training LogisticRegression component...
2026-04-08 01:41:58 | INFO     | app.pricing.models:fit:193 - Training XGBoost component...
2026-04-08 01:41:58 | INFO     | app.pricing.calibration:fit:37 - Isotonic calibrator fitted.
2026-04-08 01:41:58 | WARNING  | app.services.backtest:run:109 - Training failed at fold 65: y_true contains only one label (0). Please provide the true labels explicitly through the labels argument.
2026-04-08 01:41:58 | INFO     | app.pricing.models:fit:191 - Training LogisticRegression component...
2026-04-08 01:41:58 | INFO     | app.pricing.models:fit:193 - Training XGBoost component...
2026-04-08 01:41:58 | INFO     | app.pricing.calibration:fit:37 - Isotonic calibrator fitted.
2026-04-08 01:41:58 | WARNING  | app.services.backtest:run:109 - Training failed at fold 70: y_true contains only one label (0). Please provide the true labels explicitly through the labels argument.
2026-04-08 01:41:58 | INFO     | app.pricing.models:fit:191 - Training LogisticRegression component...
2026-04-08 01:41:58 | INFO     | app.pricing.models:fit:193 - Training XGBoost component...
2026-04-08 01:41:58 | INFO     | app.pricing.calibration:fit:37 - Isotonic calibrator fitted.
2026-04-08 01:41:58 | WARNING  | app.services.backtest:run:109 - Training failed at fold 75: y_true contains only one label (0). Please provide the true labels explicitly through the labels argument.
2026-04-08 01:41:58 | INFO     | app.pricing.models:fit:191 - Training LogisticRegression component...
2026-04-08 01:41:58 | INFO     | app.pricing.models:fit:193 - Training XGBoost component...
2026-04-08 01:41:58 | INFO     | app.pricing.calibration:fit:37 - Isotonic calibrator fitted.
2026-04-08 01:41:58 | INFO     | app.pricing.models:fit:320 - Calibration report: raw_brier=0.2423, cal_brier=0.05556
2026-04-08 01:41:58 | INFO     | app.pricing.models:fit:191 - Training LogisticRegression component...
2026-04-08 01:41:58 | INFO     | app.pricing.models:fit:193 - Training XGBoost component...
2026-04-08 01:41:58 | INFO     | app.pricing.calibration:fit:37 - Isotonic calibrator fitted.
2026-04-08 01:41:58 | INFO     | app.pricing.models:fit:320 - Calibration report: raw_brier=0.4522, cal_brier=0.0
2026-04-08 01:41:58 | INFO     | app.pricing.models:fit:191 - Training LogisticRegression component...
2026-04-08 01:41:58 | INFO     | app.pricing.models:fit:193 - Training XGBoost component...
2026-04-08 01:41:58 | INFO     | app.pricing.calibration:fit:37 - Isotonic calibrator fitted.
2026-04-08 01:41:58 | WARNING  | app.services.backtest:run:109 - Training failed at fold 90: y_true contains only one label (1). Please provide the true labels explicitly through the labels argument.
2026-04-08 01:41:58 | INFO     | app.pricing.models:fit:191 - Training LogisticRegression component...
2026-04-08 01:41:58 | INFO     | app.pricing.models:fit:193 - Training XGBoost component...
2026-04-08 01:41:58 | INFO     | app.pricing.calibration:fit:37 - Isotonic calibrator fitted.
2026-04-08 01:41:58 | WARNING  | app.services.backtest:run:109 - Training failed at fold 95: y_true contains only one label (1). Please provide the true labels explicitly through the labels argument.
2026-04-08 01:41:58 | INFO     | app.pricing.models:fit:191 - Training LogisticRegression component...
2026-04-08 01:41:58 | INFO     | app.pricing.models:fit:193 - Training XGBoost component...
2026-04-08 01:41:58 | INFO     | app.pricing.calibration:fit:37 - Isotonic calibrator fitted.
2026-04-08 01:41:58 | WARNING  | app.services.backtest:run:109 - Training failed at fold 100: y_true contains only one label (1). Please provide the true labels explicitly through the labels argument.
2026-04-08 01:41:58 | INFO     | app.pricing.models:fit:191 - Training LogisticRegression component...
2026-04-08 01:41:58 | INFO     | app.pricing.models:fit:193 - Training XGBoost component...
2026-04-08 01:41:58 | INFO     | app.pricing.calibration:fit:37 - Isotonic calibrator fitted.
2026-04-08 01:41:58 | WARNING  | app.services.backtest:run:109 - Training failed at fold 105: y_true contains only one label (1). Please provide the true labels explicitly through the labels argument.
2026-04-08 01:41:58 | INFO     | app.pricing.models:fit:191 - Training LogisticRegression component...
2026-04-08 01:41:58 | INFO     | app.pricing.models:fit:193 - Training XGBoost component...
2026-04-08 01:41:58 | INFO     | app.pricing.calibration:fit:37 - Isotonic calibrator fitted.
2026-04-08 01:41:58 | WARNING  | app.services.backtest:run:109 - Training failed at fold 110: y_true contains only one label (1). Please provide the true labels explicitly through the labels argument.
2026-04-08 01:41:58 | INFO     | app.pricing.models:fit:191 - Training LogisticRegression component...
2026-04-08 01:41:58 | INFO     | app.pricing.models:fit:193 - Training XGBoost component...
2026-04-08 01:41:58 | INFO     | app.pricing.calibration:fit:37 - Isotonic calibrator fitted.
2026-04-08 01:41:58 | WARNING  | app.services.backtest:run:109 - Training failed at fold 115: y_true contains only one label (1). Please provide the true labels explicitly through the labels argument.
2026-04-08 01:41:58 | INFO     | app.pricing.models:fit:191 - Training LogisticRegression component...
2026-04-08 01:41:58 | INFO     | app.pricing.models:fit:193 - Training XGBoost component...
2026-04-08 01:41:58 | INFO     | app.pricing.calibration:fit:37 - Isotonic calibrator fitted.
2026-04-08 01:41:58 | WARNING  | app.services.backtest:run:109 - Training failed at fold 120: y_true contains only one label (1). Please provide the true labels explicitly through the labels argument.
2026-04-08 01:41:58 | INFO     | app.pricing.models:fit:191 - Training LogisticRegression component...
2026-04-08 01:41:58 | INFO     | app.pricing.models:fit:193 - Training XGBoost component...
2026-04-08 01:41:58 | INFO     | app.pricing.calibration:fit:37 - Isotonic calibrator fitted.
2026-04-08 01:41:58 | WARNING  | app.services.backtest:run:109 - Training failed at fold 125: y_true contains only one label (1). Please provide the true labels explicitly through the labels argument.
2026-04-08 01:41:58 | INFO     | app.pricing.models:fit:191 - Training LogisticRegression component...
2026-04-08 01:41:58 | INFO     | app.pricing.models:fit:193 - Training XGBoost component...
2026-04-08 01:41:58 | INFO     | app.pricing.calibration:fit:37 - Isotonic calibrator fitted.
2026-04-08 01:41:58 | WARNING  | app.services.backtest:run:109 - Training failed at fold 130: y_true contains only one label (1). Please provide the true labels explicitly through the labels argument.
2026-04-08 01:41:58 | INFO     | app.pricing.models:fit:191 - Training LogisticRegression component...
2026-04-08 01:41:58 | INFO     | app.pricing.models:fit:193 - Training XGBoost component...
2026-04-08 01:41:58 | INFO     | app.pricing.calibration:fit:37 - Isotonic calibrator fitted.
2026-04-08 01:41:58 | WARNING  | app.services.backtest:run:109 - Training failed at fold 135: y_true contains only one label (1). Please provide the true labels explicitly through the labels argument.
2026-04-08 01:41:58 | INFO     | app.pricing.models:fit:191 - Training LogisticRegression component...
2026-04-08 01:41:58 | INFO     | app.pricing.models:fit:193 - Training XGBoost component...
2026-04-08 01:41:58 | INFO     | app.pricing.calibration:fit:37 - Isotonic calibrator fitted.
2026-04-08 01:41:58 | WARNING  | app.services.backtest:run:109 - Training failed at fold 140: y_true contains only one label (1). Please provide the true labels explicitly through the labels argument.
2026-04-08 01:41:58 | INFO     | app.pricing.models:fit:191 - Training LogisticRegression component...
2026-04-08 01:41:58 | INFO     | app.pricing.models:fit:193 - Training XGBoost component...
2026-04-08 01:41:58 | INFO     | app.pricing.calibration:fit:37 - Isotonic calibrator fitted.
2026-04-08 01:41:58 | WARNING  | app.services.backtest:run:109 - Training failed at fold 145: y_true contains only one label (1). Please provide the true labels explicitly through the labels argument.
2026-04-08 01:41:58 | INFO     | app.pricing.models:fit:191 - Training LogisticRegression component...
2026-04-08 01:41:58 | INFO     | app.pricing.models:fit:193 - Training XGBoost component...
2026-04-08 01:41:58 | INFO     | app.pricing.calibration:fit:37 - Isotonic calibrator fitted.
2026-04-08 01:41:58 | WARNING  | app.services.backtest:run:109 - Training failed at fold 150: y_true contains only one label (1). Please provide the true labels explicitly through the labels argument.
2026-04-08 01:41:58 | INFO     | app.pricing.models:fit:191 - Training LogisticRegression component...
2026-04-08 01:41:58 | INFO     | app.pricing.models:fit:193 - Training XGBoost component...
2026-04-08 01:41:58 | INFO     | app.pricing.calibration:fit:37 - Isotonic calibrator fitted.
2026-04-08 01:41:58 | WARNING  | app.services.backtest:run:109 - Training failed at fold 155: y_true contains only one label (1). Please provide the true labels explicitly through the labels argument.
2026-04-08 01:41:58 | INFO     | app.pricing.models:fit:191 - Training LogisticRegression component...
2026-04-08 01:41:58 | INFO     | app.pricing.models:fit:193 - Training XGBoost component...
2026-04-08 01:41:58 | INFO     | app.pricing.calibration:fit:37 - Isotonic calibrator fitted.
2026-04-08 01:41:58 | WARNING  | app.services.backtest:run:109 - Training failed at fold 160: y_true contains only one label (1). Please provide the true labels explicitly through the labels argument.
2026-04-08 01:41:58 | INFO     | app.pricing.models:fit:191 - Training LogisticRegression component...
2026-04-08 01:41:58 | INFO     | app.pricing.models:fit:193 - Training XGBoost component...
2026-04-08 01:41:59 | INFO     | app.pricing.calibration:fit:37 - Isotonic calibrator fitted.
2026-04-08 01:41:59 | WARNING  | app.services.backtest:run:109 - Training failed at fold 165: y_true contains only one label (1). Please provide the true labels explicitly through the labels argument.
2026-04-08 01:41:59 | INFO     | app.pricing.models:fit:191 - Training LogisticRegression component...
2026-04-08 01:41:59 | INFO     | app.pricing.models:fit:193 - Training XGBoost component...
2026-04-08 01:41:59 | INFO     | app.pricing.calibration:fit:37 - Isotonic calibrator fitted.
2026-04-08 01:41:59 | WARNING  | app.services.backtest:run:109 - Training failed at fold 170: y_true contains only one label (1). Please provide the true labels explicitly through the labels argument.
2026-04-08 01:41:59 | INFO     | app.pricing.models:fit:191 - Training LogisticRegression component...
2026-04-08 01:41:59 | INFO     | app.pricing.models:fit:193 - Training XGBoost component...
2026-04-08 01:41:59 | INFO     | app.pricing.calibration:fit:37 - Isotonic calibrator fitted.
2026-04-08 01:41:59 | WARNING  | app.services.backtest:run:109 - Training failed at fold 175: y_true contains only one label (1). Please provide the true labels explicitly through the labels argument.
2026-04-08 01:41:59 | INFO     | app.pricing.models:fit:191 - Training LogisticRegression component...
2026-04-08 01:41:59 | INFO     | app.pricing.models:fit:193 - Training XGBoost component...
2026-04-08 01:41:59 | INFO     | app.pricing.calibration:fit:37 - Isotonic calibrator fitted.
2026-04-08 01:41:59 | WARNING  | app.services.backtest:run:109 - Training failed at fold 180: y_true contains only one label (1). Please provide the true labels explicitly through the labels argument.
2026-04-08 01:41:59 | INFO     | app.pricing.models:fit:191 - Training LogisticRegression component...
2026-04-08 01:41:59 | INFO     | app.pricing.models:fit:193 - Training XGBoost component...
2026-04-08 01:41:59 | INFO     | app.pricing.calibration:fit:37 - Isotonic calibrator fitted.
2026-04-08 01:41:59 | WARNING  | app.services.backtest:run:109 - Training failed at fold 185: y_true contains only one label (1). Please provide the true labels explicitly through the labels argument.
2026-04-08 01:41:59 | INFO     | app.pricing.models:fit:191 - Training LogisticRegression component...
2026-04-08 01:41:59 | INFO     | app.pricing.models:fit:193 - Training XGBoost component...
2026-04-08 01:41:59 | INFO     | app.pricing.calibration:fit:37 - Isotonic calibrator fitted.
2026-04-08 01:41:59 | WARNING  | app.services.backtest:run:109 - Training failed at fold 190: y_true contains only one label (1). Please provide the true labels explicitly through the labels argument.
2026-04-08 01:41:59 | INFO     | app.pricing.models:fit:191 - Training LogisticRegression component...
2026-04-08 01:41:59 | INFO     | app.pricing.models:fit:193 - Training XGBoost component...
2026-04-08 01:41:59 | INFO     | app.pricing.calibration:fit:37 - Isotonic calibrator fitted.
2026-04-08 01:41:59 | WARNING  | app.services.backtest:run:109 - Training failed at fold 195: y_true contains only one label (1). Please provide the true labels explicitly through the labels argument.
2026-04-08 01:41:59 | INFO     | app.pricing.models:fit:191 - Training LogisticRegression component...
2026-04-08 01:41:59 | INFO     | app.pricing.models:fit:193 - Training XGBoost component...
2026-04-08 01:41:59 | INFO     | app.pricing.calibration:fit:37 - Isotonic calibrator fitted.
2026-04-08 01:41:59 | WARNING  | app.services.backtest:run:109 - Training failed at fold 200: y_true contains only one label (1). Please provide the true labels explicitly through the labels argument.
2026-04-08 01:41:59 | INFO     | app.pricing.models:fit:191 - Training LogisticRegression component...
2026-04-08 01:41:59 | INFO     | app.pricing.models:fit:193 - Training XGBoost component...
2026-04-08 01:41:59 | INFO     | app.pricing.calibration:fit:37 - Isotonic calibrator fitted.
2026-04-08 01:41:59 | INFO     | app.pricing.models:fit:320 - Calibration report: raw_brier=0.2798, cal_brier=0.04
2026-04-08 01:41:59 | INFO     | app.pricing.models:fit:191 - Training LogisticRegression component...
2026-04-08 01:41:59 | INFO     | app.pricing.models:fit:193 - Training XGBoost component...
2026-04-08 01:41:59 | INFO     | app.pricing.calibration:fit:37 - Isotonic calibrator fitted.
2026-04-08 01:41:59 | INFO     | app.pricing.models:fit:320 - Calibration report: raw_brier=0.0858, cal_brier=0.0
2026-04-08 01:41:59 | INFO     | app.pricing.models:fit:191 - Training LogisticRegression component...
2026-04-08 01:41:59 | INFO     | app.pricing.models:fit:193 - Training XGBoost component...
2026-04-08 01:41:59 | INFO     | app.pricing.calibration:fit:37 - Isotonic calibrator fitted.
2026-04-08 01:41:59 | INFO     | app.pricing.models:fit:320 - Calibration report: raw_brier=0.1246, cal_brier=0.0
2026-04-08 01:41:59 | INFO     | app.pricing.models:fit:191 - Training LogisticRegression component...
2026-04-08 01:41:59 | INFO     | app.pricing.models:fit:193 - Training XGBoost component...
2026-04-08 01:41:59 | INFO     | app.pricing.calibration:fit:37 - Isotonic calibrator fitted.
2026-04-08 01:41:59 | INFO     | app.pricing.models:fit:320 - Calibration report: raw_brier=0.1888, cal_brier=0.0202
2026-04-08 01:41:59 | INFO     | app.pricing.models:fit:191 - Training LogisticRegression component...
2026-04-08 01:41:59 | INFO     | app.pricing.models:fit:193 - Training XGBoost component...
2026-04-08 01:41:59 | INFO     | app.pricing.calibration:fit:37 - Isotonic calibrator fitted.
2026-04-08 01:41:59 | INFO     | app.pricing.models:fit:320 - Calibration report: raw_brier=0.2552, cal_brier=0.0
2026-04-08 01:41:59 | INFO     | app.pricing.models:fit:191 - Training LogisticRegression component...
2026-04-08 01:41:59 | INFO     | app.pricing.models:fit:193 - Training XGBoost component...
2026-04-08 01:41:59 | INFO     | app.pricing.calibration:fit:37 - Isotonic calibrator fitted.
2026-04-08 01:41:59 | INFO     | app.pricing.models:fit:320 - Calibration report: raw_brier=0.2753, cal_brier=0.10208
2026-04-08 01:41:59 | INFO     | app.pricing.models:fit:191 - Training LogisticRegression component...
2026-04-08 01:41:59 | INFO     | app.pricing.models:fit:193 - Training XGBoost component...
2026-04-08 01:41:59 | INFO     | app.pricing.calibration:fit:37 - Isotonic calibrator fitted.
2026-04-08 01:41:59 | INFO     | app.pricing.models:fit:320 - Calibration report: raw_brier=0.3241, cal_brier=0.18681
2026-04-08 01:41:59 | INFO     | app.pricing.models:fit:191 - Training LogisticRegression component...
2026-04-08 01:41:59 | INFO     | app.pricing.models:fit:193 - Training XGBoost component...
2026-04-08 01:41:59 | INFO     | app.pricing.calibration:fit:37 - Isotonic calibrator fitted.
2026-04-08 01:41:59 | INFO     | app.pricing.models:fit:320 - Calibration report: raw_brier=0.2188, cal_brier=0.18519
2026-04-08 01:41:59 | INFO     | app.pricing.models:fit:191 - Training LogisticRegression component...
2026-04-08 01:41:59 | INFO     | app.pricing.models:fit:193 - Training XGBoost component...
2026-04-08 01:41:59 | INFO     | app.pricing.calibration:fit:37 - Isotonic calibrator fitted.
2026-04-08 01:41:59 | INFO     | app.pricing.models:fit:320 - Calibration report: raw_brier=0.2400, cal_brier=0.13333
2026-04-08 01:41:59 | INFO     | app.pricing.models:fit:191 - Training LogisticRegression component...
2026-04-08 01:41:59 | INFO     | app.pricing.models:fit:193 - Training XGBoost component...
2026-04-08 01:41:59 | INFO     | app.pricing.calibration:fit:37 - Isotonic calibrator fitted.
2026-04-08 01:41:59 | INFO     | app.pricing.models:fit:320 - Calibration report: raw_brier=0.2424, cal_brier=0.0
2026-04-08 01:41:59 | INFO     | app.pricing.models:fit:191 - Training LogisticRegression component...
2026-04-08 01:41:59 | INFO     | app.pricing.models:fit:193 - Training XGBoost component...
2026-04-08 01:41:59 | INFO     | app.pricing.calibration:fit:37 - Isotonic calibrator fitted.
2026-04-08 01:41:59 | INFO     | app.pricing.models:fit:320 - Calibration report: raw_brier=0.2954, cal_brier=0.0
2026-04-08 01:41:59 | INFO     | app.pricing.models:fit:191 - Training LogisticRegression component...
2026-04-08 01:41:59 | INFO     | app.pricing.models:fit:193 - Training XGBoost component...
2026-04-08 01:41:59 | INFO     | app.pricing.calibration:fit:37 - Isotonic calibrator fitted.
2026-04-08 01:41:59 | INFO     | app.pricing.models:fit:320 - Calibration report: raw_brier=0.3605, cal_brier=0.0
2026-04-08 01:41:59 | INFO     | app.pricing.models:fit:191 - Training LogisticRegression component...
2026-04-08 01:41:59 | INFO     | app.pricing.models:fit:193 - Training XGBoost component...
2026-04-08 01:41:59 | INFO     | app.pricing.calibration:fit:37 - Isotonic calibrator fitted.
2026-04-08 01:41:59 | WARNING  | app.services.backtest:run:109 - Training failed at fold 265: y_true contains only one label (1). Please provide the true labels explicitly through the labels argument.
2026-04-08 01:41:59 | INFO     | app.pricing.models:fit:191 - Training LogisticRegression component...
2026-04-08 01:41:59 | INFO     | app.pricing.models:fit:193 - Training XGBoost component...
2026-04-08 01:41:59 | INFO     | app.pricing.calibration:fit:37 - Isotonic calibrator fitted.
2026-04-08 01:41:59 | WARNING  | app.services.backtest:run:109 - Training failed at fold 270: y_true contains only one label (1). Please provide the true labels explicitly through the labels argument.
2026-04-08 01:41:59 | INFO     | app.pricing.models:fit:191 - Training LogisticRegression component...
2026-04-08 01:41:59 | INFO     | app.pricing.models:fit:193 - Training XGBoost component...
2026-04-08 01:41:59 | INFO     | app.pricing.calibration:fit:37 - Isotonic calibrator fitted.
2026-04-08 01:41:59 | WARNING  | app.services.backtest:run:109 - Training failed at fold 275: y_true contains only one label (1). Please provide the true labels explicitly through the labels argument.
2026-04-08 01:41:59 | INFO     | app.pricing.models:fit:191 - Training LogisticRegression component...
2026-04-08 01:41:59 | INFO     | app.pricing.models:fit:193 - Training XGBoost component...
2026-04-08 01:41:59 | INFO     | app.pricing.calibration:fit:37 - Isotonic calibrator fitted.
2026-04-08 01:41:59 | INFO     | app.pricing.models:fit:320 - Calibration report: raw_brier=0.1717, cal_brier=0.09524
2026-04-08 01:41:59 | INFO     | app.pricing.models:fit:191 - Training LogisticRegression component...
2026-04-08 01:42:00 | INFO     | app.pricing.models:fit:193 - Training XGBoost component...
2026-04-08 01:42:00 | INFO     | app.pricing.calibration:fit:37 - Isotonic calibrator fitted.
2026-04-08 01:42:00 | INFO     | app.pricing.models:fit:320 - Calibration report: raw_brier=0.2117, cal_brier=0.15873
2026-04-08 01:42:00 | INFO     | app.pricing.models:fit:191 - Training LogisticRegression component...
2026-04-08 01:42:00 | INFO     | app.pricing.models:fit:193 - Training XGBoost component...
2026-04-08 01:42:00 | INFO     | app.pricing.calibration:fit:37 - Isotonic calibrator fitted.
2026-04-08 01:42:00 | INFO     | app.pricing.models:fit:320 - Calibration report: raw_brier=0.2486, cal_brier=0.19934
2026-04-08 01:42:00 | INFO     | app.pricing.models:fit:191 - Training LogisticRegression component...
2026-04-08 01:42:00 | INFO     | app.pricing.models:fit:193 - Training XGBoost component...
2026-04-08 01:42:00 | INFO     | app.pricing.calibration:fit:37 - Isotonic calibrator fitted.
2026-04-08 01:42:00 | INFO     | app.pricing.models:fit:320 - Calibration report: raw_brier=0.2705, cal_brier=0.22727
2026-04-08 01:42:00 | INFO     | app.pricing.models:fit:191 - Training LogisticRegression component...
2026-04-08 01:42:00 | INFO     | app.pricing.models:fit:193 - Training XGBoost component...
2026-04-08 01:42:00 | INFO     | app.pricing.calibration:fit:37 - Isotonic calibrator fitted.
2026-04-08 01:42:00 | INFO     | app.pricing.models:fit:320 - Calibration report: raw_brier=0.1862, cal_brier=0.0
2026-04-08 01:42:00 | INFO     | app.pricing.models:fit:191 - Training LogisticRegression component...
2026-04-08 01:42:00 | INFO     | app.pricing.models:fit:193 - Training XGBoost component...
2026-04-08 01:42:00 | INFO     | app.pricing.calibration:fit:37 - Isotonic calibrator fitted.
2026-04-08 01:42:00 | INFO     | app.pricing.models:fit:320 - Calibration report: raw_brier=0.2054, cal_brier=0.0
2026-04-08 01:42:00 | INFO     | app.pricing.models:fit:191 - Training LogisticRegression component...
2026-04-08 01:42:00 | INFO     | app.pricing.models:fit:193 - Training XGBoost component...
2026-04-08 01:42:00 | INFO     | app.pricing.calibration:fit:37 - Isotonic calibrator fitted.
2026-04-08 01:42:00 | INFO     | app.pricing.models:fit:320 - Calibration report: raw_brier=0.2299, cal_brier=0.0
2026-04-08 01:42:00 | INFO     | app.pricing.models:fit:191 - Training LogisticRegression component...
2026-04-08 01:42:00 | INFO     | app.pricing.models:fit:193 - Training XGBoost component...
2026-04-08 01:42:00 | INFO     | app.pricing.calibration:fit:37 - Isotonic calibrator fitted.
2026-04-08 01:42:00 | INFO     | app.pricing.models:fit:320 - Calibration report: raw_brier=0.2514, cal_brier=0.0
2026-04-08 01:42:00 | INFO     | app.pricing.models:fit:191 - Training LogisticRegression component...
2026-04-08 01:42:00 | INFO     | app.pricing.models:fit:193 - Training XGBoost component...
2026-04-08 01:42:00 | INFO     | app.pricing.calibration:fit:37 - Isotonic calibrator fitted.
2026-04-08 01:42:00 | INFO     | app.pricing.models:fit:320 - Calibration report: raw_brier=0.2792, cal_brier=0.0
2026-04-08 01:42:00 | INFO     | app.pricing.models:fit:191 - Training LogisticRegression component...
2026-04-08 01:42:00 | INFO     | app.pricing.models:fit:193 - Training XGBoost component...
2026-04-08 01:42:00 | INFO     | app.pricing.calibration:fit:37 - Isotonic calibrator fitted.
2026-04-08 01:42:00 | WARNING  | app.services.backtest:run:109 - Training failed at fold 325: y_true contains only one label (0). Please provide the true labels explicitly through the labels argument.
2026-04-08 01:42:00 | INFO     | app.pricing.models:fit:191 - Training LogisticRegression component...
2026-04-08 01:42:00 | INFO     | app.pricing.models:fit:193 - Training XGBoost component...
2026-04-08 01:42:00 | INFO     | app.pricing.calibration:fit:37 - Isotonic calibrator fitted.
2026-04-08 01:42:00 | INFO     | app.pricing.models:fit:320 - Calibration report: raw_brier=0.1854, cal_brier=0.06803
2026-04-08 01:42:00 | INFO     | app.pricing.models:fit:191 - Training LogisticRegression component...
2026-04-08 01:42:00 | INFO     | app.pricing.models:fit:193 - Training XGBoost component...
2026-04-08 01:42:00 | INFO     | app.pricing.calibration:fit:37 - Isotonic calibrator fitted.
2026-04-08 01:42:00 | INFO     | app.pricing.models:fit:320 - Calibration report: raw_brier=0.2163, cal_brier=0.1
2026-04-08 01:42:00 | INFO     | app.pricing.models:fit:191 - Training LogisticRegression component...
2026-04-08 01:42:00 | INFO     | app.pricing.models:fit:193 - Training XGBoost component...
2026-04-08 01:42:00 | INFO     | app.pricing.calibration:fit:37 - Isotonic calibrator fitted.
2026-04-08 01:42:00 | INFO     | app.pricing.models:fit:320 - Calibration report: raw_brier=0.2268, cal_brier=0.11765
2026-04-08 01:42:00 | INFO     | app.pricing.models:fit:191 - Training LogisticRegression component...
2026-04-08 01:42:00 | INFO     | app.pricing.models:fit:193 - Training XGBoost component...
2026-04-08 01:42:00 | INFO     | app.pricing.calibration:fit:37 - Isotonic calibrator fitted.
2026-04-08 01:42:00 | INFO     | app.pricing.models:fit:320 - Calibration report: raw_brier=0.2485, cal_brier=0.13072
2026-04-08 01:42:00 | INFO     | app.pricing.models:fit:191 - Training LogisticRegression component...
2026-04-08 01:42:00 | INFO     | app.pricing.models:fit:193 - Training XGBoost component...
2026-04-08 01:42:00 | INFO     | app.pricing.calibration:fit:37 - Isotonic calibrator fitted.
2026-04-08 01:42:00 | INFO     | app.pricing.models:fit:320 - Calibration report: raw_brier=0.2560, cal_brier=0.13736
2026-04-08 01:42:00 | INFO     | app.pricing.models:fit:191 - Training LogisticRegression component...
2026-04-08 01:42:00 | INFO     | app.pricing.models:fit:193 - Training XGBoost component...
2026-04-08 01:42:00 | INFO     | app.pricing.calibration:fit:37 - Isotonic calibrator fitted.
2026-04-08 01:42:00 | INFO     | app.pricing.models:fit:320 - Calibration report: raw_brier=0.2148, cal_brier=0.0
2026-04-08 01:42:00 | INFO     | app.pricing.models:fit:191 - Training LogisticRegression component...
2026-04-08 01:42:00 | INFO     | app.pricing.models:fit:193 - Training XGBoost component...
2026-04-08 01:42:00 | INFO     | app.pricing.calibration:fit:37 - Isotonic calibrator fitted.
2026-04-08 01:42:00 | INFO     | app.pricing.models:fit:320 - Calibration report: raw_brier=0.2059, cal_brier=0.0
2026-04-08 01:42:00 | INFO     | app.pricing.models:fit:191 - Training LogisticRegression component...
2026-04-08 01:42:00 | INFO     | app.pricing.models:fit:193 - Training XGBoost component...
2026-04-08 01:42:00 | INFO     | app.pricing.calibration:fit:37 - Isotonic calibrator fitted.
2026-04-08 01:42:00 | INFO     | app.pricing.models:fit:320 - Calibration report: raw_brier=0.2368, cal_brier=0.0
2026-04-08 01:42:00 | INFO     | app.pricing.models:fit:191 - Training LogisticRegression component...
2026-04-08 01:42:00 | INFO     | app.pricing.models:fit:193 - Training XGBoost component...
2026-04-08 01:42:00 | INFO     | app.pricing.calibration:fit:37 - Isotonic calibrator fitted.
2026-04-08 01:42:00 | INFO     | app.pricing.models:fit:320 - Calibration report: raw_brier=0.2285, cal_brier=0.0
2026-04-08 01:42:00 | INFO     | app.pricing.models:fit:191 - Training LogisticRegression component...
2026-04-08 01:42:00 | INFO     | app.pricing.models:fit:193 - Training XGBoost component...
2026-04-08 01:42:00 | INFO     | app.pricing.calibration:fit:37 - Isotonic calibrator fitted.
2026-04-08 01:42:00 | INFO     | app.pricing.models:fit:320 - Calibration report: raw_brier=0.2451, cal_brier=0.0
2026-04-08 01:42:00 | INFO     | app.pricing.models:fit:191 - Training LogisticRegression component...
2026-04-08 01:42:01 | INFO     | app.pricing.models:fit:193 - Training XGBoost component...
2026-04-08 01:42:01 | INFO     | app.pricing.calibration:fit:37 - Isotonic calibrator fitted.
2026-04-08 01:42:01 | INFO     | app.pricing.models:fit:320 - Calibration report: raw_brier=0.2499, cal_brier=0.0
2026-04-08 01:42:01 | INFO     | app.pricing.models:fit:191 - Training LogisticRegression component...
2026-04-08 01:42:01 | INFO     | app.pricing.models:fit:193 - Training XGBoost component...
2026-04-08 01:42:01 | INFO     | app.pricing.calibration:fit:37 - Isotonic calibrator fitted.
2026-04-08 01:42:01 | INFO     | app.pricing.models:fit:320 - Calibration report: raw_brier=0.1044, cal_brier=0.0
2026-04-08 01:42:01 | INFO     | app.pricing.models:fit:191 - Training LogisticRegression component...
2026-04-08 01:42:01 | INFO     | app.pricing.models:fit:193 - Training XGBoost component...
2026-04-08 01:42:01 | INFO     | app.pricing.calibration:fit:37 - Isotonic calibrator fitted.
2026-04-08 01:42:01 | INFO     | app.pricing.models:fit:320 - Calibration report: raw_brier=0.0576, cal_brier=0.0
2026-04-08 01:42:01 | INFO     | app.pricing.models:fit:191 - Training LogisticRegression component...
2026-04-08 01:42:01 | INFO     | app.pricing.models:fit:193 - Training XGBoost component...
2026-04-08 01:42:01 | INFO     | app.pricing.calibration:fit:37 - Isotonic calibrator fitted.
2026-04-08 01:42:01 | INFO     | app.pricing.models:fit:320 - Calibration report: raw_brier=0.0555, cal_brier=0.0
2026-04-08 01:42:01 | INFO     | app.pricing.models:fit:191 - Training LogisticRegression component...
2026-04-08 01:42:01 | INFO     | app.pricing.models:fit:193 - Training XGBoost component...
2026-04-08 01:42:01 | INFO     | app.pricing.calibration:fit:37 - Isotonic calibrator fitted.
2026-04-08 01:42:01 | INFO     | app.pricing.models:fit:320 - Calibration report: raw_brier=0.0620, cal_brier=0.0
2026-04-08 01:42:01 | INFO     | app.pricing.models:fit:191 - Training LogisticRegression component...
2026-04-08 01:42:01 | INFO     | app.pricing.models:fit:193 - Training XGBoost component...
2026-04-08 01:42:01 | INFO     | app.pricing.calibration:fit:37 - Isotonic calibrator fitted.
2026-04-08 01:42:01 | INFO     | app.pricing.models:fit:320 - Calibration report: raw_brier=0.1352, cal_brier=0.02167
2026-04-08 01:42:01 | INFO     | app.pricing.models:fit:191 - Training LogisticRegression component...
2026-04-08 01:42:01 | INFO     | app.pricing.models:fit:193 - Training XGBoost component...
2026-04-08 01:42:01 | INFO     | app.pricing.calibration:fit:37 - Isotonic calibrator fitted.
2026-04-08 01:42:01 | INFO     | app.pricing.models:fit:320 - Calibration report: raw_brier=0.2047, cal_brier=0.0082
2026-04-08 01:42:01 | INFO     | app.pricing.models:fit:191 - Training LogisticRegression component...
2026-04-08 01:42:01 | INFO     | app.pricing.models:fit:193 - Training XGBoost component...
2026-04-08 01:42:01 | INFO     | app.pricing.calibration:fit:37 - Isotonic calibrator fitted.
2026-04-08 01:42:01 | INFO     | app.pricing.models:fit:320 - Calibration report: raw_brier=0.2124, cal_brier=0.0
2026-04-08 01:42:01 | INFO     | app.pricing.models:fit:191 - Training LogisticRegression component...
2026-04-08 01:42:01 | INFO     | app.pricing.models:fit:193 - Training XGBoost component...
2026-04-08 01:42:01 | INFO     | app.pricing.calibration:fit:37 - Isotonic calibrator fitted.
2026-04-08 01:42:01 | INFO     | app.pricing.models:fit:320 - Calibration report: raw_brier=0.2649, cal_brier=0.0
2026-04-08 01:42:01 | INFO     | app.pricing.models:fit:191 - Training LogisticRegression component...
2026-04-08 01:42:01 | INFO     | app.pricing.models:fit:193 - Training XGBoost component...
2026-04-08 01:42:01 | INFO     | app.pricing.calibration:fit:37 - Isotonic calibrator fitted.
2026-04-08 01:42:01 | INFO     | app.pricing.models:fit:320 - Calibration report: raw_brier=0.3235, cal_brier=0.0
2026-04-08 01:42:01 | INFO     | app.pricing.models:fit:191 - Training LogisticRegression component...
2026-04-08 01:42:01 | INFO     | app.pricing.models:fit:193 - Training XGBoost component...
2026-04-08 01:42:01 | INFO     | app.pricing.calibration:fit:37 - Isotonic calibrator fitted.
2026-04-08 01:42:01 | INFO     | app.pricing.models:fit:320 - Calibration report: raw_brier=0.3365, cal_brier=0.02083
2026-04-08 01:42:01 | INFO     | app.pricing.models:fit:191 - Training LogisticRegression component...
2026-04-08 01:42:01 | INFO     | app.pricing.models:fit:193 - Training XGBoost component...
2026-04-08 01:42:01 | INFO     | app.pricing.calibration:fit:37 - Isotonic calibrator fitted.
2026-04-08 01:42:01 | INFO     | app.pricing.models:fit:320 - Calibration report: raw_brier=0.3492, cal_brier=0.01538
2026-04-08 01:42:01 | INFO     | app.pricing.models:fit:191 - Training LogisticRegression component...
2026-04-08 01:42:01 | INFO     | app.pricing.models:fit:193 - Training XGBoost component...
2026-04-08 01:42:01 | INFO     | app.pricing.calibration:fit:37 - Isotonic calibrator fitted.
2026-04-08 01:42:01 | INFO     | app.pricing.models:fit:320 - Calibration report: raw_brier=0.3598, cal_brier=0.03319
2026-04-08 01:42:01 | INFO     | app.pricing.models:fit:191 - Training LogisticRegression component...
2026-04-08 01:42:01 | INFO     | app.pricing.models:fit:193 - Training XGBoost component...
2026-04-08 01:42:01 | INFO     | app.pricing.calibration:fit:37 - Isotonic calibrator fitted.
2026-04-08 01:42:01 | INFO     | app.pricing.models:fit:320 - Calibration report: raw_brier=0.3823, cal_brier=0.0
2026-04-08 01:42:01 | INFO     | app.pricing.models:fit:191 - Training LogisticRegression component...
2026-04-08 01:42:01 | INFO     | app.pricing.models:fit:193 - Training XGBoost component...
2026-04-08 01:42:01 | INFO     | app.pricing.calibration:fit:37 - Isotonic calibrator fitted.
2026-04-08 01:42:01 | INFO     | app.pricing.models:fit:320 - Calibration report: raw_brier=0.3954, cal_brier=0.0
2026-04-08 01:42:01 | INFO     | app.pricing.models:fit:191 - Training LogisticRegression component...
2026-04-08 01:42:01 | INFO     | app.pricing.models:fit:193 - Training XGBoost component...
2026-04-08 01:42:01 | INFO     | app.pricing.calibration:fit:37 - Isotonic calibrator fitted.
2026-04-08 01:42:01 | INFO     | app.pricing.models:fit:320 - Calibration report: raw_brier=0.4105, cal_brier=0.06684
2026-04-08 01:42:01 | INFO     | app.pricing.models:fit:191 - Training LogisticRegression component...
2026-04-08 01:42:01 | INFO     | app.pricing.models:fit:193 - Training XGBoost component...
2026-04-08 01:42:01 | INFO     | app.pricing.calibration:fit:37 - Isotonic calibrator fitted.
2026-04-08 01:42:01 | INFO     | app.pricing.models:fit:320 - Calibration report: raw_brier=0.4263, cal_brier=0.12077
2026-04-08 01:42:01 | INFO     | app.pricing.models:fit:191 - Training LogisticRegression component...
2026-04-08 01:42:01 | INFO     | app.pricing.models:fit:193 - Training XGBoost component...
2026-04-08 01:42:02 | INFO     | app.pricing.calibration:fit:37 - Isotonic calibrator fitted.
2026-04-08 01:42:02 | INFO     | app.pricing.models:fit:320 - Calibration report: raw_brier=0.4499, cal_brier=0.16722
2026-04-08 01:42:02 | INFO     | app.pricing.models:fit:191 - Training LogisticRegression component...
2026-04-08 01:42:02 | INFO     | app.pricing.models:fit:193 - Training XGBoost component...
2026-04-08 01:42:02 | INFO     | app.pricing.calibration:fit:37 - Isotonic calibrator fitted.
2026-04-08 01:42:02 | INFO     | app.pricing.models:fit:320 - Calibration report: raw_brier=0.4649, cal_brier=0.20408
2026-04-08 01:42:02 | INFO     | app.pricing.models:fit:191 - Training LogisticRegression component...
2026-04-08 01:42:02 | INFO     | app.pricing.models:fit:193 - Training XGBoost component...
2026-04-08 01:42:02 | INFO     | app.pricing.calibration:fit:37 - Isotonic calibrator fitted.
2026-04-08 01:42:02 | INFO     | app.pricing.models:fit:320 - Calibration report: raw_brier=0.3208, cal_brier=0.22813
2026-04-08 01:42:02 | INFO     | app.pricing.models:fit:191 - Training LogisticRegression component...
2026-04-08 01:42:02 | INFO     | app.pricing.models:fit:193 - Training XGBoost component...
2026-04-08 01:42:02 | INFO     | app.pricing.calibration:fit:37 - Isotonic calibrator fitted.
2026-04-08 01:42:02 | INFO     | app.pricing.models:fit:320 - Calibration report: raw_brier=0.2975, cal_brier=0.21368
2026-04-08 01:42:02 | INFO     | app.pricing.models:fit:191 - Training LogisticRegression component...
2026-04-08 01:42:02 | INFO     | app.pricing.models:fit:193 - Training XGBoost component...
2026-04-08 01:42:02 | INFO     | app.pricing.calibration:fit:37 - Isotonic calibrator fitted.
2026-04-08 01:42:02 | INFO     | app.pricing.models:fit:320 - Calibration report: raw_brier=0.2761, cal_brier=0.18029
2026-04-08 01:42:02 | INFO     | app.pricing.models:fit:191 - Training LogisticRegression component...
2026-04-08 01:42:02 | INFO     | app.pricing.models:fit:193 - Training XGBoost component...
2026-04-08 01:42:02 | INFO     | app.pricing.calibration:fit:37 - Isotonic calibrator fitted.
2026-04-08 01:42:02 | INFO     | app.pricing.models:fit:320 - Calibration report: raw_brier=0.2819, cal_brier=0.17459
2026-04-08 01:42:02 | INFO     | app.pricing.models:fit:191 - Training LogisticRegression component...
2026-04-08 01:42:02 | INFO     | app.pricing.models:fit:193 - Training XGBoost component...
2026-04-08 01:42:02 | INFO     | app.pricing.calibration:fit:37 - Isotonic calibrator fitted.
2026-04-08 01:42:02 | INFO     | app.pricing.models:fit:320 - Calibration report: raw_brier=0.2762, cal_brier=0.16892
2026-04-08 01:42:02 | INFO     | app.pricing.models:fit:191 - Training LogisticRegression component...
2026-04-08 01:42:02 | INFO     | app.pricing.models:fit:193 - Training XGBoost component...
2026-04-08 01:42:02 | INFO     | app.pricing.calibration:fit:37 - Isotonic calibrator fitted.
2026-04-08 01:42:02 | INFO     | app.pricing.models:fit:320 - Calibration report: raw_brier=0.2776, cal_brier=0.16667
2026-04-08 01:42:02 | INFO     | app.pricing.models:fit:191 - Training LogisticRegression component...
2026-04-08 01:42:02 | INFO     | app.pricing.models:fit:193 - Training XGBoost component...
2026-04-08 01:42:02 | INFO     | app.pricing.calibration:fit:37 - Isotonic calibrator fitted.
2026-04-08 01:42:02 | INFO     | app.pricing.models:fit:320 - Calibration report: raw_brier=0.1918, cal_brier=0.0
2026-04-08 01:42:02 | INFO     | app.pricing.models:fit:191 - Training LogisticRegression component...
2026-04-08 01:42:02 | INFO     | app.pricing.models:fit:193 - Training XGBoost component...
2026-04-08 01:42:02 | INFO     | app.pricing.calibration:fit:37 - Isotonic calibrator fitted.
2026-04-08 01:42:02 | INFO     | app.pricing.models:fit:320 - Calibration report: raw_brier=0.1964, cal_brier=0.0
2026-04-08 01:42:02 | INFO     | app.pricing.models:fit:191 - Training LogisticRegression component...
2026-04-08 01:42:02 | INFO     | app.pricing.models:fit:193 - Training XGBoost component...
2026-04-08 01:42:02 | INFO     | app.pricing.calibration:fit:37 - Isotonic calibrator fitted.
2026-04-08 01:42:02 | INFO     | app.pricing.models:fit:320 - Calibration report: raw_brier=0.1925, cal_brier=0.0
2026-04-08 01:42:02 | INFO     | app.pricing.models:fit:191 - Training LogisticRegression component...
2026-04-08 01:42:02 | INFO     | app.pricing.models:fit:193 - Training XGBoost component...
2026-04-08 01:42:02 | INFO     | app.pricing.calibration:fit:37 - Isotonic calibrator fitted.
2026-04-08 01:42:02 | INFO     | app.pricing.models:fit:320 - Calibration report: raw_brier=0.1955, cal_brier=0.0
2026-04-08 01:42:02 | INFO     | app.pricing.models:fit:191 - Training LogisticRegression component...
2026-04-08 01:42:02 | INFO     | app.pricing.models:fit:193 - Training XGBoost component...
2026-04-08 01:42:02 | INFO     | app.pricing.calibration:fit:37 - Isotonic calibrator fitted.
2026-04-08 01:42:02 | INFO     | app.pricing.models:fit:320 - Calibration report: raw_brier=0.1941, cal_brier=0.0
2026-04-08 01:42:02 | INFO     | app.pricing.models:fit:191 - Training LogisticRegression component...
2026-04-08 01:42:02 | INFO     | app.pricing.models:fit:193 - Training XGBoost component...
2026-04-08 01:42:02 | INFO     | app.pricing.calibration:fit:37 - Isotonic calibrator fitted.
2026-04-08 01:42:02 | INFO     | app.pricing.models:fit:320 - Calibration report: raw_brier=0.1738, cal_brier=0.05238
2026-04-08 01:42:02 | INFO     | app.pricing.models:fit:191 - Training LogisticRegression component...
2026-04-08 01:42:02 | INFO     | app.pricing.models:fit:193 - Training XGBoost component...
2026-04-08 01:42:02 | INFO     | app.pricing.calibration:fit:37 - Isotonic calibrator fitted.
2026-04-08 01:42:02 | INFO     | app.pricing.models:fit:320 - Calibration report: raw_brier=0.1083, cal_brier=0.05833
2026-04-08 01:42:02 | INFO     | app.pricing.models:fit:191 - Training LogisticRegression component...
2026-04-08 01:42:02 | INFO     | app.pricing.models:fit:193 - Training XGBoost component...
2026-04-08 01:42:02 | INFO     | app.pricing.calibration:fit:37 - Isotonic calibrator fitted.
2026-04-08 01:42:02 | INFO     | app.pricing.models:fit:320 - Calibration report: raw_brier=0.1034, cal_brier=0.05391
2026-04-08 01:42:02 | INFO     | app.pricing.models:fit:191 - Training LogisticRegression component...
2026-04-08 01:42:02 | INFO     | app.pricing.models:fit:193 - Training XGBoost component...
2026-04-08 01:42:03 | INFO     | app.pricing.calibration:fit:37 - Isotonic calibrator fitted.
2026-04-08 01:42:03 | INFO     | app.pricing.models:fit:320 - Calibration report: raw_brier=0.1119, cal_brier=0.04783
2026-04-08 01:42:03 | INFO     | app.pricing.models:fit:191 - Training LogisticRegression component...
2026-04-08 01:42:03 | INFO     | app.pricing.models:fit:193 - Training XGBoost component...
2026-04-08 01:42:03 | INFO     | app.pricing.calibration:fit:37 - Isotonic calibrator fitted.
2026-04-08 01:42:03 | INFO     | app.pricing.models:fit:320 - Calibration report: raw_brier=0.1242, cal_brier=0.05035
2026-04-08 01:42:03 | INFO     | app.pricing.models:fit:191 - Training LogisticRegression component...
2026-04-08 01:42:03 | INFO     | app.pricing.models:fit:193 - Training XGBoost component...
2026-04-08 01:42:03 | INFO     | app.pricing.calibration:fit:37 - Isotonic calibrator fitted.
2026-04-08 01:42:03 | INFO     | app.pricing.models:fit:320 - Calibration report: raw_brier=0.1216, cal_brier=0.0507
2026-04-08 01:42:03 | INFO     | app.pricing.models:fit:191 - Training LogisticRegression component...
2026-04-08 01:42:03 | INFO     | app.pricing.models:fit:193 - Training XGBoost component...
2026-04-08 01:42:03 | INFO     | app.pricing.calibration:fit:37 - Isotonic calibrator fitted.
2026-04-08 01:42:03 | INFO     | app.pricing.models:fit:320 - Calibration report: raw_brier=0.1262, cal_brier=0.05258
2026-04-08 01:42:03 | INFO     | app.pricing.models:fit:191 - Training LogisticRegression component...
2026-04-08 01:42:03 | INFO     | app.pricing.models:fit:193 - Training XGBoost component...
2026-04-08 01:42:03 | INFO     | app.pricing.calibration:fit:37 - Isotonic calibrator fitted.
2026-04-08 01:42:03 | INFO     | app.pricing.models:fit:320 - Calibration report: raw_brier=0.1200, cal_brier=0.05088
2026-04-08 01:42:03 | INFO     | app.pricing.models:fit:191 - Training LogisticRegression component...
2026-04-08 01:42:03 | INFO     | app.pricing.models:fit:193 - Training XGBoost component...
2026-04-08 01:42:03 | INFO     | app.pricing.calibration:fit:37 - Isotonic calibrator fitted.
2026-04-08 01:42:03 | INFO     | app.pricing.models:fit:320 - Calibration report: raw_brier=0.1152, cal_brier=0.04891
2026-04-08 01:42:03 | INFO     | app.pricing.models:fit:191 - Training LogisticRegression component...
2026-04-08 01:42:03 | INFO     | app.pricing.models:fit:193 - Training XGBoost component...
2026-04-08 01:42:03 | INFO     | app.pricing.calibration:fit:37 - Isotonic calibrator fitted.
2026-04-08 01:42:03 | INFO     | app.pricing.models:fit:320 - Calibration report: raw_brier=0.1157, cal_brier=0.04834
2026-04-08 01:42:03 | INFO     | app.pricing.models:fit:191 - Training LogisticRegression component...
2026-04-08 01:42:03 | INFO     | app.pricing.models:fit:193 - Training XGBoost component...
2026-04-08 01:42:03 | INFO     | app.pricing.calibration:fit:37 - Isotonic calibrator fitted.
2026-04-08 01:42:03 | INFO     | app.pricing.models:fit:320 - Calibration report: raw_brier=0.1118, cal_brier=0.04141
2026-04-08 01:42:03 | INFO     | app.pricing.models:fit:191 - Training LogisticRegression component...
2026-04-08 01:42:03 | INFO     | app.pricing.models:fit:193 - Training XGBoost component...
2026-04-08 01:42:03 | INFO     | app.pricing.calibration:fit:37 - Isotonic calibrator fitted.
2026-04-08 01:42:03 | INFO     | app.pricing.models:fit:320 - Calibration report: raw_brier=0.1168, cal_brier=0.04778
2026-04-08 01:42:03 | INFO     | app.pricing.models:fit:191 - Training LogisticRegression component...
2026-04-08 01:42:03 | INFO     | app.pricing.models:fit:193 - Training XGBoost component...
2026-04-08 01:42:03 | INFO     | app.pricing.calibration:fit:37 - Isotonic calibrator fitted.
2026-04-08 01:42:03 | INFO     | app.pricing.models:fit:320 - Calibration report: raw_brier=0.1011, cal_brier=0.02895
2026-04-08 01:42:03 | INFO     | app.pricing.models:fit:191 - Training LogisticRegression component...
2026-04-08 01:42:03 | INFO     | app.pricing.models:fit:193 - Training XGBoost component...
2026-04-08 01:42:03 | INFO     | app.pricing.calibration:fit:37 - Isotonic calibrator fitted.
2026-04-08 01:42:03 | INFO     | app.pricing.models:fit:320 - Calibration report: raw_brier=0.0931, cal_brier=0.01348
2026-04-08 01:42:03 | INFO     | app.pricing.models:fit:191 - Training LogisticRegression component...
2026-04-08 01:42:03 | INFO     | app.pricing.models:fit:193 - Training XGBoost component...
2026-04-08 01:42:03 | INFO     | app.pricing.calibration:fit:37 - Isotonic calibrator fitted.
2026-04-08 01:42:03 | INFO     | app.pricing.models:fit:320 - Calibration report: raw_brier=0.0918, cal_brier=0.0
2026-04-08 01:42:03 | INFO     | app.pricing.models:fit:191 - Training LogisticRegression component...
2026-04-08 01:42:03 | INFO     | app.pricing.models:fit:193 - Training XGBoost component...
2026-04-08 01:42:03 | INFO     | app.pricing.calibration:fit:37 - Isotonic calibrator fitted.
2026-04-08 01:42:03 | INFO     | app.pricing.models:fit:320 - Calibration report: raw_brier=0.0893, cal_brier=0.0
2026-04-08 01:42:03 | INFO     | app.pricing.models:fit:191 - Training LogisticRegression component...
2026-04-08 01:42:03 | INFO     | app.pricing.models:fit:193 - Training XGBoost component...
2026-04-08 01:42:03 | INFO     | app.pricing.calibration:fit:37 - Isotonic calibrator fitted.
2026-04-08 01:42:03 | INFO     | app.pricing.models:fit:320 - Calibration report: raw_brier=0.0831, cal_brier=0.0
2026-04-08 01:42:03 | INFO     | app.pricing.models:fit:191 - Training LogisticRegression component...
2026-04-08 01:42:03 | INFO     | app.pricing.models:fit:193 - Training XGBoost component...
2026-04-08 01:42:03 | INFO     | app.pricing.calibration:fit:37 - Isotonic calibrator fitted.
2026-04-08 01:42:03 | INFO     | app.pricing.models:fit:320 - Calibration report: raw_brier=0.0848, cal_brier=0.0
2026-04-08 01:42:03 | INFO     | app.pricing.models:fit:191 - Training LogisticRegression component...
2026-04-08 01:42:03 | INFO     | app.pricing.models:fit:193 - Training XGBoost component...
2026-04-08 01:42:03 | INFO     | app.pricing.calibration:fit:37 - Isotonic calibrator fitted.
2026-04-08 01:42:04 | INFO     | app.pricing.models:fit:320 - Calibration report: raw_brier=0.0406, cal_brier=0.0
2026-04-08 01:42:04 | INFO     | app.pricing.models:fit:191 - Training LogisticRegression component...
2026-04-08 01:42:04 | INFO     | app.pricing.models:fit:193 - Training XGBoost component...
2026-04-08 01:42:04 | INFO     | app.pricing.calibration:fit:37 - Isotonic calibrator fitted.
2026-04-08 01:42:04 | INFO     | app.pricing.models:fit:320 - Calibration report: raw_brier=0.0284, cal_brier=0.0
2026-04-08 01:42:04 | INFO     | app.pricing.models:fit:191 - Training LogisticRegression component...
2026-04-08 01:42:04 | INFO     | app.pricing.models:fit:193 - Training XGBoost component...
2026-04-08 01:42:04 | INFO     | app.pricing.calibration:fit:37 - Isotonic calibrator fitted.
2026-04-08 01:42:04 | INFO     | app.pricing.models:fit:320 - Calibration report: raw_brier=0.0361, cal_brier=0.0
2026-04-08 01:42:04 | INFO     | app.pricing.models:fit:191 - Training LogisticRegression component...
2026-04-08 01:42:04 | INFO     | app.pricing.models:fit:193 - Training XGBoost component...
2026-04-08 01:42:04 | INFO     | app.pricing.calibration:fit:37 - Isotonic calibrator fitted.
2026-04-08 01:42:04 | INFO     | app.pricing.models:fit:320 - Calibration report: raw_brier=0.0441, cal_brier=0.0
2026-04-08 01:42:04 | INFO     | app.pricing.models:fit:191 - Training LogisticRegression component...
2026-04-08 01:42:04 | INFO     | app.pricing.models:fit:193 - Training XGBoost component...
2026-04-08 01:42:04 | INFO     | app.pricing.calibration:fit:37 - Isotonic calibrator fitted.
2026-04-08 01:42:04 | INFO     | app.pricing.models:fit:320 - Calibration report: raw_brier=0.0529, cal_brier=0.0
2026-04-08 01:42:04 | INFO     | app.pricing.models:fit:191 - Training LogisticRegression component...
2026-04-08 01:42:04 | INFO     | app.pricing.models:fit:193 - Training XGBoost component...
2026-04-08 01:42:04 | INFO     | app.pricing.calibration:fit:37 - Isotonic calibrator fitted.
2026-04-08 01:42:04 | INFO     | app.pricing.models:fit:320 - Calibration report: raw_brier=0.0647, cal_brier=0.0
2026-04-08 01:42:04 | INFO     | app.pricing.models:fit:191 - Training LogisticRegression component...
2026-04-08 01:42:04 | INFO     | app.pricing.models:fit:193 - Training XGBoost component...
2026-04-08 01:42:04 | INFO     | app.pricing.calibration:fit:37 - Isotonic calibrator fitted.
2026-04-08 01:42:04 | INFO     | app.pricing.models:fit:320 - Calibration report: raw_brier=0.0712, cal_brier=0.0
2026-04-08 01:42:04 | INFO     | app.pricing.models:fit:191 - Training LogisticRegression component...
2026-04-08 01:42:04 | INFO     | app.pricing.models:fit:193 - Training XGBoost component...
2026-04-08 01:42:04 | INFO     | app.pricing.calibration:fit:37 - Isotonic calibrator fitted.
2026-04-08 01:42:04 | INFO     | app.pricing.models:fit:320 - Calibration report: raw_brier=0.0857, cal_brier=0.02551
2026-04-08 01:42:04 | INFO     | app.pricing.models:fit:191 - Training LogisticRegression component...
2026-04-08 01:42:04 | INFO     | app.pricing.models:fit:193 - Training XGBoost component...
2026-04-08 01:42:04 | INFO     | app.pricing.calibration:fit:37 - Isotonic calibrator fitted.
2026-04-08 01:42:04 | INFO     | app.pricing.models:fit:320 - Calibration report: raw_brier=0.0942, cal_brier=0.0
2026-04-08 01:42:04 | INFO     | app.pricing.models:fit:191 - Training LogisticRegression component...
2026-04-08 01:42:04 | INFO     | app.pricing.models:fit:193 - Training XGBoost component...
2026-04-08 01:42:04 | INFO     | app.pricing.calibration:fit:37 - Isotonic calibrator fitted.
2026-04-08 01:42:04 | INFO     | app.pricing.models:fit:320 - Calibration report: raw_brier=0.1095, cal_brier=0.01783
2026-04-08 01:42:04 | INFO     | app.pricing.models:fit:191 - Training LogisticRegression component...
2026-04-08 01:42:04 | INFO     | app.pricing.models:fit:193 - Training XGBoost component...
2026-04-08 01:42:04 | INFO     | app.pricing.calibration:fit:37 - Isotonic calibrator fitted.
2026-04-08 01:42:04 | INFO     | app.pricing.models:fit:320 - Calibration report: raw_brier=0.1198, cal_brier=0.03156
2026-04-08 01:42:04 | INFO     | app.pricing.models:fit:191 - Training LogisticRegression component...
2026-04-08 01:42:04 | INFO     | app.pricing.models:fit:193 - Training XGBoost component...
2026-04-08 01:42:04 | INFO     | app.pricing.calibration:fit:37 - Isotonic calibrator fitted.
2026-04-08 01:42:04 | INFO     | app.pricing.models:fit:320 - Calibration report: raw_brier=0.1283, cal_brier=0.00825
2026-04-08 01:42:04 | INFO     | app.pricing.models:fit:191 - Training LogisticRegression component...
2026-04-08 01:42:04 | INFO     | app.pricing.models:fit:193 - Training XGBoost component...
2026-04-08 01:42:04 | INFO     | app.pricing.calibration:fit:37 - Isotonic calibrator fitted.
2026-04-08 01:42:04 | INFO     | app.pricing.models:fit:320 - Calibration report: raw_brier=0.1442, cal_brier=0.10526
2026-04-08 01:42:04 | INFO     | app.pricing.models:fit:191 - Training LogisticRegression component...
2026-04-08 01:42:04 | INFO     | app.pricing.models:fit:193 - Training XGBoost component...
2026-04-08 01:42:04 | INFO     | app.pricing.calibration:fit:37 - Isotonic calibrator fitted.
2026-04-08 01:42:04 | INFO     | app.pricing.models:fit:320 - Calibration report: raw_brier=0.1623, cal_brier=0.14297
2026-04-08 01:42:04 | INFO     | app.pricing.models:fit:191 - Training LogisticRegression component...
2026-04-08 01:42:04 | INFO     | app.pricing.models:fit:193 - Training XGBoost component...
2026-04-08 01:42:04 | INFO     | app.pricing.calibration:fit:37 - Isotonic calibrator fitted.
2026-04-08 01:42:04 | INFO     | app.pricing.models:fit:320 - Calibration report: raw_brier=0.1665, cal_brier=0.14159
2026-04-08 01:42:04 | INFO     | app.pricing.models:fit:191 - Training LogisticRegression component...
2026-04-08 01:42:04 | INFO     | app.pricing.models:fit:193 - Training XGBoost component...
2026-04-08 01:42:05 | INFO     | app.pricing.calibration:fit:37 - Isotonic calibrator fitted.
2026-04-08 01:42:05 | INFO     | app.pricing.models:fit:320 - Calibration report: raw_brier=0.1831, cal_brier=0.15453
2026-04-08 01:42:05 | INFO     | app.pricing.models:fit:191 - Training LogisticRegression component...
2026-04-08 01:42:05 | INFO     | app.pricing.models:fit:193 - Training XGBoost component...
2026-04-08 01:42:05 | INFO     | app.pricing.calibration:fit:37 - Isotonic calibrator fitted.
2026-04-08 01:42:05 | INFO     | app.pricing.models:fit:320 - Calibration report: raw_brier=0.1916, cal_brier=0.15873
2026-04-08 01:42:05 | INFO     | app.pricing.models:fit:191 - Training LogisticRegression component...
2026-04-08 01:42:05 | INFO     | app.pricing.models:fit:193 - Training XGBoost component...
2026-04-08 01:42:05 | INFO     | app.pricing.calibration:fit:37 - Isotonic calibrator fitted.
2026-04-08 01:42:05 | INFO     | app.pricing.models:fit:320 - Calibration report: raw_brier=0.1975, cal_brier=0.15873
2026-04-08 01:42:05 | INFO     | app.pricing.models:fit:191 - Training LogisticRegression component...
2026-04-08 01:42:05 | INFO     | app.pricing.models:fit:193 - Training XGBoost component...
2026-04-08 01:42:05 | INFO     | app.pricing.calibration:fit:37 - Isotonic calibrator fitted.
2026-04-08 01:42:05 | INFO     | app.pricing.models:fit:320 - Calibration report: raw_brier=0.2039, cal_brier=0.15723
2026-04-08 01:42:05 | INFO     | app.pricing.models:fit:191 - Training LogisticRegression component...
2026-04-08 01:42:05 | INFO     | app.pricing.models:fit:193 - Training XGBoost component...
2026-04-08 01:42:05 | INFO     | app.pricing.calibration:fit:37 - Isotonic calibrator fitted.
2026-04-08 01:42:05 | INFO     | app.pricing.models:fit:320 - Calibration report: raw_brier=0.2045, cal_brier=0.15576
2026-04-08 01:42:05 | INFO     | app.pricing.models:fit:191 - Training LogisticRegression component...
2026-04-08 01:42:05 | INFO     | app.pricing.models:fit:193 - Training XGBoost component...
2026-04-08 01:42:05 | INFO     | app.pricing.calibration:fit:37 - Isotonic calibrator fitted.
2026-04-08 01:42:05 | INFO     | app.pricing.models:fit:320 - Calibration report: raw_brier=0.2124, cal_brier=0.15432
2026-04-08 01:42:05 | INFO     | app.pricing.models:fit:191 - Training LogisticRegression component...
2026-04-08 01:42:05 | INFO     | app.pricing.models:fit:193 - Training XGBoost component...
2026-04-08 01:42:05 | INFO     | app.pricing.calibration:fit:37 - Isotonic calibrator fitted.
2026-04-08 01:42:05 | INFO     | app.pricing.models:fit:320 - Calibration report: raw_brier=0.2053, cal_brier=0.15432
2026-04-08 01:42:05 | INFO     | app.pricing.models:fit:191 - Training LogisticRegression component...
2026-04-08 01:42:05 | INFO     | app.pricing.models:fit:193 - Training XGBoost component...
2026-04-08 01:42:05 | INFO     | app.pricing.calibration:fit:37 - Isotonic calibrator fitted.
2026-04-08 01:42:05 | INFO     | app.pricing.models:fit:320 - Calibration report: raw_brier=0.2059, cal_brier=0.15291
2026-04-08 01:42:05 | INFO     | app.pricing.models:fit:191 - Training LogisticRegression component...
2026-04-08 01:42:05 | INFO     | app.pricing.models:fit:193 - Training XGBoost component...
2026-04-08 01:42:05 | INFO     | app.pricing.calibration:fit:37 - Isotonic calibrator fitted.
2026-04-08 01:42:05 | INFO     | app.pricing.models:fit:320 - Calibration report: raw_brier=0.2047, cal_brier=0.15152
2026-04-08 01:42:05 | INFO     | app.pricing.models:fit:191 - Training LogisticRegression component...
2026-04-08 01:42:05 | INFO     | app.pricing.models:fit:193 - Training XGBoost component...
2026-04-08 01:42:05 | INFO     | app.pricing.calibration:fit:37 - Isotonic calibrator fitted.
2026-04-08 01:42:05 | INFO     | app.pricing.models:fit:320 - Calibration report: raw_brier=0.1720, cal_brier=0.11482
2026-04-08 01:42:05 | INFO     | app.pricing.models:fit:191 - Training LogisticRegression component...
2026-04-08 01:42:05 | INFO     | app.pricing.models:fit:193 - Training XGBoost component...
2026-04-08 01:42:05 | INFO     | app.pricing.calibration:fit:37 - Isotonic calibrator fitted.
2026-04-08 01:42:05 | INFO     | app.pricing.models:fit:320 - Calibration report: raw_brier=0.1746, cal_brier=0.11482
2026-04-08 01:42:05 | INFO     | app.pricing.models:fit:191 - Training LogisticRegression component...
2026-04-08 01:42:05 | INFO     | app.pricing.models:fit:193 - Training XGBoost component...
2026-04-08 01:42:05 | INFO     | app.pricing.calibration:fit:37 - Isotonic calibrator fitted.
2026-04-08 01:42:05 | INFO     | app.pricing.models:fit:320 - Calibration report: raw_brier=0.1706, cal_brier=0.1138
2026-04-08 01:42:05 | INFO     | app.pricing.models:fit:191 - Training LogisticRegression component...
2026-04-08 01:42:05 | INFO     | app.pricing.models:fit:193 - Training XGBoost component...
2026-04-08 01:42:05 | INFO     | app.pricing.calibration:fit:37 - Isotonic calibrator fitted.
2026-04-08 01:42:05 | INFO     | app.pricing.models:fit:320 - Calibration report: raw_brier=0.1741, cal_brier=0.12278
2026-04-08 01:42:05 | INFO     | app.pricing.models:fit:191 - Training LogisticRegression component...
2026-04-08 01:42:05 | INFO     | app.pricing.models:fit:193 - Training XGBoost component...
2026-04-08 01:42:05 | INFO     | app.pricing.calibration:fit:37 - Isotonic calibrator fitted.
2026-04-08 01:42:05 | INFO     | app.pricing.models:fit:320 - Calibration report: raw_brier=0.1818, cal_brier=0.12969
2026-04-08 01:42:05 | INFO     | app.pricing.models:fit:191 - Training LogisticRegression component...
2026-04-08 01:42:05 | INFO     | app.pricing.models:fit:193 - Training XGBoost component...
2026-04-08 01:42:05 | INFO     | app.pricing.calibration:fit:37 - Isotonic calibrator fitted.
2026-04-08 01:42:05 | INFO     | app.pricing.models:fit:320 - Calibration report: raw_brier=0.1942, cal_brier=0.17016
2026-04-08 01:42:05 | INFO     | app.pricing.models:fit:191 - Training LogisticRegression component...
2026-04-08 01:42:05 | INFO     | app.pricing.models:fit:193 - Training XGBoost component...
2026-04-08 01:42:06 | INFO     | app.pricing.calibration:fit:37 - Isotonic calibrator fitted.
2026-04-08 01:42:06 | INFO     | app.pricing.models:fit:320 - Calibration report: raw_brier=0.2235, cal_brier=0.12451
2026-04-08 01:42:06 | INFO     | app.pricing.models:fit:191 - Training LogisticRegression component...
2026-04-08 01:42:06 | INFO     | app.pricing.models:fit:193 - Training XGBoost component...
2026-04-08 01:42:06 | INFO     | app.pricing.calibration:fit:37 - Isotonic calibrator fitted.
2026-04-08 01:42:06 | INFO     | app.pricing.models:fit:320 - Calibration report: raw_brier=0.2445, cal_brier=0.13694
2026-04-08 01:42:06 | INFO     | app.pricing.models:fit:191 - Training LogisticRegression component...
2026-04-08 01:42:06 | INFO     | app.pricing.models:fit:193 - Training XGBoost component...
2026-04-08 01:42:06 | INFO     | app.pricing.calibration:fit:37 - Isotonic calibrator fitted.
2026-04-08 01:42:06 | INFO     | app.pricing.models:fit:320 - Calibration report: raw_brier=0.2425, cal_brier=0.13051
2026-04-08 01:42:06 | INFO     | app.pricing.models:fit:191 - Training LogisticRegression component...
2026-04-08 01:42:06 | INFO     | app.pricing.models:fit:193 - Training XGBoost component...
2026-04-08 01:42:06 | INFO     | app.pricing.calibration:fit:37 - Isotonic calibrator fitted.
2026-04-08 01:42:06 | INFO     | app.pricing.models:fit:320 - Calibration report: raw_brier=0.2383, cal_brier=0.15139
2026-04-08 01:42:06 | INFO     | app.pricing.models:fit:191 - Training LogisticRegression component...
2026-04-08 01:42:06 | INFO     | app.pricing.models:fit:193 - Training XGBoost component...
2026-04-08 01:42:06 | INFO     | app.pricing.calibration:fit:37 - Isotonic calibrator fitted.
2026-04-08 01:42:06 | INFO     | app.pricing.models:fit:320 - Calibration report: raw_brier=0.2327, cal_brier=0.1289
2026-04-08 01:42:06 | INFO     | app.pricing.models:fit:191 - Training LogisticRegression component...
2026-04-08 01:42:06 | INFO     | app.pricing.models:fit:193 - Training XGBoost component...
2026-04-08 01:42:06 | INFO     | app.pricing.calibration:fit:37 - Isotonic calibrator fitted.
2026-04-08 01:42:06 | INFO     | app.pricing.models:fit:320 - Calibration report: raw_brier=0.2142, cal_brier=0.14006
2026-04-08 01:42:06 | INFO     | app.pricing.models:fit:191 - Training LogisticRegression component...
2026-04-08 01:42:06 | INFO     | app.pricing.models:fit:193 - Training XGBoost component...
2026-04-08 01:42:06 | INFO     | app.pricing.calibration:fit:37 - Isotonic calibrator fitted.
2026-04-08 01:42:06 | INFO     | app.pricing.models:fit:320 - Calibration report: raw_brier=0.1950, cal_brier=0.11418
2026-04-08 01:42:06 | INFO     | app.pricing.models:fit:191 - Training LogisticRegression component...
2026-04-08 01:42:06 | INFO     | app.pricing.models:fit:193 - Training XGBoost component...
2026-04-08 01:42:06 | INFO     | app.pricing.calibration:fit:37 - Isotonic calibrator fitted.
2026-04-08 01:42:06 | INFO     | app.pricing.models:fit:320 - Calibration report: raw_brier=0.1997, cal_brier=0.13254
2026-04-08 01:42:06 | INFO     | app.pricing.models:fit:191 - Training LogisticRegression component...
2026-04-08 01:42:06 | INFO     | app.pricing.models:fit:193 - Training XGBoost component...
2026-04-08 01:42:06 | INFO     | app.pricing.calibration:fit:37 - Isotonic calibrator fitted.
2026-04-08 01:42:06 | INFO     | app.pricing.models:fit:320 - Calibration report: raw_brier=0.2081, cal_brier=0.14765
2026-04-08 01:42:06 | INFO     | app.pricing.models:fit:191 - Training LogisticRegression component...
2026-04-08 01:42:06 | INFO     | app.pricing.models:fit:193 - Training XGBoost component...
2026-04-08 01:42:06 | INFO     | app.pricing.calibration:fit:37 - Isotonic calibrator fitted.
2026-04-08 01:42:06 | INFO     | app.pricing.models:fit:320 - Calibration report: raw_brier=0.2162, cal_brier=0.15673
2026-04-08 01:42:06 | INFO     | app.pricing.models:fit:191 - Training LogisticRegression component...
2026-04-08 01:42:06 | INFO     | app.pricing.models:fit:193 - Training XGBoost component...
2026-04-08 01:42:06 | INFO     | app.pricing.calibration:fit:37 - Isotonic calibrator fitted.
2026-04-08 01:42:06 | INFO     | app.pricing.models:fit:320 - Calibration report: raw_brier=0.2252, cal_brier=0.1665
2026-04-08 01:42:06 | INFO     | app.pricing.models:fit:191 - Training LogisticRegression component...
2026-04-08 01:42:06 | INFO     | app.pricing.models:fit:193 - Training XGBoost component...
2026-04-08 01:42:06 | INFO     | app.pricing.calibration:fit:37 - Isotonic calibrator fitted.
2026-04-08 01:42:06 | INFO     | app.pricing.models:fit:320 - Calibration report: raw_brier=0.2272, cal_brier=0.15696
2026-04-08 01:42:06 | INFO     | app.pricing.models:fit:191 - Training LogisticRegression component...
2026-04-08 01:42:06 | INFO     | app.pricing.models:fit:193 - Training XGBoost component...
2026-04-08 01:42:06 | INFO     | app.pricing.calibration:fit:37 - Isotonic calibrator fitted.
2026-04-08 01:42:06 | INFO     | app.pricing.models:fit:320 - Calibration report: raw_brier=0.2092, cal_brier=0.1335
2026-04-08 01:42:07 | INFO     | app.pricing.models:fit:191 - Training LogisticRegression component...
2026-04-08 01:42:07 | INFO     | app.pricing.models:fit:193 - Training XGBoost component...
2026-04-08 01:42:07 | INFO     | app.pricing.calibration:fit:37 - Isotonic calibrator fitted.
2026-04-08 01:42:07 | INFO     | app.pricing.models:fit:320 - Calibration report: raw_brier=0.2057, cal_brier=0.13333
2026-04-08 01:42:07 | INFO     | app.pricing.models:fit:191 - Training LogisticRegression component...
2026-04-08 01:42:07 | INFO     | app.pricing.models:fit:193 - Training XGBoost component...
2026-04-08 01:42:07 | INFO     | app.pricing.calibration:fit:37 - Isotonic calibrator fitted.
2026-04-08 01:42:07 | INFO     | app.pricing.models:fit:320 - Calibration report: raw_brier=0.2004, cal_brier=0.12228
2026-04-08 01:42:07 | INFO     | app.pricing.models:fit:191 - Training LogisticRegression component...
2026-04-08 01:42:07 | INFO     | app.pricing.models:fit:193 - Training XGBoost component...
2026-04-08 01:42:07 | INFO     | app.pricing.calibration:fit:37 - Isotonic calibrator fitted.
2026-04-08 01:42:07 | INFO     | app.pricing.models:fit:320 - Calibration report: raw_brier=0.1954, cal_brier=0.13262
2026-04-08 01:42:07 | INFO     | app.pricing.models:fit:191 - Training LogisticRegression component...
2026-04-08 01:42:07 | INFO     | app.pricing.models:fit:193 - Training XGBoost component...
2026-04-08 01:42:07 | INFO     | app.pricing.calibration:fit:37 - Isotonic calibrator fitted.
2026-04-08 01:42:07 | INFO     | app.pricing.models:fit:320 - Calibration report: raw_brier=0.1936, cal_brier=0.13294
2026-04-08 01:42:07 | INFO     | app.pricing.models:fit:191 - Training LogisticRegression component...
2026-04-08 01:42:07 | INFO     | app.pricing.models:fit:193 - Training XGBoost component...
2026-04-08 01:42:07 | INFO     | app.pricing.calibration:fit:37 - Isotonic calibrator fitted.
2026-04-08 01:42:07 | INFO     | app.pricing.models:fit:320 - Calibration report: raw_brier=0.2186, cal_brier=0.14423
2026-04-08 01:42:07 | INFO     | app.pricing.models:fit:191 - Training LogisticRegression component...
2026-04-08 01:42:07 | INFO     | app.pricing.models:fit:193 - Training XGBoost component...
2026-04-08 01:42:07 | INFO     | app.pricing.calibration:fit:37 - Isotonic calibrator fitted.
2026-04-08 01:42:07 | INFO     | app.pricing.models:fit:320 - Calibration report: raw_brier=0.2470, cal_brier=0.15106
2026-04-08 01:42:07 | INFO     | app.pricing.models:fit:191 - Training LogisticRegression component...
2026-04-08 01:42:07 | INFO     | app.pricing.models:fit:193 - Training XGBoost component...
2026-04-08 01:42:07 | INFO     | app.pricing.calibration:fit:37 - Isotonic calibrator fitted.
2026-04-08 01:42:07 | INFO     | app.pricing.models:fit:320 - Calibration report: raw_brier=0.2742, cal_brier=0.15308
2026-04-08 01:42:07 | INFO     | app.pricing.models:fit:191 - Training LogisticRegression component...
2026-04-08 01:42:07 | INFO     | app.pricing.models:fit:193 - Training XGBoost component...
2026-04-08 01:42:07 | INFO     | app.pricing.calibration:fit:37 - Isotonic calibrator fitted.
2026-04-08 01:42:07 | INFO     | app.pricing.models:fit:320 - Calibration report: raw_brier=0.2967, cal_brier=0.15144
2026-04-08 01:42:07 | INFO     | app.pricing.models:fit:191 - Training LogisticRegression component...
2026-04-08 01:42:07 | INFO     | app.pricing.models:fit:193 - Training XGBoost component...
2026-04-08 01:42:07 | INFO     | app.pricing.calibration:fit:37 - Isotonic calibrator fitted.
2026-04-08 01:42:07 | INFO     | app.pricing.models:fit:320 - Calibration report: raw_brier=0.3241, cal_brier=0.14607
2026-04-08 01:42:07 | INFO     | app.pricing.models:fit:191 - Training LogisticRegression component...
2026-04-08 01:42:07 | INFO     | app.pricing.models:fit:193 - Training XGBoost component...
2026-04-08 01:42:07 | INFO     | app.pricing.calibration:fit:37 - Isotonic calibrator fitted.
2026-04-08 01:42:07 | INFO     | app.pricing.models:fit:320 - Calibration report: raw_brier=0.3412, cal_brier=0.1372
2026-04-08 01:42:07 | INFO     | app.pricing.models:fit:191 - Training LogisticRegression component...
2026-04-08 01:42:07 | INFO     | app.pricing.models:fit:193 - Training XGBoost component...
2026-04-08 01:42:08 | INFO     | app.pricing.calibration:fit:37 - Isotonic calibrator fitted.
2026-04-08 01:42:08 | INFO     | app.pricing.models:fit:320 - Calibration report: raw_brier=0.2638, cal_brier=0.10223
2026-04-08 01:42:08 | INFO     | app.pricing.models:fit:191 - Training LogisticRegression component...
2026-04-08 01:42:08 | INFO     | app.pricing.models:fit:193 - Training XGBoost component...
2026-04-08 01:42:08 | INFO     | app.pricing.calibration:fit:37 - Isotonic calibrator fitted.
2026-04-08 01:42:08 | INFO     | app.pricing.models:fit:320 - Calibration report: raw_brier=0.1933, cal_brier=0.05992
2026-04-08 01:42:08 | INFO     | app.pricing.models:fit:191 - Training LogisticRegression component...
2026-04-08 01:42:08 | INFO     | app.pricing.models:fit:193 - Training XGBoost component...
2026-04-08 01:42:08 | INFO     | app.pricing.calibration:fit:37 - Isotonic calibrator fitted.
2026-04-08 01:42:08 | INFO     | app.pricing.models:fit:320 - Calibration report: raw_brier=0.1968, cal_brier=0.06772
2026-04-08 01:42:08 | INFO     | app.pricing.models:fit:191 - Training LogisticRegression component...
2026-04-08 01:42:08 | INFO     | app.pricing.models:fit:193 - Training XGBoost component...
2026-04-08 01:42:08 | INFO     | app.pricing.calibration:fit:37 - Isotonic calibrator fitted.
2026-04-08 01:42:08 | INFO     | app.pricing.models:fit:320 - Calibration report: raw_brier=0.2067, cal_brier=0.06899
2026-04-08 01:42:08 | INFO     | app.pricing.models:fit:191 - Training LogisticRegression component...
2026-04-08 01:42:08 | INFO     | app.pricing.models:fit:193 - Training XGBoost component...
2026-04-08 01:42:08 | INFO     | app.pricing.calibration:fit:37 - Isotonic calibrator fitted.
2026-04-08 01:42:08 | INFO     | app.pricing.models:fit:320 - Calibration report: raw_brier=0.2230, cal_brier=0.08311
2026-04-08 01:42:08 | INFO     | app.pricing.models:fit:191 - Training LogisticRegression component...
2026-04-08 01:42:08 | INFO     | app.pricing.models:fit:193 - Training XGBoost component...
2026-04-08 01:42:08 | INFO     | app.pricing.calibration:fit:37 - Isotonic calibrator fitted.
2026-04-08 01:42:08 | INFO     | app.pricing.models:fit:320 - Calibration report: raw_brier=0.2415, cal_brier=0.06825
2026-04-08 01:42:08 | INFO     | app.pricing.models:fit:191 - Training LogisticRegression component...
2026-04-08 01:42:08 | INFO     | app.pricing.models:fit:193 - Training XGBoost component...
2026-04-08 01:42:08 | INFO     | app.pricing.calibration:fit:37 - Isotonic calibrator fitted.
2026-04-08 01:42:08 | INFO     | app.pricing.models:fit:320 - Calibration report: raw_brier=0.2554, cal_brier=0.06861
2026-04-08 01:42:08 | INFO     | app.pricing.models:fit:191 - Training LogisticRegression component...
2026-04-08 01:42:08 | INFO     | app.pricing.models:fit:193 - Training XGBoost component...
2026-04-08 01:42:08 | INFO     | app.pricing.calibration:fit:37 - Isotonic calibrator fitted.
2026-04-08 01:42:08 | INFO     | app.pricing.models:fit:320 - Calibration report: raw_brier=0.2678, cal_brier=0.06563
2026-04-08 01:42:08 | INFO     | app.pricing.models:fit:191 - Training LogisticRegression component...
2026-04-08 01:42:08 | INFO     | app.pricing.models:fit:193 - Training XGBoost component...
2026-04-08 01:42:08 | INFO     | app.pricing.calibration:fit:37 - Isotonic calibrator fitted.
2026-04-08 01:42:08 | INFO     | app.pricing.models:fit:320 - Calibration report: raw_brier=0.2868, cal_brier=0.07331
2026-04-08 01:42:08 | INFO     | app.pricing.models:fit:191 - Training LogisticRegression component...
2026-04-08 01:42:08 | INFO     | app.pricing.models:fit:193 - Training XGBoost component...
2026-04-08 01:42:08 | INFO     | app.pricing.calibration:fit:37 - Isotonic calibrator fitted.
2026-04-08 01:42:08 | INFO     | app.pricing.models:fit:320 - Calibration report: raw_brier=0.2989, cal_brier=0.09641
2026-04-08 01:42:08 | INFO     | app.pricing.models:fit:191 - Training LogisticRegression component...
2026-04-08 01:42:08 | INFO     | app.pricing.models:fit:193 - Training XGBoost component...
2026-04-08 01:42:08 | INFO     | app.pricing.calibration:fit:37 - Isotonic calibrator fitted.
2026-04-08 01:42:08 | INFO     | app.pricing.models:fit:320 - Calibration report: raw_brier=0.3182, cal_brier=0.13235
2026-04-08 01:42:08 | INFO     | app.pricing.models:fit:191 - Training LogisticRegression component...
2026-04-08 01:42:08 | INFO     | app.pricing.models:fit:193 - Training XGBoost component...
2026-04-08 01:42:08 | INFO     | app.pricing.calibration:fit:37 - Isotonic calibrator fitted.
2026-04-08 01:42:08 | INFO     | app.pricing.models:fit:320 - Calibration report: raw_brier=0.3307, cal_brier=0.16093
2026-04-08 01:42:08 | INFO     | app.pricing.models:fit:191 - Training LogisticRegression component...
2026-04-08 01:42:08 | INFO     | app.pricing.models:fit:193 - Training XGBoost component...
2026-04-08 01:42:09 | INFO     | app.pricing.calibration:fit:37 - Isotonic calibrator fitted.
2026-04-08 01:42:09 | INFO     | app.pricing.models:fit:320 - Calibration report: raw_brier=0.3305, cal_brier=0.17464
2026-04-08 01:42:09 | INFO     | app.pricing.models:fit:191 - Training LogisticRegression component...
2026-04-08 01:42:09 | INFO     | app.pricing.models:fit:193 - Training XGBoost component...
2026-04-08 01:42:09 | INFO     | app.pricing.calibration:fit:37 - Isotonic calibrator fitted.
2026-04-08 01:42:09 | INFO     | app.pricing.models:fit:320 - Calibration report: raw_brier=0.3289, cal_brier=0.18077
2026-04-08 01:42:09 | INFO     | app.pricing.models:fit:191 - Training LogisticRegression component...
2026-04-08 01:42:09 | INFO     | app.pricing.models:fit:193 - Training XGBoost component...
2026-04-08 01:42:09 | INFO     | app.pricing.calibration:fit:37 - Isotonic calibrator fitted.
2026-04-08 01:42:09 | INFO     | app.pricing.models:fit:320 - Calibration report: raw_brier=0.3326, cal_brier=0.18189
2026-04-08 01:42:09 | INFO     | app.pricing.models:fit:191 - Training LogisticRegression component...
2026-04-08 01:42:09 | INFO     | app.pricing.models:fit:193 - Training XGBoost component...
2026-04-08 01:42:09 | INFO     | app.pricing.calibration:fit:37 - Isotonic calibrator fitted.
2026-04-08 01:42:09 | INFO     | app.pricing.models:fit:320 - Calibration report: raw_brier=0.3232, cal_brier=0.17426
2026-04-08 01:42:09 | INFO     | app.pricing.models:fit:191 - Training LogisticRegression component...
2026-04-08 01:42:09 | INFO     | app.pricing.models:fit:193 - Training XGBoost component...
2026-04-08 01:42:09 | INFO     | app.pricing.calibration:fit:37 - Isotonic calibrator fitted.
2026-04-08 01:42:09 | INFO     | app.pricing.models:fit:320 - Calibration report: raw_brier=0.3188, cal_brier=0.17715
2026-04-08 01:42:09 | INFO     | app.pricing.models:fit:191 - Training LogisticRegression component...
2026-04-08 01:42:09 | INFO     | app.pricing.models:fit:193 - Training XGBoost component...
2026-04-08 01:42:09 | INFO     | app.pricing.calibration:fit:37 - Isotonic calibrator fitted.
2026-04-08 01:42:09 | INFO     | app.pricing.models:fit:320 - Calibration report: raw_brier=0.3222, cal_brier=0.17094
2026-04-08 01:42:09 | INFO     | app.pricing.models:fit:191 - Training LogisticRegression component...
2026-04-08 01:42:09 | INFO     | app.pricing.models:fit:193 - Training XGBoost component...
2026-04-08 01:42:09 | INFO     | app.pricing.calibration:fit:37 - Isotonic calibrator fitted.
2026-04-08 01:42:09 | INFO     | app.pricing.models:fit:320 - Calibration report: raw_brier=0.3179, cal_brier=0.16403
2026-04-08 01:42:09 | INFO     | app.pricing.models:fit:191 - Training LogisticRegression component...
2026-04-08 01:42:09 | INFO     | app.pricing.models:fit:193 - Training XGBoost component...
2026-04-08 01:42:09 | INFO     | app.pricing.calibration:fit:37 - Isotonic calibrator fitted.
2026-04-08 01:42:09 | INFO     | app.pricing.models:fit:320 - Calibration report: raw_brier=0.3211, cal_brier=0.14676
2026-04-08 01:42:09 | INFO     | app.pricing.models:fit:191 - Training LogisticRegression component...
2026-04-08 01:42:09 | INFO     | app.pricing.models:fit:193 - Training XGBoost component...
2026-04-08 01:42:09 | INFO     | app.pricing.calibration:fit:37 - Isotonic calibrator fitted.
2026-04-08 01:42:09 | INFO     | app.pricing.models:fit:320 - Calibration report: raw_brier=0.3286, cal_brier=0.13734
2026-04-08 01:42:09 | INFO     | app.pricing.models:fit:191 - Training LogisticRegression component...
2026-04-08 01:42:09 | INFO     | app.pricing.models:fit:193 - Training XGBoost component...
2026-04-08 01:42:09 | INFO     | app.pricing.calibration:fit:37 - Isotonic calibrator fitted.
2026-04-08 01:42:09 | INFO     | app.pricing.models:fit:320 - Calibration report: raw_brier=0.3357, cal_brier=0.13788
2026-04-08 01:42:09 | INFO     | app.pricing.models:fit:191 - Training LogisticRegression component...
2026-04-08 01:42:09 | INFO     | app.pricing.models:fit:193 - Training XGBoost component...
2026-04-08 01:42:09 | INFO     | app.pricing.calibration:fit:37 - Isotonic calibrator fitted.
2026-04-08 01:42:09 | INFO     | app.pricing.models:fit:320 - Calibration report: raw_brier=0.3374, cal_brier=0.13791
2026-04-08 01:42:09 | INFO     | app.pricing.models:fit:191 - Training LogisticRegression component...
2026-04-08 01:42:09 | INFO     | app.pricing.models:fit:193 - Training XGBoost component...
2026-04-08 01:42:09 | INFO     | app.pricing.calibration:fit:37 - Isotonic calibrator fitted.
2026-04-08 01:42:09 | INFO     | app.pricing.models:fit:320 - Calibration report: raw_brier=0.3477, cal_brier=0.13333
2026-04-08 01:42:09 | INFO     | app.pricing.models:fit:191 - Training LogisticRegression component...
2026-04-08 01:42:09 | INFO     | app.pricing.models:fit:193 - Training XGBoost component...
2026-04-08 01:42:09 | INFO     | app.pricing.calibration:fit:37 - Isotonic calibrator fitted.
2026-04-08 01:42:09 | INFO     | app.pricing.models:fit:320 - Calibration report: raw_brier=0.3279, cal_brier=0.15606
2026-04-08 01:42:09 | INFO     | app.pricing.models:fit:191 - Training LogisticRegression component...
2026-04-08 01:42:09 | INFO     | app.pricing.models:fit:193 - Training XGBoost component...
2026-04-08 01:42:10 | INFO     | app.pricing.calibration:fit:37 - Isotonic calibrator fitted.
2026-04-08 01:42:10 | INFO     | app.pricing.models:fit:320 - Calibration report: raw_brier=0.3236, cal_brier=0.16937
2026-04-08 01:42:10 | INFO     | app.pricing.models:fit:191 - Training LogisticRegression component...
2026-04-08 01:42:10 | INFO     | app.pricing.models:fit:193 - Training XGBoost component...
2026-04-08 01:42:10 | INFO     | app.pricing.calibration:fit:37 - Isotonic calibrator fitted.
2026-04-08 01:42:10 | INFO     | app.pricing.models:fit:320 - Calibration report: raw_brier=0.3242, cal_brier=0.17812
2026-04-08 01:42:10 | INFO     | app.pricing.models:fit:191 - Training LogisticRegression component...
2026-04-08 01:42:10 | INFO     | app.pricing.models:fit:193 - Training XGBoost component...
2026-04-08 01:42:10 | INFO     | app.pricing.calibration:fit:37 - Isotonic calibrator fitted.
2026-04-08 01:42:10 | INFO     | app.pricing.models:fit:320 - Calibration report: raw_brier=0.3213, cal_brier=0.1878
2026-04-08 01:42:10 | INFO     | app.pricing.models:fit:191 - Training LogisticRegression component...
2026-04-08 01:42:10 | INFO     | app.pricing.models:fit:193 - Training XGBoost component...
2026-04-08 01:42:10 | INFO     | app.pricing.calibration:fit:37 - Isotonic calibrator fitted.
2026-04-08 01:42:10 | INFO     | app.pricing.models:fit:320 - Calibration report: raw_brier=0.3333, cal_brier=0.19993
2026-04-08 01:42:10 | INFO     | app.pricing.models:fit:191 - Training LogisticRegression component...
2026-04-08 01:42:10 | INFO     | app.pricing.models:fit:193 - Training XGBoost component...
2026-04-08 01:42:10 | INFO     | app.pricing.calibration:fit:37 - Isotonic calibrator fitted.
2026-04-08 01:42:10 | INFO     | app.pricing.models:fit:320 - Calibration report: raw_brier=0.2875, cal_brier=0.21207
2026-04-08 01:42:10 | INFO     | app.pricing.models:fit:191 - Training LogisticRegression component...
2026-04-08 01:42:10 | INFO     | app.pricing.models:fit:193 - Training XGBoost component...
2026-04-08 01:42:10 | INFO     | app.pricing.calibration:fit:37 - Isotonic calibrator fitted.
2026-04-08 01:42:10 | INFO     | app.pricing.models:fit:320 - Calibration report: raw_brier=0.3037, cal_brier=0.21569
2026-04-08 01:42:10 | INFO     | app.pricing.models:fit:191 - Training LogisticRegression component...
2026-04-08 01:42:10 | INFO     | app.pricing.models:fit:193 - Training XGBoost component...
2026-04-08 01:42:10 | INFO     | app.pricing.calibration:fit:37 - Isotonic calibrator fitted.
2026-04-08 01:42:10 | INFO     | app.pricing.models:fit:320 - Calibration report: raw_brier=0.3176, cal_brier=0.21776
2026-04-08 01:42:10 | INFO     | app.pricing.models:fit:191 - Training LogisticRegression component...
2026-04-08 01:42:10 | INFO     | app.pricing.models:fit:193 - Training XGBoost component...
2026-04-08 01:42:10 | INFO     | app.pricing.calibration:fit:37 - Isotonic calibrator fitted.
2026-04-08 01:42:10 | INFO     | app.pricing.models:fit:320 - Calibration report: raw_brier=0.3240, cal_brier=0.21848
2026-04-08 01:42:10 | INFO     | app.pricing.models:fit:191 - Training LogisticRegression component...
2026-04-08 01:42:10 | INFO     | app.pricing.models:fit:193 - Training XGBoost component...
2026-04-08 01:42:10 | INFO     | app.pricing.calibration:fit:37 - Isotonic calibrator fitted.
2026-04-08 01:42:10 | INFO     | app.pricing.models:fit:320 - Calibration report: raw_brier=0.3368, cal_brier=0.21459
2026-04-08 01:42:10 | INFO     | app.pricing.models:fit:191 - Training LogisticRegression component...
2026-04-08 01:42:10 | INFO     | app.pricing.models:fit:193 - Training XGBoost component...
2026-04-08 01:42:10 | INFO     | app.pricing.calibration:fit:37 - Isotonic calibrator fitted.
2026-04-08 01:42:10 | INFO     | app.pricing.models:fit:320 - Calibration report: raw_brier=0.3453, cal_brier=0.21664
2026-04-08 01:42:10 | INFO     | app.pricing.models:fit:191 - Training LogisticRegression component...
2026-04-08 01:42:10 | INFO     | app.pricing.models:fit:193 - Training XGBoost component...
2026-04-08 01:42:10 | INFO     | app.pricing.calibration:fit:37 - Isotonic calibrator fitted.
2026-04-08 01:42:10 | INFO     | app.pricing.models:fit:320 - Calibration report: raw_brier=0.3474, cal_brier=0.20769
2026-04-08 01:42:10 | INFO     | app.pricing.models:fit:191 - Training LogisticRegression component...
2026-04-08 01:42:10 | INFO     | app.pricing.models:fit:193 - Training XGBoost component...
2026-04-08 01:42:11 | INFO     | app.pricing.calibration:fit:37 - Isotonic calibrator fitted.
2026-04-08 01:42:11 | INFO     | app.pricing.models:fit:320 - Calibration report: raw_brier=0.3356, cal_brier=0.20076
2026-04-08 01:42:11 | INFO     | app.pricing.models:fit:191 - Training LogisticRegression component...
2026-04-08 01:42:11 | INFO     | app.pricing.models:fit:193 - Training XGBoost component...
2026-04-08 01:42:11 | INFO     | app.pricing.calibration:fit:37 - Isotonic calibrator fitted.
2026-04-08 01:42:11 | INFO     | app.pricing.models:fit:320 - Calibration report: raw_brier=0.3361, cal_brier=0.19978
2026-04-08 01:42:11 | INFO     | app.pricing.models:fit:191 - Training LogisticRegression component...
2026-04-08 01:42:11 | INFO     | app.pricing.models:fit:193 - Training XGBoost component...
2026-04-08 01:42:11 | INFO     | app.pricing.calibration:fit:37 - Isotonic calibrator fitted.
2026-04-08 01:42:11 | INFO     | app.pricing.models:fit:320 - Calibration report: raw_brier=0.3392, cal_brier=0.20481
2026-04-08 01:42:11 | INFO     | app.pricing.models:fit:191 - Training LogisticRegression component...
2026-04-08 01:42:11 | INFO     | app.pricing.models:fit:193 - Training XGBoost component...
2026-04-08 01:42:11 | INFO     | app.pricing.calibration:fit:37 - Isotonic calibrator fitted.
2026-04-08 01:42:11 | INFO     | app.pricing.models:fit:320 - Calibration report: raw_brier=0.3329, cal_brier=0.19764
2026-04-08 01:42:11 | INFO     | app.pricing.models:fit:191 - Training LogisticRegression component...
2026-04-08 01:42:11 | INFO     | app.pricing.models:fit:193 - Training XGBoost component...
2026-04-08 01:42:11 | INFO     | app.pricing.calibration:fit:37 - Isotonic calibrator fitted.
2026-04-08 01:42:11 | INFO     | app.pricing.models:fit:320 - Calibration report: raw_brier=0.3356, cal_brier=0.20017
2026-04-08 01:42:11 | INFO     | app.pricing.models:fit:191 - Training LogisticRegression component...
2026-04-08 01:42:11 | INFO     | app.pricing.models:fit:193 - Training XGBoost component...
2026-04-08 01:42:11 | INFO     | app.pricing.calibration:fit:37 - Isotonic calibrator fitted.
2026-04-08 01:42:11 | INFO     | app.pricing.models:fit:320 - Calibration report: raw_brier=0.2826, cal_brier=0.20283
2026-04-08 01:42:11 | INFO     | app.pricing.models:fit:191 - Training LogisticRegression component...
2026-04-08 01:42:11 | INFO     | app.pricing.models:fit:193 - Training XGBoost component...
2026-04-08 01:42:11 | INFO     | app.pricing.calibration:fit:37 - Isotonic calibrator fitted.
2026-04-08 01:42:11 | INFO     | app.pricing.models:fit:320 - Calibration report: raw_brier=0.2549, cal_brier=0.19449
2026-04-08 01:42:11 | INFO     | app.pricing.models:fit:191 - Training LogisticRegression component...
2026-04-08 01:42:11 | INFO     | app.pricing.models:fit:193 - Training XGBoost component...
2026-04-08 01:42:11 | INFO     | app.pricing.calibration:fit:37 - Isotonic calibrator fitted.
2026-04-08 01:42:11 | INFO     | app.pricing.models:fit:320 - Calibration report: raw_brier=0.2429, cal_brier=0.18856
2026-04-08 01:42:11 | INFO     | app.pricing.models:fit:191 - Training LogisticRegression component...
2026-04-08 01:42:11 | INFO     | app.pricing.models:fit:193 - Training XGBoost component...
2026-04-08 01:42:11 | INFO     | app.pricing.calibration:fit:37 - Isotonic calibrator fitted.
2026-04-08 01:42:11 | INFO     | app.pricing.models:fit:320 - Calibration report: raw_brier=0.2565, cal_brier=0.19112
2026-04-08 01:42:11 | INFO     | app.pricing.models:fit:191 - Training LogisticRegression component...
2026-04-08 01:42:11 | INFO     | app.pricing.models:fit:193 - Training XGBoost component...
2026-04-08 01:42:11 | INFO     | app.pricing.calibration:fit:37 - Isotonic calibrator fitted.
2026-04-08 01:42:11 | INFO     | app.pricing.models:fit:320 - Calibration report: raw_brier=0.2628, cal_brier=0.19066
2026-04-08 01:42:11 | INFO     | app.pricing.models:fit:191 - Training LogisticRegression component...
2026-04-08 01:42:11 | INFO     | app.pricing.models:fit:193 - Training XGBoost component...
2026-04-08 01:42:11 | INFO     | app.pricing.calibration:fit:37 - Isotonic calibrator fitted.
2026-04-08 01:42:11 | INFO     | app.pricing.models:fit:320 - Calibration report: raw_brier=0.2795, cal_brier=0.19414
2026-04-08 01:42:11 | INFO     | app.pricing.models:fit:191 - Training LogisticRegression component...
2026-04-08 01:42:11 | INFO     | app.pricing.models:fit:193 - Training XGBoost component...
2026-04-08 01:42:12 | INFO     | app.pricing.calibration:fit:37 - Isotonic calibrator fitted.
2026-04-08 01:42:12 | INFO     | app.pricing.models:fit:320 - Calibration report: raw_brier=0.2992, cal_brier=0.20071
2026-04-08 01:42:12 | INFO     | app.pricing.models:fit:191 - Training LogisticRegression component...
2026-04-08 01:42:12 | INFO     | app.pricing.models:fit:193 - Training XGBoost component...
2026-04-08 01:42:12 | INFO     | app.pricing.calibration:fit:37 - Isotonic calibrator fitted.
2026-04-08 01:42:12 | INFO     | app.pricing.models:fit:320 - Calibration report: raw_brier=0.3213, cal_brier=0.20855
2026-04-08 01:42:12 | INFO     | app.pricing.models:fit:191 - Training LogisticRegression component...
2026-04-08 01:42:12 | INFO     | app.pricing.models:fit:193 - Training XGBoost component...
2026-04-08 01:42:12 | INFO     | app.pricing.calibration:fit:37 - Isotonic calibrator fitted.
2026-04-08 01:42:12 | INFO     | app.pricing.models:fit:320 - Calibration report: raw_brier=0.3408, cal_brier=0.21705
2026-04-08 01:42:12 | INFO     | app.pricing.models:fit:191 - Training LogisticRegression component...
2026-04-08 01:42:12 | INFO     | app.pricing.models:fit:193 - Training XGBoost component...
2026-04-08 01:42:12 | INFO     | app.pricing.calibration:fit:37 - Isotonic calibrator fitted.
2026-04-08 01:42:12 | INFO     | app.pricing.models:fit:320 - Calibration report: raw_brier=0.3549, cal_brier=0.22332
2026-04-08 01:42:12 | INFO     | app.pricing.models:fit:191 - Training LogisticRegression component...
2026-04-08 01:42:12 | INFO     | app.pricing.models:fit:193 - Training XGBoost component...
2026-04-08 01:42:12 | INFO     | app.pricing.calibration:fit:37 - Isotonic calibrator fitted.
2026-04-08 01:42:12 | INFO     | app.pricing.models:fit:320 - Calibration report: raw_brier=0.3696, cal_brier=0.22918
2026-04-08 01:42:12 | INFO     | app.pricing.models:fit:191 - Training LogisticRegression component...
2026-04-08 01:42:12 | INFO     | app.pricing.models:fit:193 - Training XGBoost component...
2026-04-08 01:42:12 | INFO     | app.pricing.calibration:fit:37 - Isotonic calibrator fitted.
2026-04-08 01:42:12 | INFO     | app.pricing.models:fit:320 - Calibration report: raw_brier=0.3836, cal_brier=0.23587
2026-04-08 01:42:12 | INFO     | app.pricing.models:fit:191 - Training LogisticRegression component...
2026-04-08 01:42:12 | INFO     | app.pricing.models:fit:193 - Training XGBoost component...
2026-04-08 01:42:12 | INFO     | app.pricing.calibration:fit:37 - Isotonic calibrator fitted.
2026-04-08 01:42:12 | INFO     | app.pricing.models:fit:320 - Calibration report: raw_brier=0.3742, cal_brier=0.23503
2026-04-08 01:42:12 | INFO     | app.pricing.models:fit:191 - Training LogisticRegression component...
2026-04-08 01:42:12 | INFO     | app.pricing.models:fit:193 - Training XGBoost component...
2026-04-08 01:42:12 | INFO     | app.pricing.calibration:fit:37 - Isotonic calibrator fitted.
2026-04-08 01:42:12 | INFO     | app.pricing.models:fit:320 - Calibration report: raw_brier=0.3599, cal_brier=0.2311
2026-04-08 01:42:12 | INFO     | app.pricing.models:fit:191 - Training LogisticRegression component...
2026-04-08 01:42:12 | INFO     | app.pricing.models:fit:193 - Training XGBoost component...
2026-04-08 01:42:12 | INFO     | app.pricing.calibration:fit:37 - Isotonic calibrator fitted.
2026-04-08 01:42:12 | INFO     | app.pricing.models:fit:320 - Calibration report: raw_brier=0.3546, cal_brier=0.2275
2026-04-08 01:42:12 | INFO     | app.pricing.models:fit:191 - Training LogisticRegression component...
2026-04-08 01:42:12 | INFO     | app.pricing.models:fit:193 - Training XGBoost component...
2026-04-08 01:42:12 | INFO     | app.pricing.calibration:fit:37 - Isotonic calibrator fitted.
2026-04-08 01:42:12 | INFO     | app.pricing.models:fit:320 - Calibration report: raw_brier=0.3565, cal_brier=0.22694
2026-04-08 01:42:12 | INFO     | app.pricing.models:fit:191 - Training LogisticRegression component...
2026-04-08 01:42:12 | INFO     | app.pricing.models:fit:193 - Training XGBoost component...
2026-04-08 01:42:12 | INFO     | app.pricing.calibration:fit:37 - Isotonic calibrator fitted.
2026-04-08 01:42:12 | INFO     | app.pricing.models:fit:320 - Calibration report: raw_brier=0.3493, cal_brier=0.22772
2026-04-08 01:42:12 | INFO     | app.pricing.models:fit:191 - Training LogisticRegression component...
2026-04-08 01:42:12 | INFO     | app.pricing.models:fit:193 - Training XGBoost component...
2026-04-08 01:42:13 | INFO     | app.pricing.calibration:fit:37 - Isotonic calibrator fitted.
2026-04-08 01:42:13 | INFO     | app.pricing.models:fit:320 - Calibration report: raw_brier=0.3529, cal_brier=0.22779
2026-04-08 01:42:13 | INFO     | app.pricing.models:fit:191 - Training LogisticRegression component...
2026-04-08 01:42:13 | INFO     | app.pricing.models:fit:193 - Training XGBoost component...
2026-04-08 01:42:13 | INFO     | app.pricing.calibration:fit:37 - Isotonic calibrator fitted.
2026-04-08 01:42:13 | INFO     | app.pricing.models:fit:320 - Calibration report: raw_brier=0.3509, cal_brier=0.23199
2026-04-08 01:42:13 | INFO     | app.pricing.models:fit:191 - Training LogisticRegression component...
2026-04-08 01:42:13 | INFO     | app.pricing.models:fit:193 - Training XGBoost component...
2026-04-08 01:42:13 | INFO     | app.pricing.calibration:fit:37 - Isotonic calibrator fitted.
2026-04-08 01:42:13 | INFO     | app.pricing.models:fit:320 - Calibration report: raw_brier=0.3439, cal_brier=0.23132
2026-04-08 01:42:13 | INFO     | app.pricing.models:fit:191 - Training LogisticRegression component...
2026-04-08 01:42:13 | INFO     | app.pricing.models:fit:193 - Training XGBoost component...
2026-04-08 01:42:13 | INFO     | app.pricing.calibration:fit:37 - Isotonic calibrator fitted.
2026-04-08 01:42:13 | INFO     | app.pricing.models:fit:320 - Calibration report: raw_brier=0.3556, cal_brier=0.23264
2026-04-08 01:42:13 | INFO     | app.pricing.models:fit:191 - Training LogisticRegression component...
2026-04-08 01:42:13 | INFO     | app.pricing.models:fit:193 - Training XGBoost component...
2026-04-08 01:42:13 | INFO     | app.pricing.calibration:fit:37 - Isotonic calibrator fitted.
2026-04-08 01:42:13 | INFO     | app.pricing.models:fit:320 - Calibration report: raw_brier=0.3598, cal_brier=0.23136
2026-04-08 01:42:13 | INFO     | app.pricing.models:fit:191 - Training LogisticRegression component...
2026-04-08 01:42:13 | INFO     | app.pricing.models:fit:193 - Training XGBoost component...
2026-04-08 01:42:13 | INFO     | app.pricing.calibration:fit:37 - Isotonic calibrator fitted.
2026-04-08 01:42:13 | INFO     | app.pricing.models:fit:320 - Calibration report: raw_brier=0.3608, cal_brier=0.23965
2026-04-08 01:42:13 | INFO     | app.pricing.models:fit:191 - Training LogisticRegression component...
2026-04-08 01:42:13 | INFO     | app.pricing.models:fit:193 - Training XGBoost component...
2026-04-08 01:42:13 | INFO     | app.pricing.calibration:fit:37 - Isotonic calibrator fitted.
2026-04-08 01:42:13 | INFO     | app.pricing.models:fit:320 - Calibration report: raw_brier=0.3694, cal_brier=0.23831
2026-04-08 01:42:13 | INFO     | app.pricing.models:fit:191 - Training LogisticRegression component...
2026-04-08 01:42:13 | INFO     | app.pricing.models:fit:193 - Training XGBoost component...
2026-04-08 01:42:13 | INFO     | app.pricing.calibration:fit:37 - Isotonic calibrator fitted.
2026-04-08 01:42:13 | INFO     | app.pricing.models:fit:320 - Calibration report: raw_brier=0.3342, cal_brier=0.23028
2026-04-08 01:42:13 | INFO     | app.pricing.models:fit:191 - Training LogisticRegression component...
2026-04-08 01:42:13 | INFO     | app.pricing.models:fit:193 - Training XGBoost component...
2026-04-08 01:42:13 | INFO     | app.pricing.calibration:fit:37 - Isotonic calibrator fitted.
2026-04-08 01:42:13 | INFO     | app.pricing.models:fit:320 - Calibration report: raw_brier=0.3163, cal_brier=0.22293
2026-04-08 01:42:13 | INFO     | app.pricing.models:fit:191 - Training LogisticRegression component...
2026-04-08 01:42:13 | INFO     | app.pricing.models:fit:193 - Training XGBoost component...
2026-04-08 01:42:13 | INFO     | app.pricing.calibration:fit:37 - Isotonic calibrator fitted.
2026-04-08 01:42:13 | INFO     | app.pricing.models:fit:320 - Calibration report: raw_brier=0.3128, cal_brier=0.21667
2026-04-08 01:42:13 | INFO     | app.pricing.models:fit:191 - Training LogisticRegression component...
2026-04-08 01:42:13 | INFO     | app.pricing.models:fit:193 - Training XGBoost component...
2026-04-08 01:42:13 | INFO     | app.pricing.calibration:fit:37 - Isotonic calibrator fitted.
2026-04-08 01:42:13 | INFO     | app.pricing.models:fit:320 - Calibration report: raw_brier=0.3145, cal_brier=0.20752
2026-04-08 01:42:13 | INFO     | app.pricing.models:fit:191 - Training LogisticRegression component...
2026-04-08 01:42:13 | INFO     | app.pricing.models:fit:193 - Training XGBoost component...
2026-04-08 01:42:14 | INFO     | app.pricing.calibration:fit:37 - Isotonic calibrator fitted.
2026-04-08 01:42:14 | INFO     | app.pricing.models:fit:320 - Calibration report: raw_brier=0.3189, cal_brier=0.20871
2026-04-08 01:42:14 | INFO     | app.pricing.models:fit:191 - Training LogisticRegression component...
2026-04-08 01:42:14 | INFO     | app.pricing.models:fit:193 - Training XGBoost component...
2026-04-08 01:42:14 | INFO     | app.pricing.calibration:fit:37 - Isotonic calibrator fitted.
2026-04-08 01:42:14 | INFO     | app.pricing.models:fit:320 - Calibration report: raw_brier=0.3379, cal_brier=0.20918
2026-04-08 01:42:14 | INFO     | app.pricing.models:fit:191 - Training LogisticRegression component...
2026-04-08 01:42:14 | INFO     | app.pricing.models:fit:193 - Training XGBoost component...
2026-04-08 01:42:14 | INFO     | app.pricing.calibration:fit:37 - Isotonic calibrator fitted.
2026-04-08 01:42:14 | INFO     | app.pricing.models:fit:320 - Calibration report: raw_brier=0.3398, cal_brier=0.21505
2026-04-08 01:42:14 | INFO     | app.pricing.models:fit:191 - Training LogisticRegression component...
2026-04-08 01:42:14 | INFO     | app.pricing.models:fit:193 - Training XGBoost component...
2026-04-08 01:42:14 | INFO     | app.pricing.calibration:fit:37 - Isotonic calibrator fitted.
2026-04-08 01:42:14 | INFO     | app.pricing.models:fit:320 - Calibration report: raw_brier=0.3545, cal_brier=0.22035
2026-04-08 01:42:14 | INFO     | app.pricing.models:fit:191 - Training LogisticRegression component...
2026-04-08 01:42:14 | INFO     | app.pricing.models:fit:193 - Training XGBoost component...
2026-04-08 01:42:14 | INFO     | app.pricing.calibration:fit:37 - Isotonic calibrator fitted.
2026-04-08 01:42:14 | INFO     | app.pricing.models:fit:320 - Calibration report: raw_brier=0.3726, cal_brier=0.22202
2026-04-08 01:42:14 | INFO     | app.pricing.models:fit:191 - Training LogisticRegression component...
2026-04-08 01:42:14 | INFO     | app.pricing.models:fit:193 - Training XGBoost component...
2026-04-08 01:42:14 | INFO     | app.pricing.calibration:fit:37 - Isotonic calibrator fitted.
2026-04-08 01:42:14 | INFO     | app.pricing.models:fit:320 - Calibration report: raw_brier=0.3848, cal_brier=0.2229
2026-04-08 01:42:14 | INFO     | app.pricing.models:fit:191 - Training LogisticRegression component...
2026-04-08 01:42:14 | INFO     | app.pricing.models:fit:193 - Training XGBoost component...
2026-04-08 01:42:14 | INFO     | app.pricing.calibration:fit:37 - Isotonic calibrator fitted.
2026-04-08 01:42:14 | INFO     | app.pricing.models:fit:320 - Calibration report: raw_brier=0.3944, cal_brier=0.22083
2026-04-08 01:42:14 | INFO     | app.pricing.models:fit:191 - Training LogisticRegression component...
2026-04-08 01:42:14 | INFO     | app.pricing.models:fit:193 - Training XGBoost component...
2026-04-08 01:42:14 | INFO     | app.pricing.calibration:fit:37 - Isotonic calibrator fitted.
2026-04-08 01:42:14 | INFO     | app.pricing.models:fit:320 - Calibration report: raw_brier=0.3889, cal_brier=0.21956
2026-04-08 01:42:14 | INFO     | app.pricing.models:fit:191 - Training LogisticRegression component...
2026-04-08 01:42:14 | INFO     | app.pricing.models:fit:193 - Training XGBoost component...
2026-04-08 01:42:14 | INFO     | app.pricing.calibration:fit:37 - Isotonic calibrator fitted.
2026-04-08 01:42:14 | INFO     | app.pricing.models:fit:320 - Calibration report: raw_brier=0.4065, cal_brier=0.22384
2026-04-08 01:42:14 | INFO     | app.pricing.models:fit:191 - Training LogisticRegression component...
2026-04-08 01:42:14 | INFO     | app.pricing.models:fit:193 - Training XGBoost component...
2026-04-08 01:42:14 | INFO     | app.pricing.calibration:fit:37 - Isotonic calibrator fitted.
2026-04-08 01:42:14 | INFO     | app.pricing.models:fit:320 - Calibration report: raw_brier=0.4153, cal_brier=0.22776
2026-04-08 01:42:14 | INFO     | app.pricing.models:fit:191 - Training LogisticRegression component...
2026-04-08 01:42:14 | INFO     | app.pricing.models:fit:193 - Training XGBoost component...
2026-04-08 01:42:14 | INFO     | app.pricing.calibration:fit:37 - Isotonic calibrator fitted.
2026-04-08 01:42:14 | INFO     | app.pricing.models:fit:320 - Calibration report: raw_brier=0.4209, cal_brier=0.23466
2026-04-08 01:42:14 | INFO     | app.pricing.models:fit:191 - Training LogisticRegression component...
2026-04-08 01:42:14 | INFO     | app.pricing.models:fit:193 - Training XGBoost component...
2026-04-08 01:42:15 | INFO     | app.pricing.calibration:fit:37 - Isotonic calibrator fitted.
2026-04-08 01:42:15 | INFO     | app.pricing.models:fit:320 - Calibration report: raw_brier=0.4237, cal_brier=0.24082
2026-04-08 01:42:15 | INFO     | app.pricing.models:fit:191 - Training LogisticRegression component...
2026-04-08 01:42:15 | INFO     | app.pricing.models:fit:193 - Training XGBoost component...
2026-04-08 01:42:15 | INFO     | app.pricing.calibration:fit:37 - Isotonic calibrator fitted.
2026-04-08 01:42:15 | INFO     | app.pricing.models:fit:320 - Calibration report: raw_brier=0.4249, cal_brier=0.24543
2026-04-08 01:42:15 | INFO     | app.pricing.models:fit:191 - Training LogisticRegression component...
2026-04-08 01:42:15 | INFO     | app.pricing.models:fit:193 - Training XGBoost component...
2026-04-08 01:42:15 | INFO     | app.pricing.calibration:fit:37 - Isotonic calibrator fitted.
2026-04-08 01:42:15 | INFO     | app.pricing.models:fit:320 - Calibration report: raw_brier=0.3822, cal_brier=0.24989
2026-04-08 01:42:15 | INFO     | app.pricing.models:fit:191 - Training LogisticRegression component...
2026-04-08 01:42:15 | INFO     | app.pricing.models:fit:193 - Training XGBoost component...
2026-04-08 01:42:15 | INFO     | app.pricing.calibration:fit:37 - Isotonic calibrator fitted.
2026-04-08 01:42:15 | INFO     | app.pricing.models:fit:320 - Calibration report: raw_brier=0.3406, cal_brier=0.247
2026-04-08 01:42:15 | INFO     | app.pricing.models:fit:191 - Training LogisticRegression component...
2026-04-08 01:42:15 | INFO     | app.pricing.models:fit:193 - Training XGBoost component...
2026-04-08 01:42:15 | INFO     | app.pricing.calibration:fit:37 - Isotonic calibrator fitted.
2026-04-08 01:42:15 | INFO     | app.pricing.models:fit:320 - Calibration report: raw_brier=0.3453, cal_brier=0.24487
2026-04-08 01:42:15 | INFO     | app.pricing.models:fit:191 - Training LogisticRegression component...
2026-04-08 01:42:15 | INFO     | app.pricing.models:fit:193 - Training XGBoost component...
2026-04-08 01:42:15 | INFO     | app.pricing.calibration:fit:37 - Isotonic calibrator fitted.
2026-04-08 01:42:15 | INFO     | app.pricing.models:fit:320 - Calibration report: raw_brier=0.3568, cal_brier=0.24503
2026-04-08 01:42:15 | INFO     | app.pricing.models:fit:191 - Training LogisticRegression component...
2026-04-08 01:42:15 | INFO     | app.pricing.models:fit:193 - Training XGBoost component...
2026-04-08 01:42:15 | INFO     | app.pricing.calibration:fit:37 - Isotonic calibrator fitted.
2026-04-08 01:42:15 | INFO     | app.pricing.models:fit:320 - Calibration report: raw_brier=0.3744, cal_brier=0.24294
2026-04-08 01:42:15 | INFO     | app.pricing.models:fit:191 - Training LogisticRegression component...
2026-04-08 01:42:15 | INFO     | app.pricing.models:fit:193 - Training XGBoost component...
2026-04-08 01:42:15 | INFO     | app.pricing.calibration:fit:37 - Isotonic calibrator fitted.
2026-04-08 01:42:15 | INFO     | app.pricing.models:fit:320 - Calibration report: raw_brier=0.3701, cal_brier=0.23875
2026-04-08 01:42:15 | INFO     | app.pricing.models:fit:191 - Training LogisticRegression component...
2026-04-08 01:42:15 | INFO     | app.pricing.models:fit:193 - Training XGBoost component...
2026-04-08 01:42:15 | INFO     | app.pricing.calibration:fit:37 - Isotonic calibrator fitted.
2026-04-08 01:42:15 | INFO     | app.pricing.models:fit:320 - Calibration report: raw_brier=0.3734, cal_brier=0.23526
2026-04-08 01:42:15 | INFO     | app.pricing.models:fit:191 - Training LogisticRegression component...
2026-04-08 01:42:15 | INFO     | app.pricing.models:fit:193 - Training XGBoost component...
2026-04-08 01:42:15 | INFO     | app.pricing.calibration:fit:37 - Isotonic calibrator fitted.
2026-04-08 01:42:15 | INFO     | app.pricing.models:fit:320 - Calibration report: raw_brier=0.3340, cal_brier=0.22729
2026-04-08 01:42:15 | INFO     | app.pricing.models:fit:191 - Training LogisticRegression component...
2026-04-08 01:42:15 | INFO     | app.pricing.models:fit:193 - Training XGBoost component...
2026-04-08 01:42:16 | INFO     | app.pricing.calibration:fit:37 - Isotonic calibrator fitted.
2026-04-08 01:42:16 | INFO     | app.pricing.models:fit:320 - Calibration report: raw_brier=0.3298, cal_brier=0.2252
2026-04-08 01:42:16 | INFO     | app.pricing.models:fit:191 - Training LogisticRegression component...
2026-04-08 01:42:16 | INFO     | app.pricing.models:fit:193 - Training XGBoost component...
2026-04-08 01:42:16 | INFO     | app.pricing.calibration:fit:37 - Isotonic calibrator fitted.
2026-04-08 01:42:16 | INFO     | app.pricing.models:fit:320 - Calibration report: raw_brier=0.3278, cal_brier=0.22153
2026-04-08 01:42:16 | INFO     | app.pricing.models:fit:191 - Training LogisticRegression component...
2026-04-08 01:42:16 | INFO     | app.pricing.models:fit:193 - Training XGBoost component...
2026-04-08 01:42:16 | INFO     | app.pricing.calibration:fit:37 - Isotonic calibrator fitted.
2026-04-08 01:42:16 | INFO     | app.pricing.models:fit:320 - Calibration report: raw_brier=0.3168, cal_brier=0.21447
2026-04-08 01:42:16 | INFO     | app.pricing.models:fit:191 - Training LogisticRegression component...
2026-04-08 01:42:16 | INFO     | app.pricing.models:fit:193 - Training XGBoost component...
2026-04-08 01:42:16 | INFO     | app.pricing.calibration:fit:37 - Isotonic calibrator fitted.
2026-04-08 01:42:16 | INFO     | app.pricing.models:fit:320 - Calibration report: raw_brier=0.3095, cal_brier=0.21673
2026-04-08 01:42:16 | INFO     | app.pricing.models:fit:191 - Training LogisticRegression component...
2026-04-08 01:42:16 | INFO     | app.pricing.models:fit:193 - Training XGBoost component...
2026-04-08 01:42:16 | INFO     | app.pricing.calibration:fit:37 - Isotonic calibrator fitted.
2026-04-08 01:42:16 | INFO     | app.pricing.models:fit:320 - Calibration report: raw_brier=0.3114, cal_brier=0.22831
2026-04-08 01:42:16 | INFO     | app.pricing.models:fit:191 - Training LogisticRegression component...
2026-04-08 01:42:16 | INFO     | app.pricing.models:fit:193 - Training XGBoost component...
2026-04-08 01:42:16 | INFO     | app.pricing.calibration:fit:37 - Isotonic calibrator fitted.
2026-04-08 01:42:16 | INFO     | app.pricing.models:fit:320 - Calibration report: raw_brier=0.3155, cal_brier=0.22843
2026-04-08 01:42:16 | INFO     | app.pricing.models:fit:191 - Training LogisticRegression component...
2026-04-08 01:42:16 | INFO     | app.pricing.models:fit:193 - Training XGBoost component...
2026-04-08 01:42:16 | INFO     | app.pricing.calibration:fit:37 - Isotonic calibrator fitted.
2026-04-08 01:42:16 | INFO     | app.pricing.models:fit:320 - Calibration report: raw_brier=0.3269, cal_brier=0.22882
2026-04-08 01:42:16 | INFO     | app.pricing.models:fit:191 - Training LogisticRegression component...
2026-04-08 01:42:16 | INFO     | app.pricing.models:fit:193 - Training XGBoost component...
2026-04-08 01:42:16 | INFO     | app.pricing.calibration:fit:37 - Isotonic calibrator fitted.
2026-04-08 01:42:16 | INFO     | app.pricing.models:fit:320 - Calibration report: raw_brier=0.3451, cal_brier=0.22365
2026-04-08 01:42:16 | INFO     | app.pricing.models:fit:191 - Training LogisticRegression component...
2026-04-08 01:42:16 | INFO     | app.pricing.models:fit:193 - Training XGBoost component...
2026-04-08 01:42:16 | INFO     | app.pricing.calibration:fit:37 - Isotonic calibrator fitted.
2026-04-08 01:42:16 | INFO     | app.pricing.models:fit:320 - Calibration report: raw_brier=0.3573, cal_brier=0.22304
2026-04-08 01:42:16 | INFO     | app.pricing.models:fit:191 - Training LogisticRegression component...
2026-04-08 01:42:16 | INFO     | app.pricing.models:fit:193 - Training XGBoost component...
2026-04-08 01:42:16 | INFO     | app.pricing.calibration:fit:37 - Isotonic calibrator fitted.
2026-04-08 01:42:16 | INFO     | app.pricing.models:fit:320 - Calibration report: raw_brier=0.3570, cal_brier=0.22394
2026-04-08 01:42:16 | INFO     | app.pricing.models:fit:191 - Training LogisticRegression component...
2026-04-08 01:42:16 | INFO     | app.pricing.models:fit:193 - Training XGBoost component...
2026-04-08 01:42:16 | INFO     | app.pricing.calibration:fit:37 - Isotonic calibrator fitted.
2026-04-08 01:42:16 | INFO     | app.pricing.models:fit:320 - Calibration report: raw_brier=0.3497, cal_brier=0.22427
2026-04-08 01:42:16 | INFO     | app.pricing.models:fit:191 - Training LogisticRegression component...
2026-04-08 01:42:16 | INFO     | app.pricing.models:fit:193 - Training XGBoost component...
2026-04-08 01:42:16 | INFO     | app.pricing.calibration:fit:37 - Isotonic calibrator fitted.
2026-04-08 01:42:16 | INFO     | app.pricing.models:fit:320 - Calibration report: raw_brier=0.3410, cal_brier=0.22253
2026-04-08 01:42:16 | INFO     | app.pricing.models:fit:191 - Training LogisticRegression component...
2026-04-08 01:42:17 | INFO     | app.pricing.models:fit:193 - Training XGBoost component...
2026-04-08 01:42:17 | INFO     | app.pricing.calibration:fit:37 - Isotonic calibrator fitted.
2026-04-08 01:42:17 | INFO     | app.pricing.models:fit:320 - Calibration report: raw_brier=0.3517, cal_brier=0.22302
2026-04-08 01:42:17 | INFO     | app.pricing.models:fit:191 - Training LogisticRegression component...
2026-04-08 01:42:17 | INFO     | app.pricing.models:fit:193 - Training XGBoost component...
2026-04-08 01:42:17 | INFO     | app.pricing.calibration:fit:37 - Isotonic calibrator fitted.
2026-04-08 01:42:17 | INFO     | app.pricing.models:fit:320 - Calibration report: raw_brier=0.3524, cal_brier=0.22258
2026-04-08 01:42:17 | INFO     | app.pricing.models:fit:191 - Training LogisticRegression component...
2026-04-08 01:42:17 | INFO     | app.pricing.models:fit:193 - Training XGBoost component...
2026-04-08 01:42:17 | INFO     | app.pricing.calibration:fit:37 - Isotonic calibrator fitted.
2026-04-08 01:42:17 | INFO     | app.pricing.models:fit:320 - Calibration report: raw_brier=0.3531, cal_brier=0.22358
2026-04-08 01:42:17 | INFO     | app.pricing.models:fit:191 - Training LogisticRegression component...
2026-04-08 01:42:17 | INFO     | app.pricing.models:fit:193 - Training XGBoost component...
2026-04-08 01:42:17 | INFO     | app.pricing.calibration:fit:37 - Isotonic calibrator fitted.
2026-04-08 01:42:17 | INFO     | app.pricing.models:fit:320 - Calibration report: raw_brier=0.3475, cal_brier=0.22184
2026-04-08 01:42:17 | INFO     | app.pricing.models:fit:191 - Training LogisticRegression component...
2026-04-08 01:42:17 | INFO     | app.pricing.models:fit:193 - Training XGBoost component...
2026-04-08 01:42:17 | INFO     | app.pricing.calibration:fit:37 - Isotonic calibrator fitted.
2026-04-08 01:42:17 | INFO     | app.pricing.models:fit:320 - Calibration report: raw_brier=0.3371, cal_brier=0.22079
2026-04-08 01:42:17 | INFO     | app.pricing.models:fit:191 - Training LogisticRegression component...
2026-04-08 01:42:17 | INFO     | app.pricing.models:fit:193 - Training XGBoost component...
2026-04-08 01:42:17 | INFO     | app.pricing.calibration:fit:37 - Isotonic calibrator fitted.
2026-04-08 01:42:17 | INFO     | app.pricing.models:fit:320 - Calibration report: raw_brier=0.3245, cal_brier=0.21433
2026-04-08 01:42:17 | INFO     | app.pricing.models:fit:191 - Training LogisticRegression component...
2026-04-08 01:42:17 | INFO     | app.pricing.models:fit:193 - Training XGBoost component...
2026-04-08 01:42:17 | INFO     | app.pricing.calibration:fit:37 - Isotonic calibrator fitted.
2026-04-08 01:42:17 | INFO     | app.pricing.models:fit:320 - Calibration report: raw_brier=0.3165, cal_brier=0.22367
2026-04-08 01:42:17 | INFO     | app.pricing.models:fit:191 - Training LogisticRegression component...
2026-04-08 01:42:17 | INFO     | app.pricing.models:fit:193 - Training XGBoost component...
2026-04-08 01:42:17 | INFO     | app.pricing.calibration:fit:37 - Isotonic calibrator fitted.
2026-04-08 01:42:17 | INFO     | app.pricing.models:fit:320 - Calibration report: raw_brier=0.3001, cal_brier=0.21333
2026-04-08 01:42:17 | INFO     | app.pricing.models:fit:191 - Training LogisticRegression component...
2026-04-08 01:42:17 | INFO     | app.pricing.models:fit:193 - Training XGBoost component...
2026-04-08 01:42:17 | INFO     | app.pricing.calibration:fit:37 - Isotonic calibrator fitted.
2026-04-08 01:42:17 | INFO     | app.pricing.models:fit:320 - Calibration report: raw_brier=0.2948, cal_brier=0.20381
2026-04-08 01:42:17 | INFO     | app.pricing.models:fit:191 - Training LogisticRegression component...
2026-04-08 01:42:17 | INFO     | app.pricing.models:fit:193 - Training XGBoost component...
2026-04-08 01:42:17 | INFO     | app.pricing.calibration:fit:37 - Isotonic calibrator fitted.
2026-04-08 01:42:17 | INFO     | app.pricing.models:fit:320 - Calibration report: raw_brier=0.3027, cal_brier=0.22296
2026-04-08 01:42:17 | INFO     | app.pricing.models:fit:191 - Training LogisticRegression component...
2026-04-08 01:42:17 | INFO     | app.pricing.models:fit:193 - Training XGBoost component...
2026-04-08 01:42:17 | INFO     | app.pricing.calibration:fit:37 - Isotonic calibrator fitted.
2026-04-08 01:42:17 | INFO     | app.pricing.models:fit:320 - Calibration report: raw_brier=0.2674, cal_brier=0.20483
2026-04-08 01:42:17 | INFO     | app.pricing.models:fit:191 - Training LogisticRegression component...
2026-04-08 01:42:17 | INFO     | app.pricing.models:fit:193 - Training XGBoost component...
2026-04-08 01:42:17 | INFO     | app.pricing.calibration:fit:37 - Isotonic calibrator fitted.
2026-04-08 01:42:17 | INFO     | app.pricing.models:fit:320 - Calibration report: raw_brier=0.2538, cal_brier=0.20072
2026-04-08 01:42:18 | INFO     | app.pricing.models:fit:191 - Training LogisticRegression component...
2026-04-08 01:42:18 | INFO     | app.pricing.models:fit:193 - Training XGBoost component...
2026-04-08 01:42:18 | INFO     | app.pricing.calibration:fit:37 - Isotonic calibrator fitted.
2026-04-08 01:42:18 | INFO     | app.pricing.models:fit:320 - Calibration report: raw_brier=0.2437, cal_brier=0.1942
2026-04-08 01:42:18 | INFO     | app.pricing.models:fit:191 - Training LogisticRegression component...
2026-04-08 01:42:18 | INFO     | app.pricing.models:fit:193 - Training XGBoost component...
2026-04-08 01:42:18 | INFO     | app.pricing.calibration:fit:37 - Isotonic calibrator fitted.
2026-04-08 01:42:18 | INFO     | app.pricing.models:fit:320 - Calibration report: raw_brier=0.2454, cal_brier=0.19996
2026-04-08 01:42:18 | INFO     | app.pricing.models:fit:191 - Training LogisticRegression component...
2026-04-08 01:42:18 | INFO     | app.pricing.models:fit:193 - Training XGBoost component...
2026-04-08 01:42:18 | INFO     | app.pricing.calibration:fit:37 - Isotonic calibrator fitted.
2026-04-08 01:42:18 | INFO     | app.pricing.models:fit:320 - Calibration report: raw_brier=0.2456, cal_brier=0.20066
2026-04-08 01:42:18 | INFO     | app.pricing.models:fit:191 - Training LogisticRegression component...
2026-04-08 01:42:18 | INFO     | app.pricing.models:fit:193 - Training XGBoost component...
2026-04-08 01:42:18 | INFO     | app.pricing.calibration:fit:37 - Isotonic calibrator fitted.
2026-04-08 01:42:18 | INFO     | app.pricing.models:fit:320 - Calibration report: raw_brier=0.2530, cal_brier=0.20213
2026-04-08 01:42:18 | INFO     | app.pricing.models:fit:191 - Training LogisticRegression component...
2026-04-08 01:42:18 | INFO     | app.pricing.models:fit:193 - Training XGBoost component...
2026-04-08 01:42:18 | INFO     | app.pricing.calibration:fit:37 - Isotonic calibrator fitted.
2026-04-08 01:42:18 | INFO     | app.pricing.models:fit:320 - Calibration report: raw_brier=0.2346, cal_brier=0.18303
2026-04-08 01:42:18 | INFO     | app.pricing.models:fit:191 - Training LogisticRegression component...
2026-04-08 01:42:18 | INFO     | app.pricing.models:fit:193 - Training XGBoost component...
2026-04-08 01:42:18 | INFO     | app.pricing.calibration:fit:37 - Isotonic calibrator fitted.
2026-04-08 01:42:18 | INFO     | app.pricing.models:fit:320 - Calibration report: raw_brier=0.2280, cal_brier=0.16613
2026-04-08 01:42:18 | INFO     | app.pricing.models:fit:191 - Training LogisticRegression component...
2026-04-08 01:42:18 | INFO     | app.pricing.models:fit:193 - Training XGBoost component...
2026-04-08 01:42:18 | INFO     | app.pricing.calibration:fit:37 - Isotonic calibrator fitted.
2026-04-08 01:42:18 | INFO     | app.pricing.models:fit:320 - Calibration report: raw_brier=0.2234, cal_brier=0.17254
2026-04-08 01:42:18 | INFO     | app.pricing.models:fit:191 - Training LogisticRegression component...
2026-04-08 01:42:18 | INFO     | app.pricing.models:fit:193 - Training XGBoost component...
2026-04-08 01:42:18 | INFO     | app.pricing.calibration:fit:37 - Isotonic calibrator fitted.
2026-04-08 01:42:18 | INFO     | app.pricing.models:fit:320 - Calibration report: raw_brier=0.2241, cal_brier=0.16883
2026-04-08 01:42:18 | INFO     | app.pricing.models:fit:191 - Training LogisticRegression component...
2026-04-08 01:42:18 | INFO     | app.pricing.models:fit:193 - Training XGBoost component...
2026-04-08 01:42:18 | INFO     | app.pricing.calibration:fit:37 - Isotonic calibrator fitted.
2026-04-08 01:42:18 | INFO     | app.pricing.models:fit:320 - Calibration report: raw_brier=0.2274, cal_brier=0.16909
2026-04-08 01:42:18 | INFO     | app.pricing.models:fit:191 - Training LogisticRegression component...
2026-04-08 01:42:18 | INFO     | app.pricing.models:fit:193 - Training XGBoost component...
2026-04-08 01:42:18 | INFO     | app.pricing.calibration:fit:37 - Isotonic calibrator fitted.
2026-04-08 01:42:18 | INFO     | app.pricing.models:fit:320 - Calibration report: raw_brier=0.2271, cal_brier=0.16626
2026-04-08 01:42:19 | INFO     | app.pricing.models:fit:191 - Training LogisticRegression component...
2026-04-08 01:42:19 | INFO     | app.pricing.models:fit:193 - Training XGBoost component...
2026-04-08 01:42:19 | INFO     | app.pricing.calibration:fit:37 - Isotonic calibrator fitted.
2026-04-08 01:42:19 | INFO     | app.pricing.models:fit:320 - Calibration report: raw_brier=0.2322, cal_brier=0.17714
2026-04-08 01:42:19 | INFO     | app.pricing.models:fit:191 - Training LogisticRegression component...
2026-04-08 01:42:19 | INFO     | app.pricing.models:fit:193 - Training XGBoost component...
2026-04-08 01:42:19 | INFO     | app.pricing.calibration:fit:37 - Isotonic calibrator fitted.
2026-04-08 01:42:19 | INFO     | app.pricing.models:fit:320 - Calibration report: raw_brier=0.2393, cal_brier=0.19194
2026-04-08 01:42:19 | INFO     | app.pricing.models:fit:191 - Training LogisticRegression component...
2026-04-08 01:42:19 | INFO     | app.pricing.models:fit:193 - Training XGBoost component...
2026-04-08 01:42:19 | INFO     | app.pricing.calibration:fit:37 - Isotonic calibrator fitted.
2026-04-08 01:42:19 | INFO     | app.pricing.models:fit:320 - Calibration report: raw_brier=0.2442, cal_brier=0.19977
2026-04-08 01:42:19 | INFO     | app.pricing.models:fit:191 - Training LogisticRegression component...
2026-04-08 01:42:19 | INFO     | app.pricing.models:fit:193 - Training XGBoost component...
2026-04-08 01:42:19 | INFO     | app.pricing.calibration:fit:37 - Isotonic calibrator fitted.
2026-04-08 01:42:19 | INFO     | app.pricing.models:fit:320 - Calibration report: raw_brier=0.2405, cal_brier=0.19886
2026-04-08 01:42:19 | INFO     | app.pricing.models:fit:191 - Training LogisticRegression component...
2026-04-08 01:42:19 | INFO     | app.pricing.models:fit:193 - Training XGBoost component...
2026-04-08 01:42:19 | INFO     | app.pricing.calibration:fit:37 - Isotonic calibrator fitted.
2026-04-08 01:42:19 | INFO     | app.pricing.models:fit:320 - Calibration report: raw_brier=0.2444, cal_brier=0.20362
2026-04-08 01:42:19 | INFO     | app.pricing.models:fit:191 - Training LogisticRegression component...
2026-04-08 01:42:19 | INFO     | app.pricing.models:fit:193 - Training XGBoost component...
2026-04-08 01:42:19 | INFO     | app.pricing.calibration:fit:37 - Isotonic calibrator fitted.
2026-04-08 01:42:19 | INFO     | app.pricing.models:fit:320 - Calibration report: raw_brier=0.2083, cal_brier=0.16392
2026-04-08 01:42:19 | INFO     | app.pricing.models:fit:191 - Training LogisticRegression component...
2026-04-08 01:42:19 | INFO     | app.pricing.models:fit:193 - Training XGBoost component...
2026-04-08 01:42:19 | INFO     | app.pricing.calibration:fit:37 - Isotonic calibrator fitted.
2026-04-08 01:42:19 | INFO     | app.pricing.models:fit:320 - Calibration report: raw_brier=0.2135, cal_brier=0.18137
2026-04-08 01:42:19 | INFO     | app.pricing.models:fit:191 - Training LogisticRegression component...
2026-04-08 01:42:19 | INFO     | app.pricing.models:fit:193 - Training XGBoost component...
2026-04-08 01:42:19 | INFO     | app.pricing.calibration:fit:37 - Isotonic calibrator fitted.
2026-04-08 01:42:19 | INFO     | app.pricing.models:fit:320 - Calibration report: raw_brier=0.2094, cal_brier=0.16958
2026-04-08 01:42:19 | INFO     | app.pricing.models:fit:191 - Training LogisticRegression component...
2026-04-08 01:42:19 | INFO     | app.pricing.models:fit:193 - Training XGBoost component...
2026-04-08 01:42:19 | INFO     | app.pricing.calibration:fit:37 - Isotonic calibrator fitted.
2026-04-08 01:42:19 | INFO     | app.pricing.models:fit:320 - Calibration report: raw_brier=0.2056, cal_brier=0.15336
2026-04-08 01:42:19 | INFO     | app.pricing.models:fit:191 - Training LogisticRegression component...
2026-04-08 01:42:19 | INFO     | app.pricing.models:fit:193 - Training XGBoost component...
2026-04-08 01:42:19 | INFO     | app.pricing.calibration:fit:37 - Isotonic calibrator fitted.
2026-04-08 01:42:19 | INFO     | app.pricing.models:fit:320 - Calibration report: raw_brier=0.2061, cal_brier=0.15935
2026-04-08 01:42:19 | INFO     | app.pricing.models:fit:191 - Training LogisticRegression component...
2026-04-08 01:42:19 | INFO     | app.pricing.models:fit:193 - Training XGBoost component...
2026-04-08 01:42:20 | INFO     | app.pricing.calibration:fit:37 - Isotonic calibrator fitted.
2026-04-08 01:42:20 | INFO     | app.pricing.models:fit:320 - Calibration report: raw_brier=0.2019, cal_brier=0.1481
2026-04-08 01:42:20 | INFO     | app.pricing.models:fit:191 - Training LogisticRegression component...
2026-04-08 01:42:20 | INFO     | app.pricing.models:fit:193 - Training XGBoost component...
2026-04-08 01:42:20 | INFO     | app.pricing.calibration:fit:37 - Isotonic calibrator fitted.
2026-04-08 01:42:20 | INFO     | app.pricing.models:fit:320 - Calibration report: raw_brier=0.2074, cal_brier=0.16758
2026-04-08 01:42:20 | INFO     | app.pricing.models:fit:191 - Training LogisticRegression component...
2026-04-08 01:42:20 | INFO     | app.pricing.models:fit:193 - Training XGBoost component...
2026-04-08 01:42:20 | INFO     | app.pricing.calibration:fit:37 - Isotonic calibrator fitted.
2026-04-08 01:42:20 | INFO     | app.pricing.models:fit:320 - Calibration report: raw_brier=0.1989, cal_brier=0.14962
2026-04-08 01:42:20 | INFO     | app.pricing.models:fit:191 - Training LogisticRegression component...
2026-04-08 01:42:20 | INFO     | app.pricing.models:fit:193 - Training XGBoost component...
2026-04-08 01:42:20 | INFO     | app.pricing.calibration:fit:37 - Isotonic calibrator fitted.
2026-04-08 01:42:20 | INFO     | app.pricing.models:fit:320 - Calibration report: raw_brier=0.2007, cal_brier=0.15043
2026-04-08 01:42:20 | INFO     | app.services.backtest:run:209 - [1ef7cd4a] Backtest complete. Brier: 0.2175, LogLoss: 1.1819, Accuracy: 62.5%
2026-04-08 01:42:52 | INFO     | app.main:lifespan:22 - Starting AFL Multi Builder...
2026-04-08 01:42:52 | INFO     | app.main:lifespan:31 - Database initialised.
2026-04-08 01:42:52 | INFO     | app.api.routes:run_pipeline:44 - API: Running prediction pipeline...
2026-04-08 01:42:52 | INFO     | app.services.pipeline:run:50 - [74dc70a5] Starting prediction pipeline...
2026-04-08 01:42:52 | INFO     | app.services.pipeline:run:60 - No upcoming fixtures found, using recent completed for demo.
2026-04-08 01:42:52 | INFO     | app.services.pipeline:run:62 - Processing 5 fixtures...
2026-04-08 01:42:52 | INFO     | app.features.pipeline:get_team_features:442 - Building team feature matrix...
2026-04-08 01:42:52 | INFO     | app.features.pipeline:get_team_features:444 - Team features shape: (1800, 87)
2026-04-08 01:42:52 | INFO     | app.services.pipeline:run:87 - Generated 10 candidate legs.
2026-04-08 01:42:52 | DEBUG    | app.optimizer.multi_builder:build:93 - Evaluating 6 combinations of size 2
2026-04-08 01:42:52 | DEBUG    | app.optimizer.multi_builder:build:93 - Evaluating 4 combinations of size 3
2026-04-08 01:42:52 | DEBUG    | app.optimizer.multi_builder:build:93 - Evaluating 1 combinations of size 4
2026-04-08 01:42:52 | DEBUG    | app.optimizer.multi_builder:build:93 - Evaluating 10 combinations of size 2
2026-04-08 01:42:52 | DEBUG    | app.optimizer.multi_builder:build:93 - Evaluating 10 combinations of size 3
2026-04-08 01:42:52 | DEBUG    | app.optimizer.multi_builder:build:93 - Evaluating 5 combinations of size 4
2026-04-08 01:42:52 | DEBUG    | app.optimizer.multi_builder:build:93 - Evaluating 1 combinations of size 2
2026-04-08 01:42:52 | DEBUG    | app.optimizer.multi_builder:build:93 - Evaluating 1 combinations of size 2
2026-04-08 01:42:52 | DEBUG    | app.optimizer.multi_builder:build:93 - Evaluating 1 combinations of size 2
2026-04-08 01:42:52 | DEBUG    | app.optimizer.multi_builder:build:93 - Evaluating 1 combinations of size 2
2026-04-08 01:42:52 | DEBUG    | app.optimizer.multi_builder:build:93 - Evaluating 1 combinations of size 2
2026-04-08 01:42:52 | INFO     | app.services.pipeline:run:106 - [74dc70a5] Pipeline complete in 0.18s
2026-04-08 01:42:52 | INFO     | app.api.routes:run_pipeline:44 - API: Running prediction pipeline...
2026-04-08 01:42:52 | INFO     | app.services.pipeline:run:50 - [3a1a4207] Starting prediction pipeline...
2026-04-08 01:42:52 | INFO     | app.services.pipeline:run:60 - No upcoming fixtures found, using recent completed for demo.
2026-04-08 01:42:52 | INFO     | app.services.pipeline:run:62 - Processing 5 fixtures...
2026-04-08 01:42:52 | INFO     | app.features.pipeline:get_team_features:442 - Building team feature matrix...
2026-04-08 01:42:53 | INFO     | app.features.pipeline:get_team_features:444 - Team features shape: (1800, 87)
2026-04-08 01:42:53 | INFO     | app.services.pipeline:run:87 - Generated 10 candidate legs.
2026-04-08 01:42:53 | DEBUG    | app.optimizer.multi_builder:build:93 - Evaluating 6 combinations of size 2
2026-04-08 01:42:53 | DEBUG    | app.optimizer.multi_builder:build:93 - Evaluating 4 combinations of size 3
2026-04-08 01:42:53 | DEBUG    | app.optimizer.multi_builder:build:93 - Evaluating 1 combinations of size 4
2026-04-08 01:42:53 | DEBUG    | app.optimizer.multi_builder:build:93 - Evaluating 10 combinations of size 2
2026-04-08 01:42:53 | DEBUG    | app.optimizer.multi_builder:build:93 - Evaluating 10 combinations of size 3
2026-04-08 01:42:53 | DEBUG    | app.optimizer.multi_builder:build:93 - Evaluating 5 combinations of size 4
2026-04-08 01:42:53 | DEBUG    | app.optimizer.multi_builder:build:93 - Evaluating 1 combinations of size 2
2026-04-08 01:42:53 | DEBUG    | app.optimizer.multi_builder:build:93 - Evaluating 1 combinations of size 2
2026-04-08 01:42:53 | DEBUG    | app.optimizer.multi_builder:build:93 - Evaluating 1 combinations of size 2
2026-04-08 01:42:53 | DEBUG    | app.optimizer.multi_builder:build:93 - Evaluating 1 combinations of size 2
2026-04-08 01:42:53 | DEBUG    | app.optimizer.multi_builder:build:93 - Evaluating 1 combinations of size 2
2026-04-08 01:42:53 | INFO     | app.services.pipeline:run:106 - [3a1a4207] Pipeline complete in 0.17s
2026-04-08 01:42:53 | INFO     | app.api.routes:run_pipeline:44 - API: Running prediction pipeline...
2026-04-08 01:42:53 | INFO     | app.services.pipeline:run:50 - [55881248] Starting prediction pipeline...
2026-04-08 01:42:53 | INFO     | app.services.pipeline:run:60 - No upcoming fixtures found, using recent completed for demo.
2026-04-08 01:42:53 | INFO     | app.services.pipeline:run:62 - Processing 5 fixtures...
2026-04-08 01:42:53 | INFO     | app.features.pipeline:get_team_features:442 - Building team feature matrix...
2026-04-08 01:42:53 | INFO     | app.features.pipeline:get_team_features:444 - Team features shape: (1800, 87)
2026-04-08 01:42:53 | INFO     | app.services.pipeline:run:87 - Generated 10 candidate legs.
2026-04-08 01:42:53 | DEBUG    | app.optimizer.multi_builder:build:93 - Evaluating 6 combinations of size 2
2026-04-08 01:42:53 | DEBUG    | app.optimizer.multi_builder:build:93 - Evaluating 4 combinations of size 3
2026-04-08 01:42:53 | DEBUG    | app.optimizer.multi_builder:build:93 - Evaluating 1 combinations of size 4
2026-04-08 01:42:53 | DEBUG    | app.optimizer.multi_builder:build:93 - Evaluating 10 combinations of size 2
2026-04-08 01:42:53 | DEBUG    | app.optimizer.multi_builder:build:93 - Evaluating 10 combinations of size 3
2026-04-08 01:42:53 | DEBUG    | app.optimizer.multi_builder:build:93 - Evaluating 5 combinations of size 4
2026-04-08 01:42:53 | DEBUG    | app.optimizer.multi_builder:build:93 - Evaluating 1 combinations of size 2
2026-04-08 01:42:53 | DEBUG    | app.optimizer.multi_builder:build:93 - Evaluating 1 combinations of size 2
2026-04-08 01:42:53 | DEBUG    | app.optimizer.multi_builder:build:93 - Evaluating 1 combinations of size 2
2026-04-08 01:42:53 | DEBUG    | app.optimizer.multi_builder:build:93 - Evaluating 1 combinations of size 2
2026-04-08 01:42:53 | DEBUG    | app.optimizer.multi_builder:build:93 - Evaluating 1 combinations of size 2
2026-04-08 01:42:53 | INFO     | app.services.pipeline:run:106 - [55881248] Pipeline complete in 0.17s
2026-04-08 01:42:53 | DEBUG    | app.optimizer.multi_builder:build:93 - Evaluating 1 combinations of size 2
2026-04-08 01:42:53 | INFO     | app.api.routes:run_training:148 - API: Running model training...
2026-04-08 01:42:53 | INFO     | app.services.training:run_match_model_training:48 - [e5b91261] Starting match model training...
2026-04-08 01:42:53 | INFO     | app.features.pipeline:get_team_features:442 - Building team feature matrix...
2026-04-08 01:42:53 | INFO     | app.features.pipeline:get_team_features:444 - Team features shape: (1800, 87)
2026-04-08 01:42:53 | INFO     | app.services.training:run_match_model_training:56 - Training with 1575 samples, 71 features.
2026-04-08 01:42:53 | INFO     | app.services.training:run_match_model_training:70 - Train: 1023, Val: 237, Test: 315
2026-04-08 01:42:53 | INFO     | app.pricing.models:fit:191 - Training LogisticRegression component...
2026-04-08 01:42:53 | INFO     | app.pricing.models:fit:193 - Training XGBoost component...
2026-04-08 01:42:53 | INFO     | app.pricing.calibration:fit:37 - Isotonic calibrator fitted.
2026-04-08 01:42:53 | INFO     | app.pricing.models:fit:320 - Calibration report: raw_brier=0.4105, cal_brier=0.24314
2026-04-08 01:42:53 | INFO     | app.services.training:run_match_model_training:97 - Test metrics: {'raw_brier': 0.28066, 'calibrated_brier': 0.27722, 'raw_logloss': 0.78236, 'calibrated_logloss': 1.83641}
2026-04-08 01:42:53 | INFO     | app.pricing.models:save:368 - Model 'match_win_ensemble' saved to data/models/match_win_ensemble.joblib
2026-04-08 01:42:53 | INFO     | app.services.training:run_match_model_training:120 - [e5b91261] Match model training complete.
2026-04-08 01:42:53 | INFO     | app.services.training:run_player_disposals_training:132 - [e5b91261] Starting player disposals model training...
2026-04-08 01:42:53 | INFO     | app.features.pipeline:get_player_features:452 - Building player feature matrix for 'disposals'...
2026-04-08 01:42:53 | INFO     | app.features.pipeline:get_player_features:454 - Player features shape: (450, 19)
2026-04-08 01:42:53 | INFO     | app.services.training:run_player_disposals_training:142 - Player model training with 450 samples.
2026-04-08 01:42:54 | INFO     | app.pricing.models:fit:253 - PlayerDisposalsModel fitted. Residual std: 3.65
2026-04-08 01:42:54 | INFO     | app.pricing.calibration:fit:37 - Isotonic calibrator fitted.
2026-04-08 01:42:54 | INFO     | app.pricing.models:save:368 - Model 'player_disposals_model' saved to data/models/player_disposals_model.joblib
2026-04-08 01:42:54 | INFO     | app.pricing.models:save:368 - Model 'player_disposals_calibrator' saved to data/models/player_disposals_calibrator.joblib
2026-04-08 01:42:54 | INFO     | app.services.training:run_player_disposals_training:193 - [e5b91261] Player model training complete.
2026-04-08 01:42:54 | INFO     | app.api.routes:run_training:148 - API: Running model training...
2026-04-08 01:42:54 | INFO     | app.services.training:run_match_model_training:48 - [0c2adca5] Starting match model training...
2026-04-08 01:42:54 | INFO     | app.features.pipeline:get_team_features:442 - Building team feature matrix...
2026-04-08 01:42:54 | INFO     | app.features.pipeline:get_team_features:444 - Team features shape: (1800, 87)
2026-04-08 01:42:54 | INFO     | app.services.training:run_match_model_training:56 - Training with 1575 samples, 71 features.
2026-04-08 01:42:54 | INFO     | app.services.training:run_match_model_training:70 - Train: 1023, Val: 237, Test: 315
2026-04-08 01:42:54 | INFO     | app.pricing.models:fit:191 - Training LogisticRegression component...
2026-04-08 01:42:54 | INFO     | app.pricing.models:fit:193 - Training XGBoost component...
2026-04-08 01:42:54 | INFO     | app.pricing.calibration:fit:37 - Isotonic calibrator fitted.
2026-04-08 01:42:54 | INFO     | app.pricing.models:fit:320 - Calibration report: raw_brier=0.4105, cal_brier=0.24314
2026-04-08 01:42:54 | INFO     | app.services.training:run_match_model_training:97 - Test metrics: {'raw_brier': 0.28066, 'calibrated_brier': 0.27722, 'raw_logloss': 0.78236, 'calibrated_logloss': 1.83641}
2026-04-08 01:42:54 | INFO     | app.pricing.models:save:368 - Model 'match_win_ensemble' saved to data/models/match_win_ensemble.joblib
2026-04-08 01:42:54 | INFO     | app.services.training:run_match_model_training:120 - [0c2adca5] Match model training complete.
2026-04-08 01:42:54 | INFO     | app.services.training:run_player_disposals_training:132 - [0c2adca5] Starting player disposals model training...
2026-04-08 01:42:54 | INFO     | app.features.pipeline:get_player_features:452 - Building player feature matrix for 'disposals'...
2026-04-08 01:42:54 | INFO     | app.features.pipeline:get_player_features:454 - Player features shape: (450, 19)
2026-04-08 01:42:54 | INFO     | app.services.training:run_player_disposals_training:142 - Player model training with 450 samples.
2026-04-08 01:42:54 | INFO     | app.pricing.models:fit:253 - PlayerDisposalsModel fitted. Residual std: 3.65
2026-04-08 01:42:54 | INFO     | app.pricing.calibration:fit:37 - Isotonic calibrator fitted.
2026-04-08 01:42:54 | INFO     | app.pricing.models:save:368 - Model 'player_disposals_model' saved to data/models/player_disposals_model.joblib
2026-04-08 01:42:54 | INFO     | app.pricing.models:save:368 - Model 'player_disposals_calibrator' saved to data/models/player_disposals_calibrator.joblib
2026-04-08 01:42:54 | INFO     | app.services.training:run_player_disposals_training:193 - [0c2adca5] Player model training complete.
2026-04-08 01:42:54 | INFO     | app.api.routes:run_backtest:163 - API: Running backtest...
2026-04-08 01:42:54 | INFO     | app.services.backtest:run:54 - [cb0be388] Starting walk-forward backtest...
2026-04-08 01:42:54 | INFO     | app.features.pipeline:get_team_features:442 - Building team feature matrix...
2026-04-08 01:42:54 | INFO     | app.features.pipeline:get_team_features:444 - Team features shape: (1800, 87)
2026-04-08 01:42:54 | INFO     | app.services.backtest:run:66 - Backtest on 1575 samples with 71 features.
2026-04-08 01:42:55 | INFO     | app.pricing.models:fit:191 - Training LogisticRegression component...
2026-04-08 01:42:55 | WARNING  | app.services.backtest:run:109 - Training failed at fold 30: This solver needs samples of at least 2 classes in the data, but the data contains only one class: 0
2026-04-08 01:42:55 | INFO     | app.pricing.models:fit:191 - Training LogisticRegression component...
2026-04-08 01:42:55 | INFO     | app.pricing.models:fit:193 - Training XGBoost component...
2026-04-08 01:42:55 | INFO     | app.pricing.calibration:fit:37 - Isotonic calibrator fitted.
2026-04-08 01:42:55 | WARNING  | app.services.backtest:run:109 - Training failed at fold 39: y_true contains only one label (1). Please provide the true labels explicitly through the labels argument.
2026-04-08 01:42:55 | INFO     | app.pricing.models:fit:191 - Training LogisticRegression component...
2026-04-08 01:42:55 | INFO     | app.pricing.models:fit:193 - Training XGBoost component...
2026-04-08 01:42:55 | INFO     | app.pricing.calibration:fit:37 - Isotonic calibrator fitted.
2026-04-08 01:42:55 | WARNING  | app.services.backtest:run:109 - Training failed at fold 48: y_true contains only one label (1). Please provide the true labels explicitly through the labels argument.
2026-04-08 01:42:55 | INFO     | app.pricing.models:fit:191 - Training LogisticRegression component...
2026-04-08 01:42:55 | INFO     | app.pricing.models:fit:193 - Training XGBoost component...
2026-04-08 01:42:55 | INFO     | app.pricing.calibration:fit:37 - Isotonic calibrator fitted.
2026-04-08 01:42:55 | INFO     | app.pricing.models:fit:320 - Calibration report: raw_brier=0.0812, cal_brier=0.0
2026-04-08 01:42:55 | INFO     | app.pricing.models:fit:191 - Training LogisticRegression component...
2026-04-08 01:42:55 | INFO     | app.pricing.models:fit:193 - Training XGBoost component...
2026-04-08 01:42:55 | INFO     | app.pricing.calibration:fit:37 - Isotonic calibrator fitted.
2026-04-08 01:42:55 | WARNING  | app.services.backtest:run:109 - Training failed at fold 66: y_true contains only one label (0). Please provide the true labels explicitly through the labels argument.
2026-04-08 01:42:55 | INFO     | app.pricing.models:fit:191 - Training LogisticRegression component...
2026-04-08 01:42:55 | INFO     | app.pricing.models:fit:193 - Training XGBoost component...
2026-04-08 01:42:55 | INFO     | app.pricing.calibration:fit:37 - Isotonic calibrator fitted.
2026-04-08 01:42:55 | WARNING  | app.services.backtest:run:109 - Training failed at fold 75: y_true contains only one label (0). Please provide the true labels explicitly through the labels argument.
2026-04-08 01:42:55 | INFO     | app.pricing.models:fit:191 - Training LogisticRegression component...
2026-04-08 01:42:55 | INFO     | app.pricing.models:fit:193 - Training XGBoost component...
2026-04-08 01:42:55 | INFO     | app.pricing.calibration:fit:37 - Isotonic calibrator fitted.
2026-04-08 01:42:55 | INFO     | app.pricing.models:fit:320 - Calibration report: raw_brier=0.4042, cal_brier=0.0
2026-04-08 01:42:55 | INFO     | app.pricing.models:fit:191 - Training LogisticRegression component...
2026-04-08 01:42:55 | INFO     | app.pricing.models:fit:193 - Training XGBoost component...
2026-04-08 01:42:55 | INFO     | app.pricing.calibration:fit:37 - Isotonic calibrator fitted.
2026-04-08 01:42:55 | WARNING  | app.services.backtest:run:109 - Training failed at fold 93: y_true contains only one label (1). Please provide the true labels explicitly through the labels argument.
2026-04-08 01:42:55 | INFO     | app.pricing.models:fit:191 - Training LogisticRegression component...
2026-04-08 01:42:55 | INFO     | app.pricing.models:fit:193 - Training XGBoost component...
2026-04-08 01:42:55 | INFO     | app.pricing.calibration:fit:37 - Isotonic calibrator fitted.
2026-04-08 01:42:55 | WARNING  | app.services.backtest:run:109 - Training failed at fold 102: y_true contains only one label (1). Please provide the true labels explicitly through the labels argument.
2026-04-08 01:42:55 | INFO     | app.pricing.models:fit:191 - Training LogisticRegression component...
2026-04-08 01:42:55 | INFO     | app.pricing.models:fit:193 - Training XGBoost component...
2026-04-08 01:42:55 | INFO     | app.pricing.calibration:fit:37 - Isotonic calibrator fitted.
2026-04-08 01:42:55 | WARNING  | app.services.backtest:run:109 - Training failed at fold 111: y_true contains only one label (1). Please provide the true labels explicitly through the labels argument.
2026-04-08 01:42:55 | INFO     | app.pricing.models:fit:191 - Training LogisticRegression component...
2026-04-08 01:42:55 | INFO     | app.pricing.models:fit:193 - Training XGBoost component...
2026-04-08 01:42:55 | INFO     | app.pricing.calibration:fit:37 - Isotonic calibrator fitted.
2026-04-08 01:42:55 | WARNING  | app.services.backtest:run:109 - Training failed at fold 120: y_true contains only one label (1). Please provide the true labels explicitly through the labels argument.
2026-04-08 01:42:55 | INFO     | app.pricing.models:fit:191 - Training LogisticRegression component...
2026-04-08 01:42:55 | INFO     | app.pricing.models:fit:193 - Training XGBoost component...
2026-04-08 01:42:55 | INFO     | app.pricing.calibration:fit:37 - Isotonic calibrator fitted.
2026-04-08 01:42:55 | WARNING  | app.services.backtest:run:109 - Training failed at fold 129: y_true contains only one label (1). Please provide the true labels explicitly through the labels argument.
2026-04-08 01:42:55 | INFO     | app.pricing.models:fit:191 - Training LogisticRegression component...
2026-04-08 01:42:55 | INFO     | app.pricing.models:fit:193 - Training XGBoost component...
2026-04-08 01:42:55 | INFO     | app.pricing.calibration:fit:37 - Isotonic calibrator fitted.
2026-04-08 01:42:55 | WARNING  | app.services.backtest:run:109 - Training failed at fold 138: y_true contains only one label (1). Please provide the true labels explicitly through the labels argument.
2026-04-08 01:42:55 | INFO     | app.pricing.models:fit:191 - Training LogisticRegression component...
2026-04-08 01:42:55 | INFO     | app.pricing.models:fit:193 - Training XGBoost component...
2026-04-08 01:42:55 | INFO     | app.pricing.calibration:fit:37 - Isotonic calibrator fitted.
2026-04-08 01:42:55 | WARNING  | app.services.backtest:run:109 - Training failed at fold 147: y_true contains only one label (1). Please provide the true labels explicitly through the labels argument.
2026-04-08 01:42:55 | INFO     | app.pricing.models:fit:191 - Training LogisticRegression component...
2026-04-08 01:42:55 | INFO     | app.pricing.models:fit:193 - Training XGBoost component...
2026-04-08 01:42:55 | INFO     | app.pricing.calibration:fit:37 - Isotonic calibrator fitted.
2026-04-08 01:42:55 | WARNING  | app.services.backtest:run:109 - Training failed at fold 156: y_true contains only one label (1). Please provide the true labels explicitly through the labels argument.
2026-04-08 01:42:55 | INFO     | app.pricing.models:fit:191 - Training LogisticRegression component...
2026-04-08 01:42:55 | INFO     | app.pricing.models:fit:193 - Training XGBoost component...
2026-04-08 01:42:55 | INFO     | app.pricing.calibration:fit:37 - Isotonic calibrator fitted.
2026-04-08 01:42:55 | WARNING  | app.services.backtest:run:109 - Training failed at fold 165: y_true contains only one label (1). Please provide the true labels explicitly through the labels argument.
2026-04-08 01:42:55 | INFO     | app.pricing.models:fit:191 - Training LogisticRegression component...
2026-04-08 01:42:55 | INFO     | app.pricing.models:fit:193 - Training XGBoost component...
2026-04-08 01:42:55 | INFO     | app.pricing.calibration:fit:37 - Isotonic calibrator fitted.
2026-04-08 01:42:55 | WARNING  | app.services.backtest:run:109 - Training failed at fold 174: y_true contains only one label (1). Please provide the true labels explicitly through the labels argument.
2026-04-08 01:42:55 | INFO     | app.pricing.models:fit:191 - Training LogisticRegression component...
2026-04-08 01:42:55 | INFO     | app.pricing.models:fit:193 - Training XGBoost component...
2026-04-08 01:42:55 | INFO     | app.pricing.calibration:fit:37 - Isotonic calibrator fitted.
2026-04-08 01:42:55 | WARNING  | app.services.backtest:run:109 - Training failed at fold 183: y_true contains only one label (1). Please provide the true labels explicitly through the labels argument.
2026-04-08 01:42:55 | INFO     | app.pricing.models:fit:191 - Training LogisticRegression component...
2026-04-08 01:42:55 | INFO     | app.pricing.models:fit:193 - Training XGBoost component...
2026-04-08 01:42:55 | INFO     | app.pricing.calibration:fit:37 - Isotonic calibrator fitted.
2026-04-08 01:42:55 | WARNING  | app.services.backtest:run:109 - Training failed at fold 192: y_true contains only one label (1). Please provide the true labels explicitly through the labels argument.
2026-04-08 01:42:55 | INFO     | app.pricing.models:fit:191 - Training LogisticRegression component...
2026-04-08 01:42:55 | INFO     | app.pricing.models:fit:193 - Training XGBoost component...
2026-04-08 01:42:55 | INFO     | app.pricing.calibration:fit:37 - Isotonic calibrator fitted.
2026-04-08 01:42:55 | INFO     | app.pricing.models:fit:320 - Calibration report: raw_brier=0.2745, cal_brier=0.0
2026-04-08 01:42:55 | INFO     | app.pricing.models:fit:191 - Training LogisticRegression component...
2026-04-08 01:42:55 | INFO     | app.pricing.models:fit:193 - Training XGBoost component...
2026-04-08 01:42:55 | INFO     | app.pricing.calibration:fit:37 - Isotonic calibrator fitted.
2026-04-08 01:42:55 | INFO     | app.pricing.models:fit:320 - Calibration report: raw_brier=0.0858, cal_brier=0.0
2026-04-08 01:42:55 | INFO     | app.pricing.models:fit:191 - Training LogisticRegression component...
2026-04-08 01:42:55 | INFO     | app.pricing.models:fit:193 - Training XGBoost component...
2026-04-08 01:42:55 | INFO     | app.pricing.calibration:fit:37 - Isotonic calibrator fitted.
2026-04-08 01:42:55 | INFO     | app.pricing.models:fit:320 - Calibration report: raw_brier=0.1797, cal_brier=0.02083
2026-04-08 01:42:55 | INFO     | app.pricing.models:fit:191 - Training LogisticRegression component...
2026-04-08 01:42:55 | INFO     | app.pricing.models:fit:193 - Training XGBoost component...
2026-04-08 01:42:55 | INFO     | app.pricing.calibration:fit:37 - Isotonic calibrator fitted.
2026-04-08 01:42:55 | INFO     | app.pricing.models:fit:320 - Calibration report: raw_brier=0.2736, cal_brier=0.0743
2026-04-08 01:42:55 | INFO     | app.pricing.models:fit:191 - Training LogisticRegression component...
2026-04-08 01:42:55 | INFO     | app.pricing.models:fit:193 - Training XGBoost component...
2026-04-08 01:42:56 | INFO     | app.pricing.calibration:fit:37 - Isotonic calibrator fitted.
2026-04-08 01:42:56 | INFO     | app.pricing.models:fit:320 - Calibration report: raw_brier=0.2910, cal_brier=0.18719
2026-04-08 01:42:56 | INFO     | app.pricing.models:fit:191 - Training LogisticRegression component...
2026-04-08 01:42:56 | INFO     | app.pricing.models:fit:193 - Training XGBoost component...
2026-04-08 01:42:56 | INFO     | app.pricing.calibration:fit:37 - Isotonic calibrator fitted.
2026-04-08 01:42:56 | INFO     | app.pricing.models:fit:320 - Calibration report: raw_brier=0.2415, cal_brier=0.1291
2026-04-08 01:42:56 | INFO     | app.pricing.models:fit:191 - Training LogisticRegression component...
2026-04-08 01:42:56 | INFO     | app.pricing.models:fit:193 - Training XGBoost component...
2026-04-08 01:42:56 | INFO     | app.pricing.calibration:fit:37 - Isotonic calibrator fitted.
2026-04-08 01:42:56 | INFO     | app.pricing.models:fit:320 - Calibration report: raw_brier=0.2954, cal_brier=0.0
2026-04-08 01:42:56 | INFO     | app.pricing.models:fit:191 - Training LogisticRegression component...
2026-04-08 01:42:56 | INFO     | app.pricing.models:fit:193 - Training XGBoost component...
2026-04-08 01:42:56 | INFO     | app.pricing.calibration:fit:37 - Isotonic calibrator fitted.
2026-04-08 01:42:56 | WARNING  | app.services.backtest:run:109 - Training failed at fold 264: y_true contains only one label (1). Please provide the true labels explicitly through the labels argument.
2026-04-08 01:42:56 | INFO     | app.pricing.models:fit:191 - Training LogisticRegression component...
2026-04-08 01:42:56 | INFO     | app.pricing.models:fit:193 - Training XGBoost component...
2026-04-08 01:42:56 | INFO     | app.pricing.calibration:fit:37 - Isotonic calibrator fitted.
2026-04-08 01:42:56 | WARNING  | app.services.backtest:run:109 - Training failed at fold 273: y_true contains only one label (1). Please provide the true labels explicitly through the labels argument.
2026-04-08 01:42:56 | INFO     | app.pricing.models:fit:191 - Training LogisticRegression component...
2026-04-08 01:42:56 | INFO     | app.pricing.models:fit:193 - Training XGBoost component...
2026-04-08 01:42:56 | INFO     | app.pricing.calibration:fit:37 - Isotonic calibrator fitted.
2026-04-08 01:42:56 | INFO     | app.pricing.models:fit:320 - Calibration report: raw_brier=0.1899, cal_brier=0.12346
2026-04-08 01:42:56 | INFO     | app.pricing.models:fit:191 - Training LogisticRegression component...
2026-04-08 01:42:56 | INFO     | app.pricing.models:fit:193 - Training XGBoost component...
2026-04-08 01:42:56 | INFO     | app.pricing.calibration:fit:37 - Isotonic calibrator fitted.
2026-04-08 01:42:56 | INFO     | app.pricing.models:fit:320 - Calibration report: raw_brier=0.2550, cal_brier=0.20672
2026-04-08 01:42:56 | INFO     | app.pricing.models:fit:191 - Training LogisticRegression component...
2026-04-08 01:42:56 | INFO     | app.pricing.models:fit:193 - Training XGBoost component...
2026-04-08 01:42:56 | INFO     | app.pricing.calibration:fit:37 - Isotonic calibrator fitted.
2026-04-08 01:42:56 | INFO     | app.pricing.models:fit:320 - Calibration report: raw_brier=0.1862, cal_brier=0.0
2026-04-08 01:42:56 | INFO     | app.pricing.models:fit:191 - Training LogisticRegression component...
2026-04-08 01:42:56 | INFO     | app.pricing.models:fit:193 - Training XGBoost component...
2026-04-08 01:42:56 | INFO     | app.pricing.calibration:fit:37 - Isotonic calibrator fitted.
2026-04-08 01:42:56 | INFO     | app.pricing.models:fit:320 - Calibration report: raw_brier=0.2176, cal_brier=0.0
2026-04-08 01:42:56 | INFO     | app.pricing.models:fit:191 - Training LogisticRegression component...
2026-04-08 01:42:56 | INFO     | app.pricing.models:fit:193 - Training XGBoost component...
2026-04-08 01:42:56 | INFO     | app.pricing.calibration:fit:37 - Isotonic calibrator fitted.
2026-04-08 01:42:56 | INFO     | app.pricing.models:fit:320 - Calibration report: raw_brier=0.2711, cal_brier=0.0
2026-04-08 01:42:56 | INFO     | app.pricing.models:fit:191 - Training LogisticRegression component...
2026-04-08 01:42:56 | INFO     | app.pricing.models:fit:193 - Training XGBoost component...
2026-04-08 01:42:56 | INFO     | app.pricing.calibration:fit:37 - Isotonic calibrator fitted.
2026-04-08 01:42:56 | INFO     | app.pricing.models:fit:320 - Calibration report: raw_brier=0.1966, cal_brier=0.03401
2026-04-08 01:42:56 | INFO     | app.pricing.models:fit:191 - Training LogisticRegression component...
2026-04-08 01:42:56 | INFO     | app.pricing.models:fit:193 - Training XGBoost component...
2026-04-08 01:42:56 | INFO     | app.pricing.calibration:fit:37 - Isotonic calibrator fitted.
2026-04-08 01:42:56 | INFO     | app.pricing.models:fit:320 - Calibration report: raw_brier=0.2168, cal_brier=0.10476
2026-04-08 01:42:56 | INFO     | app.pricing.models:fit:191 - Training LogisticRegression component...
2026-04-08 01:42:56 | INFO     | app.pricing.models:fit:193 - Training XGBoost component...
2026-04-08 01:42:56 | INFO     | app.pricing.calibration:fit:37 - Isotonic calibrator fitted.
2026-04-08 01:42:56 | INFO     | app.pricing.models:fit:320 - Calibration report: raw_brier=0.2485, cal_brier=0.13072
2026-04-08 01:42:56 | INFO     | app.pricing.models:fit:191 - Training LogisticRegression component...
2026-04-08 01:42:56 | INFO     | app.pricing.models:fit:193 - Training XGBoost component...
2026-04-08 01:42:56 | INFO     | app.pricing.calibration:fit:37 - Isotonic calibrator fitted.
2026-04-08 01:42:56 | INFO     | app.pricing.models:fit:320 - Calibration report: raw_brier=0.2220, cal_brier=0.0
2026-04-08 01:42:56 | INFO     | app.pricing.models:fit:191 - Training LogisticRegression component...
2026-04-08 01:42:56 | INFO     | app.pricing.models:fit:193 - Training XGBoost component...
2026-04-08 01:42:57 | INFO     | app.pricing.calibration:fit:37 - Isotonic calibrator fitted.
2026-04-08 01:42:57 | INFO     | app.pricing.models:fit:320 - Calibration report: raw_brier=0.2341, cal_brier=0.0
2026-04-08 01:42:57 | INFO     | app.pricing.models:fit:191 - Training LogisticRegression component...
2026-04-08 01:42:57 | INFO     | app.pricing.models:fit:193 - Training XGBoost component...
2026-04-08 01:42:57 | INFO     | app.pricing.calibration:fit:37 - Isotonic calibrator fitted.
2026-04-08 01:42:57 | INFO     | app.pricing.models:fit:320 - Calibration report: raw_brier=0.2259, cal_brier=0.0
2026-04-08 01:42:57 | INFO     | app.pricing.models:fit:191 - Training LogisticRegression component...
2026-04-08 01:42:57 | INFO     | app.pricing.models:fit:193 - Training XGBoost component...
2026-04-08 01:42:57 | INFO     | app.pricing.calibration:fit:37 - Isotonic calibrator fitted.
2026-04-08 01:42:57 | INFO     | app.pricing.models:fit:320 - Calibration report: raw_brier=0.2464, cal_brier=0.0
2026-04-08 01:42:57 | INFO     | app.pricing.models:fit:191 - Training LogisticRegression component...
2026-04-08 01:42:57 | INFO     | app.pricing.models:fit:193 - Training XGBoost component...
2026-04-08 01:42:57 | INFO     | app.pricing.calibration:fit:37 - Isotonic calibrator fitted.
2026-04-08 01:42:57 | INFO     | app.pricing.models:fit:320 - Calibration report: raw_brier=0.0576, cal_brier=0.0
2026-04-08 01:42:57 | INFO     | app.pricing.models:fit:191 - Training LogisticRegression component...
2026-04-08 01:42:57 | INFO     | app.pricing.models:fit:193 - Training XGBoost component...
2026-04-08 01:42:57 | INFO     | app.pricing.calibration:fit:37 - Isotonic calibrator fitted.
2026-04-08 01:42:57 | INFO     | app.pricing.models:fit:320 - Calibration report: raw_brier=0.0629, cal_brier=0.0
2026-04-08 01:42:57 | INFO     | app.pricing.models:fit:191 - Training LogisticRegression component...
2026-04-08 01:42:57 | INFO     | app.pricing.models:fit:193 - Training XGBoost component...
2026-04-08 01:42:57 | INFO     | app.pricing.calibration:fit:37 - Isotonic calibrator fitted.
2026-04-08 01:42:57 | INFO     | app.pricing.models:fit:320 - Calibration report: raw_brier=0.1686, cal_brier=0.0082
2026-04-08 01:42:57 | INFO     | app.pricing.models:fit:191 - Training LogisticRegression component...
2026-04-08 01:42:57 | INFO     | app.pricing.models:fit:193 - Training XGBoost component...
2026-04-08 01:42:57 | INFO     | app.pricing.calibration:fit:37 - Isotonic calibrator fitted.
2026-04-08 01:42:57 | INFO     | app.pricing.models:fit:320 - Calibration report: raw_brier=0.2343, cal_brier=0.0
2026-04-08 01:42:57 | INFO     | app.pricing.models:fit:191 - Training LogisticRegression component...
2026-04-08 01:42:57 | INFO     | app.pricing.models:fit:193 - Training XGBoost component...
2026-04-08 01:42:57 | INFO     | app.pricing.calibration:fit:37 - Isotonic calibrator fitted.
2026-04-08 01:42:57 | INFO     | app.pricing.models:fit:320 - Calibration report: raw_brier=0.3268, cal_brier=0.0
2026-04-08 01:42:57 | INFO     | app.pricing.models:fit:191 - Training LogisticRegression component...
2026-04-08 01:42:57 | INFO     | app.pricing.models:fit:193 - Training XGBoost component...
2026-04-08 01:42:57 | INFO     | app.pricing.calibration:fit:37 - Isotonic calibrator fitted.
2026-04-08 01:42:57 | INFO     | app.pricing.models:fit:320 - Calibration report: raw_brier=0.3492, cal_brier=0.01538
2026-04-08 01:42:57 | INFO     | app.pricing.models:fit:191 - Training LogisticRegression component...
2026-04-08 01:42:57 | INFO     | app.pricing.models:fit:193 - Training XGBoost component...
2026-04-08 01:42:57 | INFO     | app.pricing.calibration:fit:37 - Isotonic calibrator fitted.
2026-04-08 01:42:57 | INFO     | app.pricing.models:fit:320 - Calibration report: raw_brier=0.3766, cal_brier=0.0
2026-04-08 01:42:57 | INFO     | app.pricing.models:fit:191 - Training LogisticRegression component...
2026-04-08 01:42:57 | INFO     | app.pricing.models:fit:193 - Training XGBoost component...
2026-04-08 01:42:57 | INFO     | app.pricing.calibration:fit:37 - Isotonic calibrator fitted.
2026-04-08 01:42:57 | INFO     | app.pricing.models:fit:320 - Calibration report: raw_brier=0.4094, cal_brier=0.04224
2026-04-08 01:42:57 | INFO     | app.pricing.models:fit:191 - Training LogisticRegression component...
2026-04-08 01:42:57 | INFO     | app.pricing.models:fit:193 - Training XGBoost component...
2026-04-08 01:42:57 | INFO     | app.pricing.calibration:fit:37 - Isotonic calibrator fitted.
2026-04-08 01:42:57 | INFO     | app.pricing.models:fit:320 - Calibration report: raw_brier=0.4372, cal_brier=0.14025
2026-04-08 01:42:57 | INFO     | app.pricing.models:fit:191 - Training LogisticRegression component...
2026-04-08 01:42:57 | INFO     | app.pricing.models:fit:193 - Training XGBoost component...
2026-04-08 01:42:58 | INFO     | app.pricing.calibration:fit:37 - Isotonic calibrator fitted.
2026-04-08 01:42:58 | INFO     | app.pricing.models:fit:320 - Calibration report: raw_brier=0.3405, cal_brier=0.21
2026-04-08 01:42:58 | INFO     | app.pricing.models:fit:191 - Training LogisticRegression component...
2026-04-08 01:42:58 | INFO     | app.pricing.models:fit:193 - Training XGBoost component...
2026-04-08 01:42:58 | INFO     | app.pricing.calibration:fit:37 - Isotonic calibrator fitted.
2026-04-08 01:42:58 | INFO     | app.pricing.models:fit:320 - Calibration report: raw_brier=0.2975, cal_brier=0.21368
2026-04-08 01:42:58 | INFO     | app.pricing.models:fit:191 - Training LogisticRegression component...
2026-04-08 01:42:58 | INFO     | app.pricing.models:fit:193 - Training XGBoost component...
2026-04-08 01:42:58 | INFO     | app.pricing.calibration:fit:37 - Isotonic calibrator fitted.
2026-04-08 01:42:58 | INFO     | app.pricing.models:fit:320 - Calibration report: raw_brier=0.2836, cal_brier=0.17459
2026-04-08 01:42:58 | INFO     | app.pricing.models:fit:191 - Training LogisticRegression component...
2026-04-08 01:42:58 | INFO     | app.pricing.models:fit:193 - Training XGBoost component...
2026-04-08 01:42:58 | INFO     | app.pricing.calibration:fit:37 - Isotonic calibrator fitted.
2026-04-08 01:42:58 | INFO     | app.pricing.models:fit:320 - Calibration report: raw_brier=0.2790, cal_brier=0.16892
2026-04-08 01:42:58 | INFO     | app.pricing.models:fit:191 - Training LogisticRegression component...
2026-04-08 01:42:58 | INFO     | app.pricing.models:fit:193 - Training XGBoost component...
2026-04-08 01:42:58 | INFO     | app.pricing.calibration:fit:37 - Isotonic calibrator fitted.
2026-04-08 01:42:58 | INFO     | app.pricing.models:fit:320 - Calibration report: raw_brier=0.1970, cal_brier=0.0
2026-04-08 01:42:58 | INFO     | app.pricing.models:fit:191 - Training LogisticRegression component...
2026-04-08 01:42:58 | INFO     | app.pricing.models:fit:193 - Training XGBoost component...
2026-04-08 01:42:58 | INFO     | app.pricing.calibration:fit:37 - Isotonic calibrator fitted.
2026-04-08 01:42:58 | INFO     | app.pricing.models:fit:320 - Calibration report: raw_brier=0.1959, cal_brier=0.0
2026-04-08 01:42:58 | INFO     | app.pricing.models:fit:191 - Training LogisticRegression component...
2026-04-08 01:42:58 | INFO     | app.pricing.models:fit:193 - Training XGBoost component...
2026-04-08 01:42:58 | INFO     | app.pricing.calibration:fit:37 - Isotonic calibrator fitted.
2026-04-08 01:42:58 | INFO     | app.pricing.models:fit:320 - Calibration report: raw_brier=0.1941, cal_brier=0.0
2026-04-08 01:42:58 | INFO     | app.pricing.models:fit:191 - Training LogisticRegression component...
2026-04-08 01:42:58 | INFO     | app.pricing.models:fit:193 - Training XGBoost component...
2026-04-08 01:42:58 | INFO     | app.pricing.calibration:fit:37 - Isotonic calibrator fitted.
2026-04-08 01:42:58 | INFO     | app.pricing.models:fit:320 - Calibration report: raw_brier=0.1086, cal_brier=0.05833
2026-04-08 01:42:58 | INFO     | app.pricing.models:fit:191 - Training LogisticRegression component...
2026-04-08 01:42:58 | INFO     | app.pricing.models:fit:193 - Training XGBoost component...
2026-04-08 01:42:58 | INFO     | app.pricing.calibration:fit:37 - Isotonic calibrator fitted.
2026-04-08 01:42:58 | INFO     | app.pricing.models:fit:320 - Calibration report: raw_brier=0.1075, cal_brier=0.04891
2026-04-08 01:42:58 | INFO     | app.pricing.models:fit:191 - Training LogisticRegression component...
2026-04-08 01:42:58 | INFO     | app.pricing.models:fit:193 - Training XGBoost component...
2026-04-08 01:42:58 | INFO     | app.pricing.calibration:fit:37 - Isotonic calibrator fitted.
2026-04-08 01:42:58 | INFO     | app.pricing.models:fit:320 - Calibration report: raw_brier=0.1218, cal_brier=0.05127
2026-04-08 01:42:58 | INFO     | app.pricing.models:fit:191 - Training LogisticRegression component...
2026-04-08 01:42:58 | INFO     | app.pricing.models:fit:193 - Training XGBoost component...
2026-04-08 01:42:58 | INFO     | app.pricing.calibration:fit:37 - Isotonic calibrator fitted.
2026-04-08 01:42:58 | INFO     | app.pricing.models:fit:320 - Calibration report: raw_brier=0.1240, cal_brier=0.05238
2026-04-08 01:42:58 | INFO     | app.pricing.models:fit:191 - Training LogisticRegression component...
2026-04-08 01:42:58 | INFO     | app.pricing.models:fit:193 - Training XGBoost component...
2026-04-08 01:42:58 | INFO     | app.pricing.calibration:fit:37 - Isotonic calibrator fitted.
2026-04-08 01:42:58 | INFO     | app.pricing.models:fit:320 - Calibration report: raw_brier=0.1152, cal_brier=0.04891
2026-04-08 01:42:58 | INFO     | app.pricing.models:fit:191 - Training LogisticRegression component...
2026-04-08 01:42:58 | INFO     | app.pricing.models:fit:193 - Training XGBoost component...
2026-04-08 01:42:58 | INFO     | app.pricing.calibration:fit:37 - Isotonic calibrator fitted.
2026-04-08 01:42:58 | INFO     | app.pricing.models:fit:320 - Calibration report: raw_brier=0.1129, cal_brier=0.04189
2026-04-08 01:42:58 | INFO     | app.pricing.models:fit:191 - Training LogisticRegression component...
2026-04-08 01:42:58 | INFO     | app.pricing.models:fit:193 - Training XGBoost component...
2026-04-08 01:42:58 | INFO     | app.pricing.calibration:fit:37 - Isotonic calibrator fitted.
2026-04-08 01:42:58 | INFO     | app.pricing.models:fit:320 - Calibration report: raw_brier=0.1172, cal_brier=0.04754
2026-04-08 01:42:58 | INFO     | app.pricing.models:fit:191 - Training LogisticRegression component...
2026-04-08 01:42:58 | INFO     | app.pricing.models:fit:193 - Training XGBoost component...
2026-04-08 01:42:58 | INFO     | app.pricing.calibration:fit:37 - Isotonic calibrator fitted.
2026-04-08 01:42:58 | INFO     | app.pricing.models:fit:320 - Calibration report: raw_brier=0.0954, cal_brier=0.00749
2026-04-08 01:42:58 | INFO     | app.pricing.models:fit:191 - Training LogisticRegression component...
2026-04-08 01:42:58 | INFO     | app.pricing.models:fit:193 - Training XGBoost component...
2026-04-08 01:42:58 | INFO     | app.pricing.calibration:fit:37 - Isotonic calibrator fitted.
2026-04-08 01:42:58 | INFO     | app.pricing.models:fit:320 - Calibration report: raw_brier=0.0916, cal_brier=0.0
2026-04-08 01:42:58 | INFO     | app.pricing.models:fit:191 - Training LogisticRegression component...
2026-04-08 01:42:58 | INFO     | app.pricing.models:fit:193 - Training XGBoost component...
2026-04-08 01:42:59 | INFO     | app.pricing.calibration:fit:37 - Isotonic calibrator fitted.
2026-04-08 01:42:59 | INFO     | app.pricing.models:fit:320 - Calibration report: raw_brier=0.0848, cal_brier=0.0
2026-04-08 01:42:59 | INFO     | app.pricing.models:fit:191 - Training LogisticRegression component...
2026-04-08 01:42:59 | INFO     | app.pricing.models:fit:193 - Training XGBoost component...
2026-04-08 01:42:59 | INFO     | app.pricing.calibration:fit:37 - Isotonic calibrator fitted.
2026-04-08 01:42:59 | INFO     | app.pricing.models:fit:320 - Calibration report: raw_brier=0.0309, cal_brier=0.0
2026-04-08 01:42:59 | INFO     | app.pricing.models:fit:191 - Training LogisticRegression component...
2026-04-08 01:42:59 | INFO     | app.pricing.models:fit:193 - Training XGBoost component...
2026-04-08 01:42:59 | INFO     | app.pricing.calibration:fit:37 - Isotonic calibrator fitted.
2026-04-08 01:42:59 | INFO     | app.pricing.models:fit:320 - Calibration report: raw_brier=0.0406, cal_brier=0.0
2026-04-08 01:42:59 | INFO     | app.pricing.models:fit:191 - Training LogisticRegression component...
2026-04-08 01:42:59 | INFO     | app.pricing.models:fit:193 - Training XGBoost component...
2026-04-08 01:42:59 | INFO     | app.pricing.calibration:fit:37 - Isotonic calibrator fitted.
2026-04-08 01:42:59 | INFO     | app.pricing.models:fit:320 - Calibration report: raw_brier=0.0533, cal_brier=0.0
2026-04-08 01:42:59 | INFO     | app.pricing.models:fit:191 - Training LogisticRegression component...
2026-04-08 01:42:59 | INFO     | app.pricing.models:fit:193 - Training XGBoost component...
2026-04-08 01:42:59 | INFO     | app.pricing.calibration:fit:37 - Isotonic calibrator fitted.
2026-04-08 01:42:59 | INFO     | app.pricing.models:fit:320 - Calibration report: raw_brier=0.0738, cal_brier=0.00773
2026-04-08 01:42:59 | INFO     | app.pricing.models:fit:191 - Training LogisticRegression component...
2026-04-08 01:42:59 | INFO     | app.pricing.models:fit:193 - Training XGBoost component...
2026-04-08 01:42:59 | INFO     | app.pricing.calibration:fit:37 - Isotonic calibrator fitted.
2026-04-08 01:42:59 | INFO     | app.pricing.models:fit:320 - Calibration report: raw_brier=0.0942, cal_brier=0.0
2026-04-08 01:42:59 | INFO     | app.pricing.models:fit:191 - Training LogisticRegression component...
2026-04-08 01:42:59 | INFO     | app.pricing.models:fit:193 - Training XGBoost component...
2026-04-08 01:42:59 | INFO     | app.pricing.calibration:fit:37 - Isotonic calibrator fitted.
2026-04-08 01:42:59 | INFO     | app.pricing.models:fit:320 - Calibration report: raw_brier=0.1150, cal_brier=0.00889
2026-04-08 01:42:59 | INFO     | app.pricing.models:fit:191 - Training LogisticRegression component...
2026-04-08 01:42:59 | INFO     | app.pricing.models:fit:193 - Training XGBoost component...
2026-04-08 01:42:59 | INFO     | app.pricing.calibration:fit:37 - Isotonic calibrator fitted.
2026-04-08 01:42:59 | INFO     | app.pricing.models:fit:320 - Calibration report: raw_brier=0.1376, cal_brier=0.06542
2026-04-08 01:42:59 | INFO     | app.pricing.models:fit:191 - Training LogisticRegression component...
2026-04-08 01:42:59 | INFO     | app.pricing.models:fit:193 - Training XGBoost component...
2026-04-08 01:42:59 | INFO     | app.pricing.calibration:fit:37 - Isotonic calibrator fitted.
2026-04-08 01:42:59 | INFO     | app.pricing.models:fit:320 - Calibration report: raw_brier=0.1630, cal_brier=0.14324
2026-04-08 01:42:59 | INFO     | app.pricing.models:fit:191 - Training LogisticRegression component...
2026-04-08 01:42:59 | INFO     | app.pricing.models:fit:193 - Training XGBoost component...
2026-04-08 01:42:59 | INFO     | app.pricing.calibration:fit:37 - Isotonic calibrator fitted.
2026-04-08 01:42:59 | INFO     | app.pricing.models:fit:320 - Calibration report: raw_brier=0.1870, cal_brier=0.15574
2026-04-08 01:42:59 | INFO     | app.pricing.models:fit:191 - Training LogisticRegression component...
2026-04-08 01:42:59 | INFO     | app.pricing.models:fit:193 - Training XGBoost component...
2026-04-08 01:42:59 | INFO     | app.pricing.calibration:fit:37 - Isotonic calibrator fitted.
2026-04-08 01:42:59 | INFO     | app.pricing.models:fit:320 - Calibration report: raw_brier=0.1975, cal_brier=0.15873
2026-04-08 01:42:59 | INFO     | app.pricing.models:fit:191 - Training LogisticRegression component...
2026-04-08 01:42:59 | INFO     | app.pricing.models:fit:193 - Training XGBoost component...
2026-04-08 01:42:59 | INFO     | app.pricing.calibration:fit:37 - Isotonic calibrator fitted.
2026-04-08 01:42:59 | INFO     | app.pricing.models:fit:320 - Calibration report: raw_brier=0.2041, cal_brier=0.15576
2026-04-08 01:42:59 | INFO     | app.pricing.models:fit:191 - Training LogisticRegression component...
2026-04-08 01:42:59 | INFO     | app.pricing.models:fit:193 - Training XGBoost component...
2026-04-08 01:42:59 | INFO     | app.pricing.calibration:fit:37 - Isotonic calibrator fitted.
2026-04-08 01:42:59 | INFO     | app.pricing.models:fit:320 - Calibration report: raw_brier=0.2078, cal_brier=0.15432
2026-04-08 01:42:59 | INFO     | app.pricing.models:fit:191 - Training LogisticRegression component...
2026-04-08 01:42:59 | INFO     | app.pricing.models:fit:193 - Training XGBoost component...
2026-04-08 01:42:59 | INFO     | app.pricing.calibration:fit:37 - Isotonic calibrator fitted.
2026-04-08 01:42:59 | INFO     | app.pricing.models:fit:320 - Calibration report: raw_brier=0.2056, cal_brier=0.15291
2026-04-08 01:42:59 | INFO     | app.pricing.models:fit:191 - Training LogisticRegression component...
2026-04-08 01:42:59 | INFO     | app.pricing.models:fit:193 - Training XGBoost component...
2026-04-08 01:42:59 | INFO     | app.pricing.calibration:fit:37 - Isotonic calibrator fitted.
2026-04-08 01:42:59 | INFO     | app.pricing.models:fit:320 - Calibration report: raw_brier=0.1683, cal_brier=0.11482
2026-04-08 01:42:59 | INFO     | app.pricing.models:fit:191 - Training LogisticRegression component...
2026-04-08 01:42:59 | INFO     | app.pricing.models:fit:193 - Training XGBoost component...
2026-04-08 01:43:00 | INFO     | app.pricing.calibration:fit:37 - Isotonic calibrator fitted.
2026-04-08 01:43:00 | INFO     | app.pricing.models:fit:320 - Calibration report: raw_brier=0.1706, cal_brier=0.1138
2026-04-08 01:43:00 | INFO     | app.pricing.models:fit:191 - Training LogisticRegression component...
2026-04-08 01:43:00 | INFO     | app.pricing.models:fit:193 - Training XGBoost component...
2026-04-08 01:43:00 | INFO     | app.pricing.calibration:fit:37 - Isotonic calibrator fitted.
2026-04-08 01:43:00 | INFO     | app.pricing.models:fit:320 - Calibration report: raw_brier=0.1819, cal_brier=0.12911
2026-04-08 01:43:00 | INFO     | app.pricing.models:fit:191 - Training LogisticRegression component...
2026-04-08 01:43:00 | INFO     | app.pricing.models:fit:193 - Training XGBoost component...
2026-04-08 01:43:00 | INFO     | app.pricing.calibration:fit:37 - Isotonic calibrator fitted.
2026-04-08 01:43:00 | INFO     | app.pricing.models:fit:320 - Calibration report: raw_brier=0.2176, cal_brier=0.122
2026-04-08 01:43:00 | INFO     | app.pricing.models:fit:191 - Training LogisticRegression component...
2026-04-08 01:43:00 | INFO     | app.pricing.models:fit:193 - Training XGBoost component...
2026-04-08 01:43:00 | INFO     | app.pricing.calibration:fit:37 - Isotonic calibrator fitted.
2026-04-08 01:43:00 | INFO     | app.pricing.models:fit:320 - Calibration report: raw_brier=0.2446, cal_brier=0.1343
2026-04-08 01:43:00 | INFO     | app.pricing.models:fit:191 - Training LogisticRegression component...
2026-04-08 01:43:00 | INFO     | app.pricing.models:fit:193 - Training XGBoost component...
2026-04-08 01:43:00 | INFO     | app.pricing.calibration:fit:37 - Isotonic calibrator fitted.
2026-04-08 01:43:00 | INFO     | app.pricing.models:fit:320 - Calibration report: raw_brier=0.2383, cal_brier=0.12256
2026-04-08 01:43:00 | INFO     | app.pricing.models:fit:191 - Training LogisticRegression component...
2026-04-08 01:43:00 | INFO     | app.pricing.models:fit:193 - Training XGBoost component...
2026-04-08 01:43:00 | INFO     | app.pricing.calibration:fit:37 - Isotonic calibrator fitted.
2026-04-08 01:43:00 | INFO     | app.pricing.models:fit:320 - Calibration report: raw_brier=0.2142, cal_brier=0.14006
2026-04-08 01:43:00 | INFO     | app.pricing.models:fit:191 - Training LogisticRegression component...
2026-04-08 01:43:00 | INFO     | app.pricing.models:fit:193 - Training XGBoost component...
2026-04-08 01:43:00 | INFO     | app.pricing.calibration:fit:37 - Isotonic calibrator fitted.
2026-04-08 01:43:00 | INFO     | app.pricing.models:fit:320 - Calibration report: raw_brier=0.1990, cal_brier=0.10817
2026-04-08 01:43:00 | INFO     | app.pricing.models:fit:191 - Training LogisticRegression component...
2026-04-08 01:43:00 | INFO     | app.pricing.models:fit:193 - Training XGBoost component...
2026-04-08 01:43:00 | INFO     | app.pricing.calibration:fit:37 - Isotonic calibrator fitted.
2026-04-08 01:43:00 | INFO     | app.pricing.models:fit:320 - Calibration report: raw_brier=0.2093, cal_brier=0.15169
2026-04-08 01:43:00 | INFO     | app.pricing.models:fit:191 - Training LogisticRegression component...
2026-04-08 01:43:00 | INFO     | app.pricing.models:fit:193 - Training XGBoost component...
2026-04-08 01:43:00 | INFO     | app.pricing.calibration:fit:37 - Isotonic calibrator fitted.
2026-04-08 01:43:00 | INFO     | app.pricing.models:fit:320 - Calibration report: raw_brier=0.2303, cal_brier=0.17075
2026-04-08 01:43:00 | INFO     | app.pricing.models:fit:191 - Training LogisticRegression component...
2026-04-08 01:43:00 | INFO     | app.pricing.models:fit:193 - Training XGBoost component...
2026-04-08 01:43:00 | INFO     | app.pricing.calibration:fit:37 - Isotonic calibrator fitted.
2026-04-08 01:43:00 | INFO     | app.pricing.models:fit:320 - Calibration report: raw_brier=0.2086, cal_brier=0.1335
2026-04-08 01:43:00 | INFO     | app.pricing.models:fit:191 - Training LogisticRegression component...
2026-04-08 01:43:00 | INFO     | app.pricing.models:fit:193 - Training XGBoost component...
2026-04-08 01:43:00 | INFO     | app.pricing.calibration:fit:37 - Isotonic calibrator fitted.
2026-04-08 01:43:00 | INFO     | app.pricing.models:fit:320 - Calibration report: raw_brier=0.2004, cal_brier=0.12228
2026-04-08 01:43:00 | INFO     | app.pricing.models:fit:191 - Training LogisticRegression component...
2026-04-08 01:43:00 | INFO     | app.pricing.models:fit:193 - Training XGBoost component...
2026-04-08 01:43:00 | INFO     | app.pricing.calibration:fit:37 - Isotonic calibrator fitted.
2026-04-08 01:43:00 | INFO     | app.pricing.models:fit:320 - Calibration report: raw_brier=0.1925, cal_brier=0.13244
2026-04-08 01:43:00 | INFO     | app.pricing.models:fit:191 - Training LogisticRegression component...
2026-04-08 01:43:00 | INFO     | app.pricing.models:fit:193 - Training XGBoost component...
2026-04-08 01:43:01 | INFO     | app.pricing.calibration:fit:37 - Isotonic calibrator fitted.
2026-04-08 01:43:01 | INFO     | app.pricing.models:fit:320 - Calibration report: raw_brier=0.2339, cal_brier=0.14874
2026-04-08 01:43:01 | INFO     | app.pricing.models:fit:191 - Training LogisticRegression component...
2026-04-08 01:43:01 | INFO     | app.pricing.models:fit:193 - Training XGBoost component...
2026-04-08 01:43:01 | INFO     | app.pricing.calibration:fit:37 - Isotonic calibrator fitted.
2026-04-08 01:43:01 | INFO     | app.pricing.models:fit:320 - Calibration report: raw_brier=0.2833, cal_brier=0.15346
2026-04-08 01:43:01 | INFO     | app.pricing.models:fit:191 - Training LogisticRegression component...
2026-04-08 01:43:01 | INFO     | app.pricing.models:fit:193 - Training XGBoost component...
2026-04-08 01:43:01 | INFO     | app.pricing.calibration:fit:37 - Isotonic calibrator fitted.
2026-04-08 01:43:01 | INFO     | app.pricing.models:fit:320 - Calibration report: raw_brier=0.3282, cal_brier=0.14419
2026-04-08 01:43:01 | INFO     | app.pricing.models:fit:191 - Training LogisticRegression component...
2026-04-08 01:43:01 | INFO     | app.pricing.models:fit:193 - Training XGBoost component...
2026-04-08 01:43:01 | INFO     | app.pricing.calibration:fit:37 - Isotonic calibrator fitted.
2026-04-08 01:43:01 | INFO     | app.pricing.models:fit:320 - Calibration report: raw_brier=0.2638, cal_brier=0.10223
2026-04-08 01:43:01 | INFO     | app.pricing.models:fit:191 - Training LogisticRegression component...
2026-04-08 01:43:01 | INFO     | app.pricing.models:fit:193 - Training XGBoost component...
2026-04-08 01:43:01 | INFO     | app.pricing.calibration:fit:37 - Isotonic calibrator fitted.
2026-04-08 01:43:01 | INFO     | app.pricing.models:fit:320 - Calibration report: raw_brier=0.1943, cal_brier=0.06264
2026-04-08 01:43:01 | INFO     | app.pricing.models:fit:191 - Training LogisticRegression component...
2026-04-08 01:43:01 | INFO     | app.pricing.models:fit:193 - Training XGBoost component...
2026-04-08 01:43:01 | INFO     | app.pricing.calibration:fit:37 - Isotonic calibrator fitted.
2026-04-08 01:43:01 | INFO     | app.pricing.models:fit:320 - Calibration report: raw_brier=0.2165, cal_brier=0.07214
2026-04-08 01:43:01 | INFO     | app.pricing.models:fit:191 - Training LogisticRegression component...
2026-04-08 01:43:01 | INFO     | app.pricing.models:fit:193 - Training XGBoost component...
2026-04-08 01:43:01 | INFO     | app.pricing.calibration:fit:37 - Isotonic calibrator fitted.
2026-04-08 01:43:01 | INFO     | app.pricing.models:fit:320 - Calibration report: raw_brier=0.2484, cal_brier=0.07363
2026-04-08 01:43:01 | INFO     | app.pricing.models:fit:191 - Training LogisticRegression component...
2026-04-08 01:43:01 | INFO     | app.pricing.models:fit:193 - Training XGBoost component...
2026-04-08 01:43:01 | INFO     | app.pricing.calibration:fit:37 - Isotonic calibrator fitted.
2026-04-08 01:43:01 | INFO     | app.pricing.models:fit:320 - Calibration report: raw_brier=0.2725, cal_brier=0.07083
2026-04-08 01:43:01 | INFO     | app.pricing.models:fit:191 - Training LogisticRegression component...
2026-04-08 01:43:01 | INFO     | app.pricing.models:fit:193 - Training XGBoost component...
2026-04-08 01:43:01 | INFO     | app.pricing.calibration:fit:37 - Isotonic calibrator fitted.
2026-04-08 01:43:01 | INFO     | app.pricing.models:fit:320 - Calibration report: raw_brier=0.2989, cal_brier=0.09641
2026-04-08 01:43:01 | INFO     | app.pricing.models:fit:191 - Training LogisticRegression component...
2026-04-08 01:43:01 | INFO     | app.pricing.models:fit:193 - Training XGBoost component...
2026-04-08 01:43:01 | INFO     | app.pricing.calibration:fit:37 - Isotonic calibrator fitted.
2026-04-08 01:43:01 | INFO     | app.pricing.models:fit:320 - Calibration report: raw_brier=0.3297, cal_brier=0.15748
2026-04-08 01:43:01 | INFO     | app.pricing.models:fit:191 - Training LogisticRegression component...
2026-04-08 01:43:01 | INFO     | app.pricing.models:fit:193 - Training XGBoost component...
2026-04-08 01:43:01 | INFO     | app.pricing.calibration:fit:37 - Isotonic calibrator fitted.
2026-04-08 01:43:01 | INFO     | app.pricing.models:fit:320 - Calibration report: raw_brier=0.3336, cal_brier=0.17491
2026-04-08 01:43:02 | INFO     | app.pricing.models:fit:191 - Training LogisticRegression component...
2026-04-08 01:43:02 | INFO     | app.pricing.models:fit:193 - Training XGBoost component...
2026-04-08 01:43:02 | INFO     | app.pricing.calibration:fit:37 - Isotonic calibrator fitted.
2026-04-08 01:43:02 | INFO     | app.pricing.models:fit:320 - Calibration report: raw_brier=0.3286, cal_brier=0.18187
2026-04-08 01:43:02 | INFO     | app.pricing.models:fit:191 - Training LogisticRegression component...
2026-04-08 01:43:02 | INFO     | app.pricing.models:fit:193 - Training XGBoost component...
2026-04-08 01:43:02 | INFO     | app.pricing.calibration:fit:37 - Isotonic calibrator fitted.
2026-04-08 01:43:02 | INFO     | app.pricing.models:fit:320 - Calibration report: raw_brier=0.3224, cal_brier=0.17179
2026-04-08 01:43:02 | INFO     | app.pricing.models:fit:191 - Training LogisticRegression component...
2026-04-08 01:43:02 | INFO     | app.pricing.models:fit:193 - Training XGBoost component...
2026-04-08 01:43:02 | INFO     | app.pricing.calibration:fit:37 - Isotonic calibrator fitted.
2026-04-08 01:43:02 | INFO     | app.pricing.models:fit:320 - Calibration report: raw_brier=0.3179, cal_brier=0.16403
2026-04-08 01:43:02 | INFO     | app.pricing.models:fit:191 - Training LogisticRegression component...
2026-04-08 01:43:02 | INFO     | app.pricing.models:fit:193 - Training XGBoost component...
2026-04-08 01:43:02 | INFO     | app.pricing.calibration:fit:37 - Isotonic calibrator fitted.
2026-04-08 01:43:02 | INFO     | app.pricing.models:fit:320 - Calibration report: raw_brier=0.3255, cal_brier=0.14005
2026-04-08 01:43:02 | INFO     | app.pricing.models:fit:191 - Training LogisticRegression component...
2026-04-08 01:43:02 | INFO     | app.pricing.models:fit:193 - Training XGBoost component...
2026-04-08 01:43:02 | INFO     | app.pricing.calibration:fit:37 - Isotonic calibrator fitted.
2026-04-08 01:43:02 | INFO     | app.pricing.models:fit:320 - Calibration report: raw_brier=0.3398, cal_brier=0.13862
2026-04-08 01:43:02 | INFO     | app.pricing.models:fit:191 - Training LogisticRegression component...
2026-04-08 01:43:02 | INFO     | app.pricing.models:fit:193 - Training XGBoost component...
2026-04-08 01:43:02 | INFO     | app.pricing.calibration:fit:37 - Isotonic calibrator fitted.
2026-04-08 01:43:02 | INFO     | app.pricing.models:fit:320 - Calibration report: raw_brier=0.3293, cal_brier=0.14525
2026-04-08 01:43:02 | INFO     | app.pricing.models:fit:191 - Training LogisticRegression component...
2026-04-08 01:43:02 | INFO     | app.pricing.models:fit:193 - Training XGBoost component...
2026-04-08 01:43:02 | INFO     | app.pricing.calibration:fit:37 - Isotonic calibrator fitted.
2026-04-08 01:43:02 | INFO     | app.pricing.models:fit:320 - Calibration report: raw_brier=0.3263, cal_brier=0.17204
2026-04-08 01:43:02 | INFO     | app.pricing.models:fit:191 - Training LogisticRegression component...
2026-04-08 01:43:02 | INFO     | app.pricing.models:fit:193 - Training XGBoost component...
2026-04-08 01:43:02 | INFO     | app.pricing.calibration:fit:37 - Isotonic calibrator fitted.
2026-04-08 01:43:02 | INFO     | app.pricing.models:fit:320 - Calibration report: raw_brier=0.3213, cal_brier=0.1878
2026-04-08 01:43:02 | INFO     | app.pricing.models:fit:191 - Training LogisticRegression component...
2026-04-08 01:43:02 | INFO     | app.pricing.models:fit:193 - Training XGBoost component...
2026-04-08 01:43:02 | INFO     | app.pricing.calibration:fit:37 - Isotonic calibrator fitted.
2026-04-08 01:43:02 | INFO     | app.pricing.models:fit:320 - Calibration report: raw_brier=0.3406, cal_brier=0.20791
2026-04-08 01:43:02 | INFO     | app.pricing.models:fit:191 - Training LogisticRegression component...
2026-04-08 01:43:02 | INFO     | app.pricing.models:fit:193 - Training XGBoost component...
2026-04-08 01:43:03 | INFO     | app.pricing.calibration:fit:37 - Isotonic calibrator fitted.
2026-04-08 01:43:03 | INFO     | app.pricing.models:fit:320 - Calibration report: raw_brier=0.3087, cal_brier=0.21881
2026-04-08 01:43:03 | INFO     | app.pricing.models:fit:191 - Training LogisticRegression component...
2026-04-08 01:43:03 | INFO     | app.pricing.models:fit:193 - Training XGBoost component...
2026-04-08 01:43:03 | INFO     | app.pricing.calibration:fit:37 - Isotonic calibrator fitted.
2026-04-08 01:43:03 | INFO     | app.pricing.models:fit:320 - Calibration report: raw_brier=0.3283, cal_brier=0.21754
2026-04-08 01:43:03 | INFO     | app.pricing.models:fit:191 - Training LogisticRegression component...
2026-04-08 01:43:03 | INFO     | app.pricing.models:fit:193 - Training XGBoost component...
2026-04-08 01:43:03 | INFO     | app.pricing.calibration:fit:37 - Isotonic calibrator fitted.
2026-04-08 01:43:03 | INFO     | app.pricing.models:fit:320 - Calibration report: raw_brier=0.3423, cal_brier=0.21654
2026-04-08 01:43:03 | INFO     | app.pricing.models:fit:191 - Training LogisticRegression component...
2026-04-08 01:43:03 | INFO     | app.pricing.models:fit:193 - Training XGBoost component...
2026-04-08 01:43:03 | INFO     | app.pricing.calibration:fit:37 - Isotonic calibrator fitted.
2026-04-08 01:43:03 | INFO     | app.pricing.models:fit:320 - Calibration report: raw_brier=0.3356, cal_brier=0.20076
2026-04-08 01:43:03 | INFO     | app.pricing.models:fit:191 - Training LogisticRegression component...
2026-04-08 01:43:03 | INFO     | app.pricing.models:fit:193 - Training XGBoost component...
2026-04-08 01:43:03 | INFO     | app.pricing.calibration:fit:37 - Isotonic calibrator fitted.
2026-04-08 01:43:03 | INFO     | app.pricing.models:fit:320 - Calibration report: raw_brier=0.3358, cal_brier=0.19881
2026-04-08 01:43:03 | INFO     | app.pricing.models:fit:191 - Training LogisticRegression component...
2026-04-08 01:43:03 | INFO     | app.pricing.models:fit:193 - Training XGBoost component...
2026-04-08 01:43:03 | INFO     | app.pricing.calibration:fit:37 - Isotonic calibrator fitted.
2026-04-08 01:43:03 | INFO     | app.pricing.models:fit:320 - Calibration report: raw_brier=0.3344, cal_brier=0.19895
2026-04-08 01:43:03 | INFO     | app.pricing.models:fit:191 - Training LogisticRegression component...
2026-04-08 01:43:03 | INFO     | app.pricing.models:fit:193 - Training XGBoost component...
2026-04-08 01:43:03 | INFO     | app.pricing.calibration:fit:37 - Isotonic calibrator fitted.
2026-04-08 01:43:03 | INFO     | app.pricing.models:fit:320 - Calibration report: raw_brier=0.2667, cal_brier=0.20367
2026-04-08 01:43:03 | INFO     | app.pricing.models:fit:191 - Training LogisticRegression component...
2026-04-08 01:43:03 | INFO     | app.pricing.models:fit:193 - Training XGBoost component...
2026-04-08 01:43:03 | INFO     | app.pricing.calibration:fit:37 - Isotonic calibrator fitted.
2026-04-08 01:43:03 | INFO     | app.pricing.models:fit:320 - Calibration report: raw_brier=0.2438, cal_brier=0.18928
2026-04-08 01:43:03 | INFO     | app.pricing.models:fit:191 - Training LogisticRegression component...
2026-04-08 01:43:03 | INFO     | app.pricing.models:fit:193 - Training XGBoost component...
2026-04-08 01:43:03 | INFO     | app.pricing.calibration:fit:37 - Isotonic calibrator fitted.
2026-04-08 01:43:03 | INFO     | app.pricing.models:fit:320 - Calibration report: raw_brier=0.2628, cal_brier=0.19066
2026-04-08 01:43:03 | INFO     | app.pricing.models:fit:191 - Training LogisticRegression component...
2026-04-08 01:43:03 | INFO     | app.pricing.models:fit:193 - Training XGBoost component...
2026-04-08 01:43:03 | INFO     | app.pricing.calibration:fit:37 - Isotonic calibrator fitted.
2026-04-08 01:43:03 | INFO     | app.pricing.models:fit:320 - Calibration report: raw_brier=0.2969, cal_brier=0.20057
2026-04-08 01:43:03 | INFO     | app.pricing.models:fit:191 - Training LogisticRegression component...
2026-04-08 01:43:03 | INFO     | app.pricing.models:fit:193 - Training XGBoost component...
2026-04-08 01:43:03 | INFO     | app.pricing.calibration:fit:37 - Isotonic calibrator fitted.
2026-04-08 01:43:03 | INFO     | app.pricing.models:fit:320 - Calibration report: raw_brier=0.3339, cal_brier=0.21486
2026-04-08 01:43:03 | INFO     | app.pricing.models:fit:191 - Training LogisticRegression component...
2026-04-08 01:43:03 | INFO     | app.pricing.models:fit:193 - Training XGBoost component...
2026-04-08 01:43:03 | INFO     | app.pricing.calibration:fit:37 - Isotonic calibrator fitted.
2026-04-08 01:43:03 | INFO     | app.pricing.models:fit:320 - Calibration report: raw_brier=0.3597, cal_brier=0.22597
2026-04-08 01:43:03 | INFO     | app.pricing.models:fit:191 - Training LogisticRegression component...
2026-04-08 01:43:03 | INFO     | app.pricing.models:fit:193 - Training XGBoost component...
2026-04-08 01:43:04 | INFO     | app.pricing.calibration:fit:37 - Isotonic calibrator fitted.
2026-04-08 01:43:04 | INFO     | app.pricing.models:fit:320 - Calibration report: raw_brier=0.3884, cal_brier=0.23716
2026-04-08 01:43:04 | INFO     | app.pricing.models:fit:191 - Training LogisticRegression component...
2026-04-08 01:43:04 | INFO     | app.pricing.models:fit:193 - Training XGBoost component...
2026-04-08 01:43:04 | INFO     | app.pricing.calibration:fit:37 - Isotonic calibrator fitted.
2026-04-08 01:43:04 | INFO     | app.pricing.models:fit:320 - Calibration report: raw_brier=0.3599, cal_brier=0.2311
2026-04-08 01:43:04 | INFO     | app.pricing.models:fit:191 - Training LogisticRegression component...
2026-04-08 01:43:04 | INFO     | app.pricing.models:fit:193 - Training XGBoost component...
2026-04-08 01:43:04 | INFO     | app.pricing.calibration:fit:37 - Isotonic calibrator fitted.
2026-04-08 01:43:04 | INFO     | app.pricing.models:fit:320 - Calibration report: raw_brier=0.3569, cal_brier=0.2262
2026-04-08 01:43:04 | INFO     | app.pricing.models:fit:191 - Training LogisticRegression component...
2026-04-08 01:43:04 | INFO     | app.pricing.models:fit:193 - Training XGBoost component...
2026-04-08 01:43:04 | INFO     | app.pricing.calibration:fit:37 - Isotonic calibrator fitted.
2026-04-08 01:43:04 | INFO     | app.pricing.models:fit:320 - Calibration report: raw_brier=0.3517, cal_brier=0.22783
2026-04-08 01:43:04 | INFO     | app.pricing.models:fit:191 - Training LogisticRegression component...
2026-04-08 01:43:04 | INFO     | app.pricing.models:fit:193 - Training XGBoost component...
2026-04-08 01:43:04 | INFO     | app.pricing.calibration:fit:37 - Isotonic calibrator fitted.
2026-04-08 01:43:04 | INFO     | app.pricing.models:fit:320 - Calibration report: raw_brier=0.3504, cal_brier=0.23199
2026-04-08 01:43:04 | INFO     | app.pricing.models:fit:191 - Training LogisticRegression component...
2026-04-08 01:43:04 | INFO     | app.pricing.models:fit:193 - Training XGBoost component...
2026-04-08 01:43:04 | INFO     | app.pricing.calibration:fit:37 - Isotonic calibrator fitted.
2026-04-08 01:43:04 | INFO     | app.pricing.models:fit:320 - Calibration report: raw_brier=0.3572, cal_brier=0.23853
2026-04-08 01:43:04 | INFO     | app.pricing.models:fit:191 - Training LogisticRegression component...
2026-04-08 01:43:04 | INFO     | app.pricing.models:fit:193 - Training XGBoost component...
2026-04-08 01:43:04 | INFO     | app.pricing.calibration:fit:37 - Isotonic calibrator fitted.
2026-04-08 01:43:04 | INFO     | app.pricing.models:fit:320 - Calibration report: raw_brier=0.3608, cal_brier=0.23965
2026-04-08 01:43:04 | INFO     | app.pricing.models:fit:191 - Training LogisticRegression component...
2026-04-08 01:43:04 | INFO     | app.pricing.models:fit:193 - Training XGBoost component...
2026-04-08 01:43:04 | INFO     | app.pricing.calibration:fit:37 - Isotonic calibrator fitted.
2026-04-08 01:43:04 | INFO     | app.pricing.models:fit:320 - Calibration report: raw_brier=0.3392, cal_brier=0.23118
2026-04-08 01:43:04 | INFO     | app.pricing.models:fit:191 - Training LogisticRegression component...
2026-04-08 01:43:04 | INFO     | app.pricing.models:fit:193 - Training XGBoost component...
2026-04-08 01:43:04 | INFO     | app.pricing.calibration:fit:37 - Isotonic calibrator fitted.
2026-04-08 01:43:04 | INFO     | app.pricing.models:fit:320 - Calibration report: raw_brier=0.3128, cal_brier=0.21844
2026-04-08 01:43:04 | INFO     | app.pricing.models:fit:191 - Training LogisticRegression component...
2026-04-08 01:43:04 | INFO     | app.pricing.models:fit:193 - Training XGBoost component...
2026-04-08 01:43:04 | INFO     | app.pricing.calibration:fit:37 - Isotonic calibrator fitted.
2026-04-08 01:43:04 | INFO     | app.pricing.models:fit:320 - Calibration report: raw_brier=0.3176, cal_brier=0.20871
2026-04-08 01:43:04 | INFO     | app.pricing.models:fit:191 - Training LogisticRegression component...
2026-04-08 01:43:04 | INFO     | app.pricing.models:fit:193 - Training XGBoost component...
2026-04-08 01:43:04 | INFO     | app.pricing.calibration:fit:37 - Isotonic calibrator fitted.
2026-04-08 01:43:04 | INFO     | app.pricing.models:fit:320 - Calibration report: raw_brier=0.3328, cal_brier=0.21001
2026-04-08 01:43:04 | INFO     | app.pricing.models:fit:191 - Training LogisticRegression component...
2026-04-08 01:43:04 | INFO     | app.pricing.models:fit:193 - Training XGBoost component...
2026-04-08 01:43:04 | INFO     | app.pricing.calibration:fit:37 - Isotonic calibrator fitted.
2026-04-08 01:43:04 | INFO     | app.pricing.models:fit:320 - Calibration report: raw_brier=0.3545, cal_brier=0.22035
2026-04-08 01:43:04 | INFO     | app.pricing.models:fit:191 - Training LogisticRegression component...
2026-04-08 01:43:04 | INFO     | app.pricing.models:fit:193 - Training XGBoost component...
2026-04-08 01:43:05 | INFO     | app.pricing.calibration:fit:37 - Isotonic calibrator fitted.
2026-04-08 01:43:05 | INFO     | app.pricing.models:fit:320 - Calibration report: raw_brier=0.3739, cal_brier=0.22261
2026-04-08 01:43:05 | INFO     | app.pricing.models:fit:191 - Training LogisticRegression component...
2026-04-08 01:43:05 | INFO     | app.pricing.models:fit:193 - Training XGBoost component...
2026-04-08 01:43:05 | INFO     | app.pricing.calibration:fit:37 - Isotonic calibrator fitted.
2026-04-08 01:43:05 | INFO     | app.pricing.models:fit:320 - Calibration report: raw_brier=0.4039, cal_brier=0.22026
2026-04-08 01:43:05 | INFO     | app.pricing.models:fit:191 - Training LogisticRegression component...
2026-04-08 01:43:05 | INFO     | app.pricing.models:fit:193 - Training XGBoost component...
2026-04-08 01:43:05 | INFO     | app.pricing.calibration:fit:37 - Isotonic calibrator fitted.
2026-04-08 01:43:05 | INFO     | app.pricing.models:fit:320 - Calibration report: raw_brier=0.4141, cal_brier=0.22592
2026-04-08 01:43:05 | INFO     | app.pricing.models:fit:191 - Training LogisticRegression component...
2026-04-08 01:43:05 | INFO     | app.pricing.models:fit:193 - Training XGBoost component...
2026-04-08 01:43:05 | INFO     | app.pricing.calibration:fit:37 - Isotonic calibrator fitted.
2026-04-08 01:43:05 | INFO     | app.pricing.models:fit:320 - Calibration report: raw_brier=0.4253, cal_brier=0.23622
2026-04-08 01:43:05 | INFO     | app.pricing.models:fit:191 - Training LogisticRegression component...
2026-04-08 01:43:05 | INFO     | app.pricing.models:fit:193 - Training XGBoost component...
2026-04-08 01:43:05 | INFO     | app.pricing.calibration:fit:37 - Isotonic calibrator fitted.
2026-04-08 01:43:05 | INFO     | app.pricing.models:fit:320 - Calibration report: raw_brier=0.4249, cal_brier=0.24543
2026-04-08 01:43:05 | INFO     | app.pricing.models:fit:191 - Training LogisticRegression component...
2026-04-08 01:43:05 | INFO     | app.pricing.models:fit:193 - Training XGBoost component...
2026-04-08 01:43:05 | INFO     | app.pricing.calibration:fit:37 - Isotonic calibrator fitted.
2026-04-08 01:43:05 | INFO     | app.pricing.models:fit:320 - Calibration report: raw_brier=0.3412, cal_brier=0.24721
2026-04-08 01:43:05 | INFO     | app.pricing.models:fit:191 - Training LogisticRegression component...
2026-04-08 01:43:05 | INFO     | app.pricing.models:fit:193 - Training XGBoost component...
2026-04-08 01:43:05 | INFO     | app.pricing.calibration:fit:37 - Isotonic calibrator fitted.
2026-04-08 01:43:05 | INFO     | app.pricing.models:fit:320 - Calibration report: raw_brier=0.3540, cal_brier=0.24503
2026-04-08 01:43:05 | INFO     | app.pricing.models:fit:191 - Training LogisticRegression component...
2026-04-08 01:43:05 | INFO     | app.pricing.models:fit:193 - Training XGBoost component...
2026-04-08 01:43:05 | INFO     | app.pricing.calibration:fit:37 - Isotonic calibrator fitted.
2026-04-08 01:43:05 | INFO     | app.pricing.models:fit:320 - Calibration report: raw_brier=0.3708, cal_brier=0.24118
2026-04-08 01:43:05 | INFO     | app.pricing.models:fit:191 - Training LogisticRegression component...
2026-04-08 01:43:05 | INFO     | app.pricing.models:fit:193 - Training XGBoost component...
2026-04-08 01:43:05 | INFO     | app.pricing.calibration:fit:37 - Isotonic calibrator fitted.
2026-04-08 01:43:05 | INFO     | app.pricing.models:fit:320 - Calibration report: raw_brier=0.3563, cal_brier=0.23147
2026-04-08 01:43:05 | INFO     | app.pricing.models:fit:191 - Training LogisticRegression component...
2026-04-08 01:43:05 | INFO     | app.pricing.models:fit:193 - Training XGBoost component...
2026-04-08 01:43:05 | INFO     | app.pricing.calibration:fit:37 - Isotonic calibrator fitted.
2026-04-08 01:43:05 | INFO     | app.pricing.models:fit:320 - Calibration report: raw_brier=0.3298, cal_brier=0.2252
2026-04-08 01:43:05 | INFO     | app.pricing.models:fit:191 - Training LogisticRegression component...
2026-04-08 01:43:05 | INFO     | app.pricing.models:fit:193 - Training XGBoost component...
2026-04-08 01:43:05 | INFO     | app.pricing.calibration:fit:37 - Isotonic calibrator fitted.
2026-04-08 01:43:05 | INFO     | app.pricing.models:fit:320 - Calibration report: raw_brier=0.3185, cal_brier=0.21967
2026-04-08 01:43:05 | INFO     | app.pricing.models:fit:191 - Training LogisticRegression component...
2026-04-08 01:43:05 | INFO     | app.pricing.models:fit:193 - Training XGBoost component...
2026-04-08 01:43:05 | INFO     | app.pricing.calibration:fit:37 - Isotonic calibrator fitted.
2026-04-08 01:43:05 | INFO     | app.pricing.models:fit:320 - Calibration report: raw_brier=0.3053, cal_brier=0.22352
2026-04-08 01:43:05 | INFO     | app.pricing.models:fit:191 - Training LogisticRegression component...
2026-04-08 01:43:05 | INFO     | app.pricing.models:fit:193 - Training XGBoost component...
2026-04-08 01:43:06 | INFO     | app.pricing.calibration:fit:37 - Isotonic calibrator fitted.
2026-04-08 01:43:06 | INFO     | app.pricing.models:fit:320 - Calibration report: raw_brier=0.3195, cal_brier=0.2325
2026-04-08 01:43:06 | INFO     | app.pricing.models:fit:191 - Training LogisticRegression component...
2026-04-08 01:43:06 | INFO     | app.pricing.models:fit:193 - Training XGBoost component...
2026-04-08 01:43:06 | INFO     | app.pricing.calibration:fit:37 - Isotonic calibrator fitted.
2026-04-08 01:43:06 | INFO     | app.pricing.models:fit:320 - Calibration report: raw_brier=0.3456, cal_brier=0.22477
2026-04-08 01:43:06 | INFO     | app.pricing.models:fit:191 - Training LogisticRegression component...
2026-04-08 01:43:06 | INFO     | app.pricing.models:fit:193 - Training XGBoost component...
2026-04-08 01:43:06 | INFO     | app.pricing.calibration:fit:37 - Isotonic calibrator fitted.
2026-04-08 01:43:06 | INFO     | app.pricing.models:fit:320 - Calibration report: raw_brier=0.3570, cal_brier=0.22394
2026-04-08 01:43:06 | INFO     | app.pricing.models:fit:191 - Training LogisticRegression component...
2026-04-08 01:43:06 | INFO     | app.pricing.models:fit:193 - Training XGBoost component...
2026-04-08 01:43:06 | INFO     | app.pricing.calibration:fit:37 - Isotonic calibrator fitted.
2026-04-08 01:43:06 | INFO     | app.pricing.models:fit:320 - Calibration report: raw_brier=0.3456, cal_brier=0.22095
2026-04-08 01:43:06 | INFO     | app.pricing.models:fit:191 - Training LogisticRegression component...
2026-04-08 01:43:06 | INFO     | app.pricing.models:fit:193 - Training XGBoost component...
2026-04-08 01:43:06 | INFO     | app.pricing.calibration:fit:37 - Isotonic calibrator fitted.
2026-04-08 01:43:06 | INFO     | app.pricing.models:fit:320 - Calibration report: raw_brier=0.3578, cal_brier=0.22758
2026-04-08 01:43:06 | INFO     | app.pricing.models:fit:191 - Training LogisticRegression component...
2026-04-08 01:43:06 | INFO     | app.pricing.models:fit:193 - Training XGBoost component...
2026-04-08 01:43:06 | INFO     | app.pricing.calibration:fit:37 - Isotonic calibrator fitted.
2026-04-08 01:43:06 | INFO     | app.pricing.models:fit:320 - Calibration report: raw_brier=0.3515, cal_brier=0.22151
2026-04-08 01:43:06 | INFO     | app.pricing.models:fit:191 - Training LogisticRegression component...
2026-04-08 01:43:06 | INFO     | app.pricing.models:fit:193 - Training XGBoost component...
2026-04-08 01:43:06 | INFO     | app.pricing.calibration:fit:37 - Isotonic calibrator fitted.
2026-04-08 01:43:06 | INFO     | app.pricing.models:fit:320 - Calibration report: raw_brier=0.3331, cal_brier=0.21945
2026-04-08 01:43:06 | INFO     | app.pricing.models:fit:191 - Training LogisticRegression component...
2026-04-08 01:43:06 | INFO     | app.pricing.models:fit:193 - Training XGBoost component...
2026-04-08 01:43:06 | INFO     | app.pricing.calibration:fit:37 - Isotonic calibrator fitted.
2026-04-08 01:43:06 | INFO     | app.pricing.models:fit:320 - Calibration report: raw_brier=0.3165, cal_brier=0.22367
2026-04-08 01:43:06 | INFO     | app.pricing.models:fit:191 - Training LogisticRegression component...
2026-04-08 01:43:06 | INFO     | app.pricing.models:fit:193 - Training XGBoost component...
2026-04-08 01:43:06 | INFO     | app.pricing.calibration:fit:37 - Isotonic calibrator fitted.
2026-04-08 01:43:06 | INFO     | app.pricing.models:fit:320 - Calibration report: raw_brier=0.2989, cal_brier=0.21505
2026-04-08 01:43:06 | INFO     | app.pricing.models:fit:191 - Training LogisticRegression component...
2026-04-08 01:43:06 | INFO     | app.pricing.models:fit:193 - Training XGBoost component...
2026-04-08 01:43:06 | INFO     | app.pricing.calibration:fit:37 - Isotonic calibrator fitted.
2026-04-08 01:43:06 | INFO     | app.pricing.models:fit:320 - Calibration report: raw_brier=0.2737, cal_brier=0.2088
2026-04-08 01:43:06 | INFO     | app.pricing.models:fit:191 - Training LogisticRegression component...
2026-04-08 01:43:06 | INFO     | app.pricing.models:fit:193 - Training XGBoost component...
2026-04-08 01:43:06 | INFO     | app.pricing.calibration:fit:37 - Isotonic calibrator fitted.
2026-04-08 01:43:06 | INFO     | app.pricing.models:fit:320 - Calibration report: raw_brier=0.2504, cal_brier=0.19885
2026-04-08 01:43:06 | INFO     | app.pricing.models:fit:191 - Training LogisticRegression component...
2026-04-08 01:43:06 | INFO     | app.pricing.models:fit:193 - Training XGBoost component...
2026-04-08 01:43:07 | INFO     | app.pricing.calibration:fit:37 - Isotonic calibrator fitted.
2026-04-08 01:43:07 | INFO     | app.pricing.models:fit:320 - Calibration report: raw_brier=0.2458, cal_brier=0.19777
2026-04-08 01:43:07 | INFO     | app.pricing.models:fit:191 - Training LogisticRegression component...
2026-04-08 01:43:07 | INFO     | app.pricing.models:fit:193 - Training XGBoost component...
2026-04-08 01:43:07 | INFO     | app.pricing.calibration:fit:37 - Isotonic calibrator fitted.
2026-04-08 01:43:07 | INFO     | app.pricing.models:fit:320 - Calibration report: raw_brier=0.2530, cal_brier=0.20213
2026-04-08 01:43:07 | INFO     | app.pricing.models:fit:191 - Training LogisticRegression component...
2026-04-08 01:43:07 | INFO     | app.pricing.models:fit:193 - Training XGBoost component...
2026-04-08 01:43:07 | INFO     | app.pricing.calibration:fit:37 - Isotonic calibrator fitted.
2026-04-08 01:43:07 | INFO     | app.pricing.models:fit:320 - Calibration report: raw_brier=0.2285, cal_brier=0.1666
2026-04-08 01:43:07 | INFO     | app.pricing.models:fit:191 - Training LogisticRegression component...
2026-04-08 01:43:07 | INFO     | app.pricing.models:fit:193 - Training XGBoost component...
2026-04-08 01:43:07 | INFO     | app.pricing.calibration:fit:37 - Isotonic calibrator fitted.
2026-04-08 01:43:07 | INFO     | app.pricing.models:fit:320 - Calibration report: raw_brier=0.2279, cal_brier=0.17258
2026-04-08 01:43:07 | INFO     | app.pricing.models:fit:191 - Training LogisticRegression component...
2026-04-08 01:43:07 | INFO     | app.pricing.models:fit:193 - Training XGBoost component...
2026-04-08 01:43:07 | INFO     | app.pricing.calibration:fit:37 - Isotonic calibrator fitted.
2026-04-08 01:43:07 | INFO     | app.pricing.models:fit:320 - Calibration report: raw_brier=0.2259, cal_brier=0.16624
2026-04-08 01:43:07 | INFO     | app.pricing.models:fit:191 - Training LogisticRegression component...
2026-04-08 01:43:07 | INFO     | app.pricing.models:fit:193 - Training XGBoost component...
2026-04-08 01:43:07 | INFO     | app.pricing.calibration:fit:37 - Isotonic calibrator fitted.
2026-04-08 01:43:07 | INFO     | app.pricing.models:fit:320 - Calibration report: raw_brier=0.2318, cal_brier=0.18078
2026-04-08 01:43:07 | INFO     | app.pricing.models:fit:191 - Training LogisticRegression component...
2026-04-08 01:43:07 | INFO     | app.pricing.models:fit:193 - Training XGBoost component...
2026-04-08 01:43:07 | INFO     | app.pricing.calibration:fit:37 - Isotonic calibrator fitted.
2026-04-08 01:43:07 | INFO     | app.pricing.models:fit:320 - Calibration report: raw_brier=0.2442, cal_brier=0.19977
2026-04-08 01:43:07 | INFO     | app.pricing.models:fit:191 - Training LogisticRegression component...
2026-04-08 01:43:07 | INFO     | app.pricing.models:fit:193 - Training XGBoost component...
2026-04-08 01:43:07 | INFO     | app.pricing.calibration:fit:37 - Isotonic calibrator fitted.
2026-04-08 01:43:07 | INFO     | app.pricing.models:fit:320 - Calibration report: raw_brier=0.2436, cal_brier=0.2017
2026-04-08 01:43:07 | INFO     | app.pricing.models:fit:191 - Training LogisticRegression component...
2026-04-08 01:43:07 | INFO     | app.pricing.models:fit:193 - Training XGBoost component...
2026-04-08 01:43:07 | INFO     | app.pricing.calibration:fit:37 - Isotonic calibrator fitted.
2026-04-08 01:43:07 | INFO     | app.pricing.models:fit:320 - Calibration report: raw_brier=0.2125, cal_brier=0.17663
2026-04-08 01:43:07 | INFO     | app.pricing.models:fit:191 - Training LogisticRegression component...
2026-04-08 01:43:07 | INFO     | app.pricing.models:fit:193 - Training XGBoost component...
2026-04-08 01:43:07 | INFO     | app.pricing.calibration:fit:37 - Isotonic calibrator fitted.
2026-04-08 01:43:07 | INFO     | app.pricing.models:fit:320 - Calibration report: raw_brier=0.2078, cal_brier=0.16332
2026-04-08 01:43:07 | INFO     | app.pricing.models:fit:191 - Training LogisticRegression component...
2026-04-08 01:43:07 | INFO     | app.pricing.models:fit:193 - Training XGBoost component...
2026-04-08 01:43:07 | INFO     | app.pricing.calibration:fit:37 - Isotonic calibrator fitted.
2026-04-08 01:43:07 | INFO     | app.pricing.models:fit:320 - Calibration report: raw_brier=0.2081, cal_brier=0.16595
2026-04-08 01:43:07 | INFO     | app.pricing.models:fit:191 - Training LogisticRegression component...
2026-04-08 01:43:07 | INFO     | app.pricing.models:fit:193 - Training XGBoost component...
2026-04-08 01:43:08 | INFO     | app.pricing.calibration:fit:37 - Isotonic calibrator fitted.
2026-04-08 01:43:08 | INFO     | app.pricing.models:fit:320 - Calibration report: raw_brier=0.2074, cal_brier=0.16758
2026-04-08 01:43:08 | INFO     | app.pricing.models:fit:191 - Training LogisticRegression component...
2026-04-08 01:43:08 | INFO     | app.pricing.models:fit:193 - Training XGBoost component...
2026-04-08 01:43:08 | INFO     | app.pricing.calibration:fit:37 - Isotonic calibrator fitted.
2026-04-08 01:43:08 | INFO     | app.pricing.models:fit:320 - Calibration report: raw_brier=0.2008, cal_brier=0.15043
2026-04-08 01:43:08 | INFO     | app.services.backtest:run:209 - [cb0be388] Backtest complete. Brier: 0.2337, LogLoss: 1.3545, Accuracy: 61.6%
2026-04-08 01:43:08 | INFO     | app.api.routes:run_backtest:163 - API: Running backtest...
2026-04-08 01:43:08 | INFO     | app.services.backtest:run:54 - [e92ae2d9] Starting walk-forward backtest...
2026-04-08 01:43:08 | INFO     | app.features.pipeline:get_team_features:442 - Building team feature matrix...
2026-04-08 01:43:08 | INFO     | app.features.pipeline:get_team_features:444 - Team features shape: (1800, 87)
2026-04-08 01:43:08 | INFO     | app.services.backtest:run:66 - Backtest on 1575 samples with 71 features.
2026-04-08 01:43:08 | INFO     | app.pricing.models:fit:191 - Training LogisticRegression component...
2026-04-08 01:43:08 | WARNING  | app.services.backtest:run:109 - Training failed at fold 30: This solver needs samples of at least 2 classes in the data, but the data contains only one class: 0
2026-04-08 01:43:08 | INFO     | app.pricing.models:fit:191 - Training LogisticRegression component...
2026-04-08 01:43:08 | INFO     | app.pricing.models:fit:193 - Training XGBoost component...
2026-04-08 01:43:08 | INFO     | app.pricing.calibration:fit:37 - Isotonic calibrator fitted.
2026-04-08 01:43:08 | WARNING  | app.services.backtest:run:109 - Training failed at fold 39: y_true contains only one label (1). Please provide the true labels explicitly through the labels argument.
2026-04-08 01:43:08 | INFO     | app.pricing.models:fit:191 - Training LogisticRegression component...
2026-04-08 01:43:08 | INFO     | app.pricing.models:fit:193 - Training XGBoost component...
2026-04-08 01:43:08 | INFO     | app.pricing.calibration:fit:37 - Isotonic calibrator fitted.
2026-04-08 01:43:08 | WARNING  | app.services.backtest:run:109 - Training failed at fold 48: y_true contains only one label (1). Please provide the true labels explicitly through the labels argument.
2026-04-08 01:43:08 | INFO     | app.pricing.models:fit:191 - Training LogisticRegression component...
2026-04-08 01:43:08 | INFO     | app.pricing.models:fit:193 - Training XGBoost component...
2026-04-08 01:43:08 | INFO     | app.pricing.calibration:fit:37 - Isotonic calibrator fitted.
2026-04-08 01:43:08 | INFO     | app.pricing.models:fit:320 - Calibration report: raw_brier=0.0812, cal_brier=0.0
2026-04-08 01:43:08 | INFO     | app.pricing.models:fit:191 - Training LogisticRegression component...
2026-04-08 01:43:08 | INFO     | app.pricing.models:fit:193 - Training XGBoost component...
2026-04-08 01:43:08 | INFO     | app.pricing.calibration:fit:37 - Isotonic calibrator fitted.
2026-04-08 01:43:08 | WARNING  | app.services.backtest:run:109 - Training failed at fold 66: y_true contains only one label (0). Please provide the true labels explicitly through the labels argument.
2026-04-08 01:43:08 | INFO     | app.pricing.models:fit:191 - Training LogisticRegression component...
2026-04-08 01:43:08 | INFO     | app.pricing.models:fit:193 - Training XGBoost component...
2026-04-08 01:43:08 | INFO     | app.pricing.calibration:fit:37 - Isotonic calibrator fitted.
2026-04-08 01:43:08 | WARNING  | app.services.backtest:run:109 - Training failed at fold 75: y_true contains only one label (0). Please provide the true labels explicitly through the labels argument.
2026-04-08 01:43:08 | INFO     | app.pricing.models:fit:191 - Training LogisticRegression component...
2026-04-08 01:43:08 | INFO     | app.pricing.models:fit:193 - Training XGBoost component...
2026-04-08 01:43:08 | INFO     | app.pricing.calibration:fit:37 - Isotonic calibrator fitted.
2026-04-08 01:43:08 | INFO     | app.pricing.models:fit:320 - Calibration report: raw_brier=0.4042, cal_brier=0.0
2026-04-08 01:43:08 | INFO     | app.pricing.models:fit:191 - Training LogisticRegression component...
2026-04-08 01:43:08 | INFO     | app.pricing.models:fit:193 - Training XGBoost component...
2026-04-08 01:43:08 | INFO     | app.pricing.calibration:fit:37 - Isotonic calibrator fitted.
2026-04-08 01:43:08 | WARNING  | app.services.backtest:run:109 - Training failed at fold 93: y_true contains only one label (1). Please provide the true labels explicitly through the labels argument.
2026-04-08 01:43:08 | INFO     | app.pricing.models:fit:191 - Training LogisticRegression component...
2026-04-08 01:43:08 | INFO     | app.pricing.models:fit:193 - Training XGBoost component...
2026-04-08 01:43:08 | INFO     | app.pricing.calibration:fit:37 - Isotonic calibrator fitted.
2026-04-08 01:43:08 | WARNING  | app.services.backtest:run:109 - Training failed at fold 102: y_true contains only one label (1). Please provide the true labels explicitly through the labels argument.
2026-04-08 01:43:08 | INFO     | app.pricing.models:fit:191 - Training LogisticRegression component...
2026-04-08 01:43:08 | INFO     | app.pricing.models:fit:193 - Training XGBoost component...
2026-04-08 01:43:08 | INFO     | app.pricing.calibration:fit:37 - Isotonic calibrator fitted.
2026-04-08 01:43:08 | WARNING  | app.services.backtest:run:109 - Training failed at fold 111: y_true contains only one label (1). Please provide the true labels explicitly through the labels argument.
2026-04-08 01:43:08 | INFO     | app.pricing.models:fit:191 - Training LogisticRegression component...
2026-04-08 01:43:08 | INFO     | app.pricing.models:fit:193 - Training XGBoost component...
2026-04-08 01:43:08 | INFO     | app.pricing.calibration:fit:37 - Isotonic calibrator fitted.
2026-04-08 01:43:08 | WARNING  | app.services.backtest:run:109 - Training failed at fold 120: y_true contains only one label (1). Please provide the true labels explicitly through the labels argument.
2026-04-08 01:43:08 | INFO     | app.pricing.models:fit:191 - Training LogisticRegression component...
2026-04-08 01:43:08 | INFO     | app.pricing.models:fit:193 - Training XGBoost component...
2026-04-08 01:43:08 | INFO     | app.pricing.calibration:fit:37 - Isotonic calibrator fitted.
2026-04-08 01:43:08 | WARNING  | app.services.backtest:run:109 - Training failed at fold 129: y_true contains only one label (1). Please provide the true labels explicitly through the labels argument.
2026-04-08 01:43:08 | INFO     | app.pricing.models:fit:191 - Training LogisticRegression component...
2026-04-08 01:43:08 | INFO     | app.pricing.models:fit:193 - Training XGBoost component...
2026-04-08 01:43:08 | INFO     | app.pricing.calibration:fit:37 - Isotonic calibrator fitted.
2026-04-08 01:43:08 | WARNING  | app.services.backtest:run:109 - Training failed at fold 138: y_true contains only one label (1). Please provide the true labels explicitly through the labels argument.
2026-04-08 01:43:08 | INFO     | app.pricing.models:fit:191 - Training LogisticRegression component...
2026-04-08 01:43:08 | INFO     | app.pricing.models:fit:193 - Training XGBoost component...
2026-04-08 01:43:08 | INFO     | app.pricing.calibration:fit:37 - Isotonic calibrator fitted.
2026-04-08 01:43:08 | WARNING  | app.services.backtest:run:109 - Training failed at fold 147: y_true contains only one label (1). Please provide the true labels explicitly through the labels argument.
2026-04-08 01:43:08 | INFO     | app.pricing.models:fit:191 - Training LogisticRegression component...
2026-04-08 01:43:08 | INFO     | app.pricing.models:fit:193 - Training XGBoost component...
2026-04-08 01:43:08 | INFO     | app.pricing.calibration:fit:37 - Isotonic calibrator fitted.
2026-04-08 01:43:08 | WARNING  | app.services.backtest:run:109 - Training failed at fold 156: y_true contains only one label (1). Please provide the true labels explicitly through the labels argument.
2026-04-08 01:43:08 | INFO     | app.pricing.models:fit:191 - Training LogisticRegression component...
2026-04-08 01:43:08 | INFO     | app.pricing.models:fit:193 - Training XGBoost component...
2026-04-08 01:43:08 | INFO     | app.pricing.calibration:fit:37 - Isotonic calibrator fitted.
2026-04-08 01:43:08 | WARNING  | app.services.backtest:run:109 - Training failed at fold 165: y_true contains only one label (1). Please provide the true labels explicitly through the labels argument.
2026-04-08 01:43:08 | INFO     | app.pricing.models:fit:191 - Training LogisticRegression component...
2026-04-08 01:43:08 | INFO     | app.pricing.models:fit:193 - Training XGBoost component...
2026-04-08 01:43:08 | INFO     | app.pricing.calibration:fit:37 - Isotonic calibrator fitted.
2026-04-08 01:43:08 | WARNING  | app.services.backtest:run:109 - Training failed at fold 174: y_true contains only one label (1). Please provide the true labels explicitly through the labels argument.
2026-04-08 01:43:08 | INFO     | app.pricing.models:fit:191 - Training LogisticRegression component...
2026-04-08 01:43:08 | INFO     | app.pricing.models:fit:193 - Training XGBoost component...
2026-04-08 01:43:08 | INFO     | app.pricing.calibration:fit:37 - Isotonic calibrator fitted.
2026-04-08 01:43:08 | WARNING  | app.services.backtest:run:109 - Training failed at fold 183: y_true contains only one label (1). Please provide the true labels explicitly through the labels argument.
2026-04-08 01:43:08 | INFO     | app.pricing.models:fit:191 - Training LogisticRegression component...
2026-04-08 01:43:08 | INFO     | app.pricing.models:fit:193 - Training XGBoost component...
2026-04-08 01:43:08 | INFO     | app.pricing.calibration:fit:37 - Isotonic calibrator fitted.
2026-04-08 01:43:08 | WARNING  | app.services.backtest:run:109 - Training failed at fold 192: y_true contains only one label (1). Please provide the true labels explicitly through the labels argument.
2026-04-08 01:43:08 | INFO     | app.pricing.models:fit:191 - Training LogisticRegression component...
2026-04-08 01:43:08 | INFO     | app.pricing.models:fit:193 - Training XGBoost component...
2026-04-08 01:43:08 | INFO     | app.pricing.calibration:fit:37 - Isotonic calibrator fitted.
2026-04-08 01:43:08 | INFO     | app.pricing.models:fit:320 - Calibration report: raw_brier=0.2745, cal_brier=0.0
2026-04-08 01:43:08 | INFO     | app.pricing.models:fit:191 - Training LogisticRegression component...
2026-04-08 01:43:08 | INFO     | app.pricing.models:fit:193 - Training XGBoost component...
2026-04-08 01:43:08 | INFO     | app.pricing.calibration:fit:37 - Isotonic calibrator fitted.
2026-04-08 01:43:08 | INFO     | app.pricing.models:fit:320 - Calibration report: raw_brier=0.0858, cal_brier=0.0
2026-04-08 01:43:08 | INFO     | app.pricing.models:fit:191 - Training LogisticRegression component...
2026-04-08 01:43:08 | INFO     | app.pricing.models:fit:193 - Training XGBoost component...
2026-04-08 01:43:08 | INFO     | app.pricing.calibration:fit:37 - Isotonic calibrator fitted.
2026-04-08 01:43:08 | INFO     | app.pricing.models:fit:320 - Calibration report: raw_brier=0.1797, cal_brier=0.02083
2026-04-08 01:43:08 | INFO     | app.pricing.models:fit:191 - Training LogisticRegression component...
2026-04-08 01:43:08 | INFO     | app.pricing.models:fit:193 - Training XGBoost component...
2026-04-08 01:43:08 | INFO     | app.pricing.calibration:fit:37 - Isotonic calibrator fitted.
2026-04-08 01:43:08 | INFO     | app.pricing.models:fit:320 - Calibration report: raw_brier=0.2736, cal_brier=0.0743
2026-04-08 01:43:09 | INFO     | app.pricing.models:fit:191 - Training LogisticRegression component...
2026-04-08 01:43:09 | INFO     | app.pricing.models:fit:193 - Training XGBoost component...
2026-04-08 01:43:09 | INFO     | app.pricing.calibration:fit:37 - Isotonic calibrator fitted.
2026-04-08 01:43:09 | INFO     | app.pricing.models:fit:320 - Calibration report: raw_brier=0.2910, cal_brier=0.18719
2026-04-08 01:43:09 | INFO     | app.pricing.models:fit:191 - Training LogisticRegression component...
2026-04-08 01:43:09 | INFO     | app.pricing.models:fit:193 - Training XGBoost component...
2026-04-08 01:43:09 | INFO     | app.pricing.calibration:fit:37 - Isotonic calibrator fitted.
2026-04-08 01:43:09 | INFO     | app.pricing.models:fit:320 - Calibration report: raw_brier=0.2415, cal_brier=0.1291
2026-04-08 01:43:09 | INFO     | app.pricing.models:fit:191 - Training LogisticRegression component...
2026-04-08 01:43:09 | INFO     | app.pricing.models:fit:193 - Training XGBoost component...
2026-04-08 01:43:09 | INFO     | app.pricing.calibration:fit:37 - Isotonic calibrator fitted.
2026-04-08 01:43:09 | INFO     | app.pricing.models:fit:320 - Calibration report: raw_brier=0.2954, cal_brier=0.0
2026-04-08 01:43:09 | INFO     | app.pricing.models:fit:191 - Training LogisticRegression component...
2026-04-08 01:43:09 | INFO     | app.pricing.models:fit:193 - Training XGBoost component...
2026-04-08 01:43:09 | INFO     | app.pricing.calibration:fit:37 - Isotonic calibrator fitted.
2026-04-08 01:43:09 | WARNING  | app.services.backtest:run:109 - Training failed at fold 264: y_true contains only one label (1). Please provide the true labels explicitly through the labels argument.
2026-04-08 01:43:09 | INFO     | app.pricing.models:fit:191 - Training LogisticRegression component...
2026-04-08 01:43:09 | INFO     | app.pricing.models:fit:193 - Training XGBoost component...
2026-04-08 01:43:09 | INFO     | app.pricing.calibration:fit:37 - Isotonic calibrator fitted.
2026-04-08 01:43:09 | WARNING  | app.services.backtest:run:109 - Training failed at fold 273: y_true contains only one label (1). Please provide the true labels explicitly through the labels argument.
2026-04-08 01:43:09 | INFO     | app.pricing.models:fit:191 - Training LogisticRegression component...
2026-04-08 01:43:09 | INFO     | app.pricing.models:fit:193 - Training XGBoost component...
2026-04-08 01:43:09 | INFO     | app.pricing.calibration:fit:37 - Isotonic calibrator fitted.
2026-04-08 01:43:09 | INFO     | app.pricing.models:fit:320 - Calibration report: raw_brier=0.1899, cal_brier=0.12346
2026-04-08 01:43:09 | INFO     | app.pricing.models:fit:191 - Training LogisticRegression component...
2026-04-08 01:43:09 | INFO     | app.pricing.models:fit:193 - Training XGBoost component...
2026-04-08 01:43:09 | INFO     | app.pricing.calibration:fit:37 - Isotonic calibrator fitted.
2026-04-08 01:43:09 | INFO     | app.pricing.models:fit:320 - Calibration report: raw_brier=0.2550, cal_brier=0.20672
2026-04-08 01:43:09 | INFO     | app.pricing.models:fit:191 - Training LogisticRegression component...
2026-04-08 01:43:09 | INFO     | app.pricing.models:fit:193 - Training XGBoost component...
2026-04-08 01:43:09 | INFO     | app.pricing.calibration:fit:37 - Isotonic calibrator fitted.
2026-04-08 01:43:09 | INFO     | app.pricing.models:fit:320 - Calibration report: raw_brier=0.1862, cal_brier=0.0
2026-04-08 01:43:09 | INFO     | app.pricing.models:fit:191 - Training LogisticRegression component...
2026-04-08 01:43:09 | INFO     | app.pricing.models:fit:193 - Training XGBoost component...
2026-04-08 01:43:09 | INFO     | app.pricing.calibration:fit:37 - Isotonic calibrator fitted.
2026-04-08 01:43:09 | INFO     | app.pricing.models:fit:320 - Calibration report: raw_brier=0.2176, cal_brier=0.0
2026-04-08 01:43:09 | INFO     | app.pricing.models:fit:191 - Training LogisticRegression component...
2026-04-08 01:43:09 | INFO     | app.pricing.models:fit:193 - Training XGBoost component...
2026-04-08 01:43:09 | INFO     | app.pricing.calibration:fit:37 - Isotonic calibrator fitted.
2026-04-08 01:43:09 | INFO     | app.pricing.models:fit:320 - Calibration report: raw_brier=0.2711, cal_brier=0.0
2026-04-08 01:43:09 | INFO     | app.pricing.models:fit:191 - Training LogisticRegression component...
2026-04-08 01:43:09 | INFO     | app.pricing.models:fit:193 - Training XGBoost component...
2026-04-08 01:43:09 | INFO     | app.pricing.calibration:fit:37 - Isotonic calibrator fitted.
2026-04-08 01:43:09 | INFO     | app.pricing.models:fit:320 - Calibration report: raw_brier=0.1966, cal_brier=0.03401
2026-04-08 01:43:09 | INFO     | app.pricing.models:fit:191 - Training LogisticRegression component...
2026-04-08 01:43:09 | INFO     | app.pricing.models:fit:193 - Training XGBoost component...
2026-04-08 01:43:09 | INFO     | app.pricing.calibration:fit:37 - Isotonic calibrator fitted.
2026-04-08 01:43:09 | INFO     | app.pricing.models:fit:320 - Calibration report: raw_brier=0.2168, cal_brier=0.10476
2026-04-08 01:43:09 | INFO     | app.pricing.models:fit:191 - Training LogisticRegression component...
2026-04-08 01:43:09 | INFO     | app.pricing.models:fit:193 - Training XGBoost component...
2026-04-08 01:43:09 | INFO     | app.pricing.calibration:fit:37 - Isotonic calibrator fitted.
2026-04-08 01:43:09 | INFO     | app.pricing.models:fit:320 - Calibration report: raw_brier=0.2485, cal_brier=0.13072
2026-04-08 01:43:09 | INFO     | app.pricing.models:fit:191 - Training LogisticRegression component...
2026-04-08 01:43:09 | INFO     | app.pricing.models:fit:193 - Training XGBoost component...
2026-04-08 01:43:09 | INFO     | app.pricing.calibration:fit:37 - Isotonic calibrator fitted.
2026-04-08 01:43:09 | INFO     | app.pricing.models:fit:320 - Calibration report: raw_brier=0.2220, cal_brier=0.0
2026-04-08 01:43:09 | INFO     | app.pricing.models:fit:191 - Training LogisticRegression component...
2026-04-08 01:43:10 | INFO     | app.pricing.models:fit:193 - Training XGBoost component...
2026-04-08 01:43:10 | INFO     | app.pricing.calibration:fit:37 - Isotonic calibrator fitted.
2026-04-08 01:43:10 | INFO     | app.pricing.models:fit:320 - Calibration report: raw_brier=0.2341, cal_brier=0.0
2026-04-08 01:43:10 | INFO     | app.pricing.models:fit:191 - Training LogisticRegression component...
2026-04-08 01:43:10 | INFO     | app.pricing.models:fit:193 - Training XGBoost component...
2026-04-08 01:43:10 | INFO     | app.pricing.calibration:fit:37 - Isotonic calibrator fitted.
2026-04-08 01:43:10 | INFO     | app.pricing.models:fit:320 - Calibration report: raw_brier=0.2259, cal_brier=0.0
2026-04-08 01:43:10 | INFO     | app.pricing.models:fit:191 - Training LogisticRegression component...
2026-04-08 01:43:10 | INFO     | app.pricing.models:fit:193 - Training XGBoost component...
2026-04-08 01:43:10 | INFO     | app.pricing.calibration:fit:37 - Isotonic calibrator fitted.
2026-04-08 01:43:10 | INFO     | app.pricing.models:fit:320 - Calibration report: raw_brier=0.2464, cal_brier=0.0
2026-04-08 01:43:10 | INFO     | app.pricing.models:fit:191 - Training LogisticRegression component...
2026-04-08 01:43:10 | INFO     | app.pricing.models:fit:193 - Training XGBoost component...
2026-04-08 01:43:10 | INFO     | app.pricing.calibration:fit:37 - Isotonic calibrator fitted.
2026-04-08 01:43:10 | INFO     | app.pricing.models:fit:320 - Calibration report: raw_brier=0.0576, cal_brier=0.0
2026-04-08 01:43:10 | INFO     | app.pricing.models:fit:191 - Training LogisticRegression component...
2026-04-08 01:43:10 | INFO     | app.pricing.models:fit:193 - Training XGBoost component...
2026-04-08 01:43:10 | INFO     | app.pricing.calibration:fit:37 - Isotonic calibrator fitted.
2026-04-08 01:43:10 | INFO     | app.pricing.models:fit:320 - Calibration report: raw_brier=0.0629, cal_brier=0.0
2026-04-08 01:43:10 | INFO     | app.pricing.models:fit:191 - Training LogisticRegression component...
2026-04-08 01:43:10 | INFO     | app.pricing.models:fit:193 - Training XGBoost component...
2026-04-08 01:43:10 | INFO     | app.pricing.calibration:fit:37 - Isotonic calibrator fitted.
2026-04-08 01:43:10 | INFO     | app.pricing.models:fit:320 - Calibration report: raw_brier=0.1686, cal_brier=0.0082
2026-04-08 01:43:10 | INFO     | app.pricing.models:fit:191 - Training LogisticRegression component...
2026-04-08 01:43:10 | INFO     | app.pricing.models:fit:193 - Training XGBoost component...
2026-04-08 01:43:10 | INFO     | app.pricing.calibration:fit:37 - Isotonic calibrator fitted.
2026-04-08 01:43:10 | INFO     | app.pricing.models:fit:320 - Calibration report: raw_brier=0.2343, cal_brier=0.0
2026-04-08 01:43:10 | INFO     | app.pricing.models:fit:191 - Training LogisticRegression component...
2026-04-08 01:43:10 | INFO     | app.pricing.models:fit:193 - Training XGBoost component...
2026-04-08 01:43:10 | INFO     | app.pricing.calibration:fit:37 - Isotonic calibrator fitted.
2026-04-08 01:43:10 | INFO     | app.pricing.models:fit:320 - Calibration report: raw_brier=0.3268, cal_brier=0.0
2026-04-08 01:43:10 | INFO     | app.pricing.models:fit:191 - Training LogisticRegression component...
2026-04-08 01:43:10 | INFO     | app.pricing.models:fit:193 - Training XGBoost component...
2026-04-08 01:43:10 | INFO     | app.pricing.calibration:fit:37 - Isotonic calibrator fitted.
2026-04-08 01:43:10 | INFO     | app.pricing.models:fit:320 - Calibration report: raw_brier=0.3492, cal_brier=0.01538
2026-04-08 01:43:10 | INFO     | app.pricing.models:fit:191 - Training LogisticRegression component...
2026-04-08 01:43:10 | INFO     | app.pricing.models:fit:193 - Training XGBoost component...
2026-04-08 01:43:11 | INFO     | app.pricing.calibration:fit:37 - Isotonic calibrator fitted.
2026-04-08 01:43:11 | INFO     | app.pricing.models:fit:320 - Calibration report: raw_brier=0.3766, cal_brier=0.0
2026-04-08 01:43:11 | INFO     | app.pricing.models:fit:191 - Training LogisticRegression component...
2026-04-08 01:43:11 | INFO     | app.pricing.models:fit:193 - Training XGBoost component...
2026-04-08 01:43:11 | INFO     | app.pricing.calibration:fit:37 - Isotonic calibrator fitted.
2026-04-08 01:43:11 | INFO     | app.pricing.models:fit:320 - Calibration report: raw_brier=0.4094, cal_brier=0.04224
2026-04-08 01:43:11 | INFO     | app.pricing.models:fit:191 - Training LogisticRegression component...
2026-04-08 01:43:11 | INFO     | app.pricing.models:fit:193 - Training XGBoost component...
2026-04-08 01:43:11 | INFO     | app.pricing.calibration:fit:37 - Isotonic calibrator fitted.
2026-04-08 01:43:11 | INFO     | app.pricing.models:fit:320 - Calibration report: raw_brier=0.4372, cal_brier=0.14025
2026-04-08 01:43:11 | INFO     | app.pricing.models:fit:191 - Training LogisticRegression component...
2026-04-08 01:43:11 | INFO     | app.pricing.models:fit:193 - Training XGBoost component...
2026-04-08 01:43:11 | INFO     | app.pricing.calibration:fit:37 - Isotonic calibrator fitted.
2026-04-08 01:43:11 | INFO     | app.pricing.models:fit:320 - Calibration report: raw_brier=0.3405, cal_brier=0.21
2026-04-08 01:43:11 | INFO     | app.pricing.models:fit:191 - Training LogisticRegression component...
2026-04-08 01:43:11 | INFO     | app.pricing.models:fit:193 - Training XGBoost component...
2026-04-08 01:43:11 | INFO     | app.pricing.calibration:fit:37 - Isotonic calibrator fitted.
2026-04-08 01:43:11 | INFO     | app.pricing.models:fit:320 - Calibration report: raw_brier=0.2975, cal_brier=0.21368
2026-04-08 01:43:11 | INFO     | app.pricing.models:fit:191 - Training LogisticRegression component...
2026-04-08 01:43:11 | INFO     | app.pricing.models:fit:193 - Training XGBoost component...
2026-04-08 01:43:11 | INFO     | app.pricing.calibration:fit:37 - Isotonic calibrator fitted.
2026-04-08 01:43:11 | INFO     | app.pricing.models:fit:320 - Calibration report: raw_brier=0.2836, cal_brier=0.17459
2026-04-08 01:43:11 | INFO     | app.pricing.models:fit:191 - Training LogisticRegression component...
2026-04-08 01:43:11 | INFO     | app.pricing.models:fit:193 - Training XGBoost component...
2026-04-08 01:43:11 | INFO     | app.pricing.calibration:fit:37 - Isotonic calibrator fitted.
2026-04-08 01:43:11 | INFO     | app.pricing.models:fit:320 - Calibration report: raw_brier=0.2790, cal_brier=0.16892
2026-04-08 01:43:11 | INFO     | app.pricing.models:fit:191 - Training LogisticRegression component...
2026-04-08 01:43:11 | INFO     | app.pricing.models:fit:193 - Training XGBoost component...
2026-04-08 01:43:11 | INFO     | app.pricing.calibration:fit:37 - Isotonic calibrator fitted.
2026-04-08 01:43:11 | INFO     | app.pricing.models:fit:320 - Calibration report: raw_brier=0.1970, cal_brier=0.0
2026-04-08 01:43:11 | INFO     | app.pricing.models:fit:191 - Training LogisticRegression component...
2026-04-08 01:43:11 | INFO     | app.pricing.models:fit:193 - Training XGBoost component...
2026-04-08 01:43:11 | INFO     | app.pricing.calibration:fit:37 - Isotonic calibrator fitted.
2026-04-08 01:43:11 | INFO     | app.pricing.models:fit:320 - Calibration report: raw_brier=0.1959, cal_brier=0.0
2026-04-08 01:43:11 | INFO     | app.pricing.models:fit:191 - Training LogisticRegression component...
2026-04-08 01:43:11 | INFO     | app.pricing.models:fit:193 - Training XGBoost component...
2026-04-08 01:43:11 | INFO     | app.pricing.calibration:fit:37 - Isotonic calibrator fitted.
2026-04-08 01:43:11 | INFO     | app.pricing.models:fit:320 - Calibration report: raw_brier=0.1941, cal_brier=0.0
2026-04-08 01:43:11 | INFO     | app.pricing.models:fit:191 - Training LogisticRegression component...
2026-04-08 01:43:11 | INFO     | app.pricing.models:fit:193 - Training XGBoost component...
2026-04-08 01:43:11 | INFO     | app.pricing.calibration:fit:37 - Isotonic calibrator fitted.
2026-04-08 01:43:11 | INFO     | app.pricing.models:fit:320 - Calibration report: raw_brier=0.1086, cal_brier=0.05833
2026-04-08 01:43:11 | INFO     | app.pricing.models:fit:191 - Training LogisticRegression component...
2026-04-08 01:43:11 | INFO     | app.pricing.models:fit:193 - Training XGBoost component...
2026-04-08 01:43:11 | INFO     | app.pricing.calibration:fit:37 - Isotonic calibrator fitted.
2026-04-08 01:43:11 | INFO     | app.pricing.models:fit:320 - Calibration report: raw_brier=0.1075, cal_brier=0.04891
2026-04-08 01:43:11 | INFO     | app.pricing.models:fit:191 - Training LogisticRegression component...
2026-04-08 01:43:11 | INFO     | app.pricing.models:fit:193 - Training XGBoost component...
2026-04-08 01:43:11 | INFO     | app.pricing.calibration:fit:37 - Isotonic calibrator fitted.
2026-04-08 01:43:11 | INFO     | app.pricing.models:fit:320 - Calibration report: raw_brier=0.1218, cal_brier=0.05127
2026-04-08 01:43:11 | INFO     | app.pricing.models:fit:191 - Training LogisticRegression component...
2026-04-08 01:43:11 | INFO     | app.pricing.models:fit:193 - Training XGBoost component...
2026-04-08 01:43:11 | INFO     | app.pricing.calibration:fit:37 - Isotonic calibrator fitted.
2026-04-08 01:43:11 | INFO     | app.pricing.models:fit:320 - Calibration report: raw_brier=0.1240, cal_brier=0.05238
2026-04-08 01:43:11 | INFO     | app.pricing.models:fit:191 - Training LogisticRegression component...
2026-04-08 01:43:11 | INFO     | app.pricing.models:fit:193 - Training XGBoost component...
2026-04-08 01:43:11 | INFO     | app.pricing.calibration:fit:37 - Isotonic calibrator fitted.
2026-04-08 01:43:11 | INFO     | app.pricing.models:fit:320 - Calibration report: raw_brier=0.1152, cal_brier=0.04891
2026-04-08 01:43:12 | INFO     | app.pricing.models:fit:191 - Training LogisticRegression component...
2026-04-08 01:43:12 | INFO     | app.pricing.models:fit:193 - Training XGBoost component...
2026-04-08 01:43:12 | INFO     | app.pricing.calibration:fit:37 - Isotonic calibrator fitted.
2026-04-08 01:43:12 | INFO     | app.pricing.models:fit:320 - Calibration report: raw_brier=0.1129, cal_brier=0.04189
2026-04-08 01:43:12 | INFO     | app.pricing.models:fit:191 - Training LogisticRegression component...
2026-04-08 01:43:12 | INFO     | app.pricing.models:fit:193 - Training XGBoost component...
2026-04-08 01:43:12 | INFO     | app.pricing.calibration:fit:37 - Isotonic calibrator fitted.
2026-04-08 01:43:12 | INFO     | app.pricing.models:fit:320 - Calibration report: raw_brier=0.1172, cal_brier=0.04754
2026-04-08 01:43:12 | INFO     | app.pricing.models:fit:191 - Training LogisticRegression component...
2026-04-08 01:43:12 | INFO     | app.pricing.models:fit:193 - Training XGBoost component...
2026-04-08 01:43:12 | INFO     | app.pricing.calibration:fit:37 - Isotonic calibrator fitted.
2026-04-08 01:43:12 | INFO     | app.pricing.models:fit:320 - Calibration report: raw_brier=0.0954, cal_brier=0.00749
2026-04-08 01:43:12 | INFO     | app.pricing.models:fit:191 - Training LogisticRegression component...
2026-04-08 01:43:12 | INFO     | app.pricing.models:fit:193 - Training XGBoost component...
2026-04-08 01:43:12 | INFO     | app.pricing.calibration:fit:37 - Isotonic calibrator fitted.
2026-04-08 01:43:12 | INFO     | app.pricing.models:fit:320 - Calibration report: raw_brier=0.0916, cal_brier=0.0
2026-04-08 01:43:12 | INFO     | app.pricing.models:fit:191 - Training LogisticRegression component...
2026-04-08 01:43:12 | INFO     | app.pricing.models:fit:193 - Training XGBoost component...
2026-04-08 01:43:12 | INFO     | app.pricing.calibration:fit:37 - Isotonic calibrator fitted.
2026-04-08 01:43:12 | INFO     | app.pricing.models:fit:320 - Calibration report: raw_brier=0.0848, cal_brier=0.0
2026-04-08 01:43:12 | INFO     | app.pricing.models:fit:191 - Training LogisticRegression component...
2026-04-08 01:43:12 | INFO     | app.pricing.models:fit:193 - Training XGBoost component...
2026-04-08 01:43:12 | INFO     | app.pricing.calibration:fit:37 - Isotonic calibrator fitted.
2026-04-08 01:43:12 | INFO     | app.pricing.models:fit:320 - Calibration report: raw_brier=0.0309, cal_brier=0.0
2026-04-08 01:43:12 | INFO     | app.pricing.models:fit:191 - Training LogisticRegression component...
2026-04-08 01:43:12 | INFO     | app.pricing.models:fit:193 - Training XGBoost component...
2026-04-08 01:43:12 | INFO     | app.pricing.calibration:fit:37 - Isotonic calibrator fitted.
2026-04-08 01:43:12 | INFO     | app.pricing.models:fit:320 - Calibration report: raw_brier=0.0406, cal_brier=0.0
2026-04-08 01:43:12 | INFO     | app.pricing.models:fit:191 - Training LogisticRegression component...
2026-04-08 01:43:12 | INFO     | app.pricing.models:fit:193 - Training XGBoost component...
2026-04-08 01:43:12 | INFO     | app.pricing.calibration:fit:37 - Isotonic calibrator fitted.
2026-04-08 01:43:12 | INFO     | app.pricing.models:fit:320 - Calibration report: raw_brier=0.0533, cal_brier=0.0
2026-04-08 01:43:12 | INFO     | app.pricing.models:fit:191 - Training LogisticRegression component...
2026-04-08 01:43:12 | INFO     | app.pricing.models:fit:193 - Training XGBoost component...
2026-04-08 01:43:12 | INFO     | app.pricing.calibration:fit:37 - Isotonic calibrator fitted.
2026-04-08 01:43:12 | INFO     | app.pricing.models:fit:320 - Calibration report: raw_brier=0.0738, cal_brier=0.00773
2026-04-08 01:43:12 | INFO     | app.pricing.models:fit:191 - Training LogisticRegression component...
2026-04-08 01:43:12 | INFO     | app.pricing.models:fit:193 - Training XGBoost component...
2026-04-08 01:43:12 | INFO     | app.pricing.calibration:fit:37 - Isotonic calibrator fitted.
2026-04-08 01:43:12 | INFO     | app.pricing.models:fit:320 - Calibration report: raw_brier=0.0942, cal_brier=0.0
2026-04-08 01:43:12 | INFO     | app.pricing.models:fit:191 - Training LogisticRegression component...
2026-04-08 01:43:12 | INFO     | app.pricing.models:fit:193 - Training XGBoost component...
2026-04-08 01:43:12 | INFO     | app.pricing.calibration:fit:37 - Isotonic calibrator fitted.
2026-04-08 01:43:12 | INFO     | app.pricing.models:fit:320 - Calibration report: raw_brier=0.1150, cal_brier=0.00889
2026-04-08 01:43:12 | INFO     | app.pricing.models:fit:191 - Training LogisticRegression component...
2026-04-08 01:43:12 | INFO     | app.pricing.models:fit:193 - Training XGBoost component...
2026-04-08 01:43:12 | INFO     | app.pricing.calibration:fit:37 - Isotonic calibrator fitted.
2026-04-08 01:43:12 | INFO     | app.pricing.models:fit:320 - Calibration report: raw_brier=0.1376, cal_brier=0.06542
2026-04-08 01:43:12 | INFO     | app.pricing.models:fit:191 - Training LogisticRegression component...
2026-04-08 01:43:12 | INFO     | app.pricing.models:fit:193 - Training XGBoost component...
2026-04-08 01:43:12 | INFO     | app.pricing.calibration:fit:37 - Isotonic calibrator fitted.
2026-04-08 01:43:12 | INFO     | app.pricing.models:fit:320 - Calibration report: raw_brier=0.1630, cal_brier=0.14324
2026-04-08 01:43:12 | INFO     | app.pricing.models:fit:191 - Training LogisticRegression component...
2026-04-08 01:43:12 | INFO     | app.pricing.models:fit:193 - Training XGBoost component...
2026-04-08 01:43:12 | INFO     | app.pricing.calibration:fit:37 - Isotonic calibrator fitted.
2026-04-08 01:43:12 | INFO     | app.pricing.models:fit:320 - Calibration report: raw_brier=0.1870, cal_brier=0.15574
2026-04-08 01:43:12 | INFO     | app.pricing.models:fit:191 - Training LogisticRegression component...
2026-04-08 01:43:12 | INFO     | app.pricing.models:fit:193 - Training XGBoost component...
2026-04-08 01:43:12 | INFO     | app.pricing.calibration:fit:37 - Isotonic calibrator fitted.
2026-04-08 01:43:12 | INFO     | app.pricing.models:fit:320 - Calibration report: raw_brier=0.1975, cal_brier=0.15873
2026-04-08 01:43:12 | INFO     | app.pricing.models:fit:191 - Training LogisticRegression component...
2026-04-08 01:43:12 | INFO     | app.pricing.models:fit:193 - Training XGBoost component...
2026-04-08 01:43:13 | INFO     | app.pricing.calibration:fit:37 - Isotonic calibrator fitted.
2026-04-08 01:43:13 | INFO     | app.pricing.models:fit:320 - Calibration report: raw_brier=0.2041, cal_brier=0.15576
2026-04-08 01:43:13 | INFO     | app.pricing.models:fit:191 - Training LogisticRegression component...
2026-04-08 01:43:13 | INFO     | app.pricing.models:fit:193 - Training XGBoost component...
2026-04-08 01:43:13 | INFO     | app.pricing.calibration:fit:37 - Isotonic calibrator fitted.
2026-04-08 01:43:13 | INFO     | app.pricing.models:fit:320 - Calibration report: raw_brier=0.2078, cal_brier=0.15432
2026-04-08 01:43:13 | INFO     | app.pricing.models:fit:191 - Training LogisticRegression component...
2026-04-08 01:43:13 | INFO     | app.pricing.models:fit:193 - Training XGBoost component...
2026-04-08 01:43:13 | INFO     | app.pricing.calibration:fit:37 - Isotonic calibrator fitted.
2026-04-08 01:43:13 | INFO     | app.pricing.models:fit:320 - Calibration report: raw_brier=0.2056, cal_brier=0.15291
2026-04-08 01:43:13 | INFO     | app.pricing.models:fit:191 - Training LogisticRegression component...
2026-04-08 01:43:13 | INFO     | app.pricing.models:fit:193 - Training XGBoost component...
2026-04-08 01:43:13 | INFO     | app.pricing.calibration:fit:37 - Isotonic calibrator fitted.
2026-04-08 01:43:13 | INFO     | app.pricing.models:fit:320 - Calibration report: raw_brier=0.1683, cal_brier=0.11482
2026-04-08 01:43:13 | INFO     | app.pricing.models:fit:191 - Training LogisticRegression component...
2026-04-08 01:43:13 | INFO     | app.pricing.models:fit:193 - Training XGBoost component...
2026-04-08 01:43:13 | INFO     | app.pricing.calibration:fit:37 - Isotonic calibrator fitted.
2026-04-08 01:43:13 | INFO     | app.pricing.models:fit:320 - Calibration report: raw_brier=0.1706, cal_brier=0.1138
2026-04-08 01:43:13 | INFO     | app.pricing.models:fit:191 - Training LogisticRegression component...
2026-04-08 01:43:13 | INFO     | app.pricing.models:fit:193 - Training XGBoost component...
2026-04-08 01:43:13 | INFO     | app.pricing.calibration:fit:37 - Isotonic calibrator fitted.
2026-04-08 01:43:13 | INFO     | app.pricing.models:fit:320 - Calibration report: raw_brier=0.1819, cal_brier=0.12911
2026-04-08 01:43:13 | INFO     | app.pricing.models:fit:191 - Training LogisticRegression component...
2026-04-08 01:43:13 | INFO     | app.pricing.models:fit:193 - Training XGBoost component...
2026-04-08 01:43:13 | INFO     | app.pricing.calibration:fit:37 - Isotonic calibrator fitted.
2026-04-08 01:43:13 | INFO     | app.pricing.models:fit:320 - Calibration report: raw_brier=0.2176, cal_brier=0.122
2026-04-08 01:43:13 | INFO     | app.pricing.models:fit:191 - Training LogisticRegression component...
2026-04-08 01:43:13 | INFO     | app.pricing.models:fit:193 - Training XGBoost component...
2026-04-08 01:43:13 | INFO     | app.pricing.calibration:fit:37 - Isotonic calibrator fitted.
2026-04-08 01:43:13 | INFO     | app.pricing.models:fit:320 - Calibration report: raw_brier=0.2446, cal_brier=0.1343
2026-04-08 01:43:13 | INFO     | app.pricing.models:fit:191 - Training LogisticRegression component...
2026-04-08 01:43:13 | INFO     | app.pricing.models:fit:193 - Training XGBoost component...
2026-04-08 01:43:13 | INFO     | app.pricing.calibration:fit:37 - Isotonic calibrator fitted.
2026-04-08 01:43:13 | INFO     | app.pricing.models:fit:320 - Calibration report: raw_brier=0.2383, cal_brier=0.12256
2026-04-08 01:43:13 | INFO     | app.pricing.models:fit:191 - Training LogisticRegression component...
2026-04-08 01:43:13 | INFO     | app.pricing.models:fit:193 - Training XGBoost component...
2026-04-08 01:43:13 | INFO     | app.pricing.calibration:fit:37 - Isotonic calibrator fitted.
2026-04-08 01:43:13 | INFO     | app.pricing.models:fit:320 - Calibration report: raw_brier=0.2142, cal_brier=0.14006
2026-04-08 01:43:13 | INFO     | app.pricing.models:fit:191 - Training LogisticRegression component...
2026-04-08 01:43:13 | INFO     | app.pricing.models:fit:193 - Training XGBoost component...
2026-04-08 01:43:13 | INFO     | app.pricing.calibration:fit:37 - Isotonic calibrator fitted.
2026-04-08 01:43:13 | INFO     | app.pricing.models:fit:320 - Calibration report: raw_brier=0.1990, cal_brier=0.10817
2026-04-08 01:43:13 | INFO     | app.pricing.models:fit:191 - Training LogisticRegression component...
2026-04-08 01:43:13 | INFO     | app.pricing.models:fit:193 - Training XGBoost component...
2026-04-08 01:43:14 | INFO     | app.pricing.calibration:fit:37 - Isotonic calibrator fitted.
2026-04-08 01:43:14 | INFO     | app.pricing.models:fit:320 - Calibration report: raw_brier=0.2093, cal_brier=0.15169
2026-04-08 01:43:14 | INFO     | app.pricing.models:fit:191 - Training LogisticRegression component...
2026-04-08 01:43:14 | INFO     | app.pricing.models:fit:193 - Training XGBoost component...
2026-04-08 01:43:14 | INFO     | app.pricing.calibration:fit:37 - Isotonic calibrator fitted.
2026-04-08 01:43:14 | INFO     | app.pricing.models:fit:320 - Calibration report: raw_brier=0.2303, cal_brier=0.17075
2026-04-08 01:43:14 | INFO     | app.pricing.models:fit:191 - Training LogisticRegression component...
2026-04-08 01:43:14 | INFO     | app.pricing.models:fit:193 - Training XGBoost component...
2026-04-08 01:43:14 | INFO     | app.pricing.calibration:fit:37 - Isotonic calibrator fitted.
2026-04-08 01:43:14 | INFO     | app.pricing.models:fit:320 - Calibration report: raw_brier=0.2086, cal_brier=0.1335
2026-04-08 01:43:14 | INFO     | app.pricing.models:fit:191 - Training LogisticRegression component...
2026-04-08 01:43:14 | INFO     | app.pricing.models:fit:193 - Training XGBoost component...
2026-04-08 01:43:14 | INFO     | app.pricing.calibration:fit:37 - Isotonic calibrator fitted.
2026-04-08 01:43:14 | INFO     | app.pricing.models:fit:320 - Calibration report: raw_brier=0.2004, cal_brier=0.12228
2026-04-08 01:43:14 | INFO     | app.pricing.models:fit:191 - Training LogisticRegression component...
2026-04-08 01:43:14 | INFO     | app.pricing.models:fit:193 - Training XGBoost component...
2026-04-08 01:43:14 | INFO     | app.pricing.calibration:fit:37 - Isotonic calibrator fitted.
2026-04-08 01:43:14 | INFO     | app.pricing.models:fit:320 - Calibration report: raw_brier=0.1925, cal_brier=0.13244
2026-04-08 01:43:14 | INFO     | app.pricing.models:fit:191 - Training LogisticRegression component...
2026-04-08 01:43:14 | INFO     | app.pricing.models:fit:193 - Training XGBoost component...
2026-04-08 01:43:14 | INFO     | app.pricing.calibration:fit:37 - Isotonic calibrator fitted.
2026-04-08 01:43:14 | INFO     | app.pricing.models:fit:320 - Calibration report: raw_brier=0.2339, cal_brier=0.14874
2026-04-08 01:43:14 | INFO     | app.pricing.models:fit:191 - Training LogisticRegression component...
2026-04-08 01:43:14 | INFO     | app.pricing.models:fit:193 - Training XGBoost component...
2026-04-08 01:43:14 | INFO     | app.pricing.calibration:fit:37 - Isotonic calibrator fitted.
2026-04-08 01:43:14 | INFO     | app.pricing.models:fit:320 - Calibration report: raw_brier=0.2833, cal_brier=0.15346
2026-04-08 01:43:14 | INFO     | app.pricing.models:fit:191 - Training LogisticRegression component...
2026-04-08 01:43:14 | INFO     | app.pricing.models:fit:193 - Training XGBoost component...
2026-04-08 01:43:14 | INFO     | app.pricing.calibration:fit:37 - Isotonic calibrator fitted.
2026-04-08 01:43:14 | INFO     | app.pricing.models:fit:320 - Calibration report: raw_brier=0.3282, cal_brier=0.14419
2026-04-08 01:43:14 | INFO     | app.pricing.models:fit:191 - Training LogisticRegression component...
2026-04-08 01:43:14 | INFO     | app.pricing.models:fit:193 - Training XGBoost component...
2026-04-08 01:43:14 | INFO     | app.pricing.calibration:fit:37 - Isotonic calibrator fitted.
2026-04-08 01:43:14 | INFO     | app.pricing.models:fit:320 - Calibration report: raw_brier=0.2638, cal_brier=0.10223
2026-04-08 01:43:14 | INFO     | app.pricing.models:fit:191 - Training LogisticRegression component...
2026-04-08 01:43:14 | INFO     | app.pricing.models:fit:193 - Training XGBoost component...
2026-04-08 01:43:14 | INFO     | app.pricing.calibration:fit:37 - Isotonic calibrator fitted.
2026-04-08 01:43:14 | INFO     | app.pricing.models:fit:320 - Calibration report: raw_brier=0.1943, cal_brier=0.06264
2026-04-08 01:43:14 | INFO     | app.pricing.models:fit:191 - Training LogisticRegression component...
2026-04-08 01:43:14 | INFO     | app.pricing.models:fit:193 - Training XGBoost component...
2026-04-08 01:43:14 | INFO     | app.pricing.calibration:fit:37 - Isotonic calibrator fitted.
2026-04-08 01:43:14 | INFO     | app.pricing.models:fit:320 - Calibration report: raw_brier=0.2165, cal_brier=0.07214
2026-04-08 01:43:14 | INFO     | app.pricing.models:fit:191 - Training LogisticRegression component...
2026-04-08 01:43:14 | INFO     | app.pricing.models:fit:193 - Training XGBoost component...
2026-04-08 01:43:15 | INFO     | app.pricing.calibration:fit:37 - Isotonic calibrator fitted.
2026-04-08 01:43:15 | INFO     | app.pricing.models:fit:320 - Calibration report: raw_brier=0.2484, cal_brier=0.07363
2026-04-08 01:43:15 | INFO     | app.pricing.models:fit:191 - Training LogisticRegression component...
2026-04-08 01:43:15 | INFO     | app.pricing.models:fit:193 - Training XGBoost component...
2026-04-08 01:43:15 | INFO     | app.pricing.calibration:fit:37 - Isotonic calibrator fitted.
2026-04-08 01:43:15 | INFO     | app.pricing.models:fit:320 - Calibration report: raw_brier=0.2725, cal_brier=0.07083
2026-04-08 01:43:15 | INFO     | app.pricing.models:fit:191 - Training LogisticRegression component...
2026-04-08 01:43:15 | INFO     | app.pricing.models:fit:193 - Training XGBoost component...
2026-04-08 01:43:15 | INFO     | app.pricing.calibration:fit:37 - Isotonic calibrator fitted.
2026-04-08 01:43:15 | INFO     | app.pricing.models:fit:320 - Calibration report: raw_brier=0.2989, cal_brier=0.09641
2026-04-08 01:43:15 | INFO     | app.pricing.models:fit:191 - Training LogisticRegression component...
2026-04-08 01:43:15 | INFO     | app.pricing.models:fit:193 - Training XGBoost component...
2026-04-08 01:43:15 | INFO     | app.pricing.calibration:fit:37 - Isotonic calibrator fitted.
2026-04-08 01:43:15 | INFO     | app.pricing.models:fit:320 - Calibration report: raw_brier=0.3297, cal_brier=0.15748
2026-04-08 01:43:15 | INFO     | app.pricing.models:fit:191 - Training LogisticRegression component...
2026-04-08 01:43:15 | INFO     | app.pricing.models:fit:193 - Training XGBoost component...
2026-04-08 01:43:15 | INFO     | app.pricing.calibration:fit:37 - Isotonic calibrator fitted.
2026-04-08 01:43:15 | INFO     | app.pricing.models:fit:320 - Calibration report: raw_brier=0.3336, cal_brier=0.17491
2026-04-08 01:43:15 | INFO     | app.pricing.models:fit:191 - Training LogisticRegression component...
2026-04-08 01:43:15 | INFO     | app.pricing.models:fit:193 - Training XGBoost component...
2026-04-08 01:43:15 | INFO     | app.pricing.calibration:fit:37 - Isotonic calibrator fitted.
2026-04-08 01:43:15 | INFO     | app.pricing.models:fit:320 - Calibration report: raw_brier=0.3286, cal_brier=0.18187
2026-04-08 01:43:15 | INFO     | app.pricing.models:fit:191 - Training LogisticRegression component...
2026-04-08 01:43:15 | INFO     | app.pricing.models:fit:193 - Training XGBoost component...
2026-04-08 01:43:15 | INFO     | app.pricing.calibration:fit:37 - Isotonic calibrator fitted.
2026-04-08 01:43:15 | INFO     | app.pricing.models:fit:320 - Calibration report: raw_brier=0.3224, cal_brier=0.17179
2026-04-08 01:43:15 | INFO     | app.pricing.models:fit:191 - Training LogisticRegression component...
2026-04-08 01:43:15 | INFO     | app.pricing.models:fit:193 - Training XGBoost component...
2026-04-08 01:43:15 | INFO     | app.pricing.calibration:fit:37 - Isotonic calibrator fitted.
2026-04-08 01:43:15 | INFO     | app.pricing.models:fit:320 - Calibration report: raw_brier=0.3179, cal_brier=0.16403
2026-04-08 01:43:15 | INFO     | app.pricing.models:fit:191 - Training LogisticRegression component...
2026-04-08 01:43:15 | INFO     | app.pricing.models:fit:193 - Training XGBoost component...
2026-04-08 01:43:15 | INFO     | app.pricing.calibration:fit:37 - Isotonic calibrator fitted.
2026-04-08 01:43:15 | INFO     | app.pricing.models:fit:320 - Calibration report: raw_brier=0.3255, cal_brier=0.14005
2026-04-08 01:43:15 | INFO     | app.pricing.models:fit:191 - Training LogisticRegression component...
2026-04-08 01:43:15 | INFO     | app.pricing.models:fit:193 - Training XGBoost component...
2026-04-08 01:43:15 | INFO     | app.pricing.calibration:fit:37 - Isotonic calibrator fitted.
2026-04-08 01:43:15 | INFO     | app.pricing.models:fit:320 - Calibration report: raw_brier=0.3398, cal_brier=0.13862
2026-04-08 01:43:15 | INFO     | app.pricing.models:fit:191 - Training LogisticRegression component...
2026-04-08 01:43:15 | INFO     | app.pricing.models:fit:193 - Training XGBoost component...
2026-04-08 01:43:15 | INFO     | app.pricing.calibration:fit:37 - Isotonic calibrator fitted.
2026-04-08 01:43:15 | INFO     | app.pricing.models:fit:320 - Calibration report: raw_brier=0.3293, cal_brier=0.14525
2026-04-08 01:43:15 | INFO     | app.pricing.models:fit:191 - Training LogisticRegression component...
2026-04-08 01:43:15 | INFO     | app.pricing.models:fit:193 - Training XGBoost component...
2026-04-08 01:43:15 | INFO     | app.pricing.calibration:fit:37 - Isotonic calibrator fitted.
2026-04-08 01:43:15 | INFO     | app.pricing.models:fit:320 - Calibration report: raw_brier=0.3263, cal_brier=0.17204
2026-04-08 01:43:15 | INFO     | app.pricing.models:fit:191 - Training LogisticRegression component...
2026-04-08 01:43:15 | INFO     | app.pricing.models:fit:193 - Training XGBoost component...
2026-04-08 01:43:15 | INFO     | app.pricing.calibration:fit:37 - Isotonic calibrator fitted.
2026-04-08 01:43:15 | INFO     | app.pricing.models:fit:320 - Calibration report: raw_brier=0.3213, cal_brier=0.1878
2026-04-08 01:43:15 | INFO     | app.pricing.models:fit:191 - Training LogisticRegression component...
2026-04-08 01:43:15 | INFO     | app.pricing.models:fit:193 - Training XGBoost component...
2026-04-08 01:43:15 | INFO     | app.pricing.calibration:fit:37 - Isotonic calibrator fitted.
2026-04-08 01:43:15 | INFO     | app.pricing.models:fit:320 - Calibration report: raw_brier=0.3406, cal_brier=0.20791
2026-04-08 01:43:15 | INFO     | app.pricing.models:fit:191 - Training LogisticRegression component...
2026-04-08 01:43:16 | INFO     | app.pricing.models:fit:193 - Training XGBoost component...
2026-04-08 01:43:16 | INFO     | app.pricing.calibration:fit:37 - Isotonic calibrator fitted.
2026-04-08 01:43:16 | INFO     | app.pricing.models:fit:320 - Calibration report: raw_brier=0.3087, cal_brier=0.21881
2026-04-08 01:43:16 | INFO     | app.pricing.models:fit:191 - Training LogisticRegression component...
2026-04-08 01:43:16 | INFO     | app.pricing.models:fit:193 - Training XGBoost component...
2026-04-08 01:43:16 | INFO     | app.pricing.calibration:fit:37 - Isotonic calibrator fitted.
2026-04-08 01:43:16 | INFO     | app.pricing.models:fit:320 - Calibration report: raw_brier=0.3283, cal_brier=0.21754
2026-04-08 01:43:16 | INFO     | app.pricing.models:fit:191 - Training LogisticRegression component...
2026-04-08 01:43:16 | INFO     | app.pricing.models:fit:193 - Training XGBoost component...
2026-04-08 01:43:16 | INFO     | app.pricing.calibration:fit:37 - Isotonic calibrator fitted.
2026-04-08 01:43:16 | INFO     | app.pricing.models:fit:320 - Calibration report: raw_brier=0.3423, cal_brier=0.21654
2026-04-08 01:43:16 | INFO     | app.pricing.models:fit:191 - Training LogisticRegression component...
2026-04-08 01:43:16 | INFO     | app.pricing.models:fit:193 - Training XGBoost component...
2026-04-08 01:43:16 | INFO     | app.pricing.calibration:fit:37 - Isotonic calibrator fitted.
2026-04-08 01:43:16 | INFO     | app.pricing.models:fit:320 - Calibration report: raw_brier=0.3356, cal_brier=0.20076
2026-04-08 01:43:16 | INFO     | app.pricing.models:fit:191 - Training LogisticRegression component...
2026-04-08 01:43:16 | INFO     | app.pricing.models:fit:193 - Training XGBoost component...
2026-04-08 01:43:16 | INFO     | app.pricing.calibration:fit:37 - Isotonic calibrator fitted.
2026-04-08 01:43:16 | INFO     | app.pricing.models:fit:320 - Calibration report: raw_brier=0.3358, cal_brier=0.19881
2026-04-08 01:43:16 | INFO     | app.pricing.models:fit:191 - Training LogisticRegression component...
2026-04-08 01:43:16 | INFO     | app.pricing.models:fit:193 - Training XGBoost component...
2026-04-08 01:43:16 | INFO     | app.pricing.calibration:fit:37 - Isotonic calibrator fitted.
2026-04-08 01:43:16 | INFO     | app.pricing.models:fit:320 - Calibration report: raw_brier=0.3344, cal_brier=0.19895
2026-04-08 01:43:16 | INFO     | app.pricing.models:fit:191 - Training LogisticRegression component...
2026-04-08 01:43:16 | INFO     | app.pricing.models:fit:193 - Training XGBoost component...
2026-04-08 01:43:16 | INFO     | app.pricing.calibration:fit:37 - Isotonic calibrator fitted.
2026-04-08 01:43:16 | INFO     | app.pricing.models:fit:320 - Calibration report: raw_brier=0.2667, cal_brier=0.20367
2026-04-08 01:43:16 | INFO     | app.pricing.models:fit:191 - Training LogisticRegression component...
2026-04-08 01:43:16 | INFO     | app.pricing.models:fit:193 - Training XGBoost component...
2026-04-08 01:43:16 | INFO     | app.pricing.calibration:fit:37 - Isotonic calibrator fitted.
2026-04-08 01:43:16 | INFO     | app.pricing.models:fit:320 - Calibration report: raw_brier=0.2438, cal_brier=0.18928
2026-04-08 01:43:16 | INFO     | app.pricing.models:fit:191 - Training LogisticRegression component...
2026-04-08 01:43:16 | INFO     | app.pricing.models:fit:193 - Training XGBoost component...
2026-04-08 01:43:16 | INFO     | app.pricing.calibration:fit:37 - Isotonic calibrator fitted.
2026-04-08 01:43:16 | INFO     | app.pricing.models:fit:320 - Calibration report: raw_brier=0.2628, cal_brier=0.19066
2026-04-08 01:43:16 | INFO     | app.pricing.models:fit:191 - Training LogisticRegression component...
2026-04-08 01:43:16 | INFO     | app.pricing.models:fit:193 - Training XGBoost component...
2026-04-08 01:43:16 | INFO     | app.pricing.calibration:fit:37 - Isotonic calibrator fitted.
2026-04-08 01:43:16 | INFO     | app.pricing.models:fit:320 - Calibration report: raw_brier=0.2969, cal_brier=0.20057
2026-04-08 01:43:16 | INFO     | app.pricing.models:fit:191 - Training LogisticRegression component...
2026-04-08 01:43:16 | INFO     | app.pricing.models:fit:193 - Training XGBoost component...
2026-04-08 01:43:16 | INFO     | app.pricing.calibration:fit:37 - Isotonic calibrator fitted.
2026-04-08 01:43:16 | INFO     | app.pricing.models:fit:320 - Calibration report: raw_brier=0.3339, cal_brier=0.21486
2026-04-08 01:43:16 | INFO     | app.pricing.models:fit:191 - Training LogisticRegression component...
2026-04-08 01:43:16 | INFO     | app.pricing.models:fit:193 - Training XGBoost component...
2026-04-08 01:43:16 | INFO     | app.pricing.calibration:fit:37 - Isotonic calibrator fitted.
2026-04-08 01:43:16 | INFO     | app.pricing.models:fit:320 - Calibration report: raw_brier=0.3597, cal_brier=0.22597
2026-04-08 01:43:16 | INFO     | app.pricing.models:fit:191 - Training LogisticRegression component...
2026-04-08 01:43:16 | INFO     | app.pricing.models:fit:193 - Training XGBoost component...
2026-04-08 01:43:17 | INFO     | app.pricing.calibration:fit:37 - Isotonic calibrator fitted.
2026-04-08 01:43:17 | INFO     | app.pricing.models:fit:320 - Calibration report: raw_brier=0.3884, cal_brier=0.23716
2026-04-08 01:43:17 | INFO     | app.pricing.models:fit:191 - Training LogisticRegression component...
2026-04-08 01:43:17 | INFO     | app.pricing.models:fit:193 - Training XGBoost component...
2026-04-08 01:43:17 | INFO     | app.pricing.calibration:fit:37 - Isotonic calibrator fitted.
2026-04-08 01:43:17 | INFO     | app.pricing.models:fit:320 - Calibration report: raw_brier=0.3599, cal_brier=0.2311
2026-04-08 01:43:17 | INFO     | app.pricing.models:fit:191 - Training LogisticRegression component...
2026-04-08 01:43:17 | INFO     | app.pricing.models:fit:193 - Training XGBoost component...
2026-04-08 01:43:17 | INFO     | app.pricing.calibration:fit:37 - Isotonic calibrator fitted.
2026-04-08 01:43:17 | INFO     | app.pricing.models:fit:320 - Calibration report: raw_brier=0.3569, cal_brier=0.2262
2026-04-08 01:43:17 | INFO     | app.pricing.models:fit:191 - Training LogisticRegression component...
2026-04-08 01:43:17 | INFO     | app.pricing.models:fit:193 - Training XGBoost component...
2026-04-08 01:43:17 | INFO     | app.pricing.calibration:fit:37 - Isotonic calibrator fitted.
2026-04-08 01:43:17 | INFO     | app.pricing.models:fit:320 - Calibration report: raw_brier=0.3517, cal_brier=0.22783
2026-04-08 01:43:17 | INFO     | app.pricing.models:fit:191 - Training LogisticRegression component...
2026-04-08 01:43:17 | INFO     | app.pricing.models:fit:193 - Training XGBoost component...
2026-04-08 01:43:17 | INFO     | app.pricing.calibration:fit:37 - Isotonic calibrator fitted.
2026-04-08 01:43:17 | INFO     | app.pricing.models:fit:320 - Calibration report: raw_brier=0.3504, cal_brier=0.23199
2026-04-08 01:43:17 | INFO     | app.pricing.models:fit:191 - Training LogisticRegression component...
2026-04-08 01:43:17 | INFO     | app.pricing.models:fit:193 - Training XGBoost component...
2026-04-08 01:43:17 | INFO     | app.pricing.calibration:fit:37 - Isotonic calibrator fitted.
2026-04-08 01:43:17 | INFO     | app.pricing.models:fit:320 - Calibration report: raw_brier=0.3572, cal_brier=0.23853
2026-04-08 01:43:17 | INFO     | app.pricing.models:fit:191 - Training LogisticRegression component...
2026-04-08 01:43:17 | INFO     | app.pricing.models:fit:193 - Training XGBoost component...
2026-04-08 01:43:17 | INFO     | app.pricing.calibration:fit:37 - Isotonic calibrator fitted.
2026-04-08 01:43:17 | INFO     | app.pricing.models:fit:320 - Calibration report: raw_brier=0.3608, cal_brier=0.23965
2026-04-08 01:43:17 | INFO     | app.pricing.models:fit:191 - Training LogisticRegression component...
2026-04-08 01:43:17 | INFO     | app.pricing.models:fit:193 - Training XGBoost component...
2026-04-08 01:43:17 | INFO     | app.pricing.calibration:fit:37 - Isotonic calibrator fitted.
2026-04-08 01:43:17 | INFO     | app.pricing.models:fit:320 - Calibration report: raw_brier=0.3392, cal_brier=0.23118
2026-04-08 01:43:17 | INFO     | app.pricing.models:fit:191 - Training LogisticRegression component...
2026-04-08 01:43:17 | INFO     | app.pricing.models:fit:193 - Training XGBoost component...
2026-04-08 01:43:17 | INFO     | app.pricing.calibration:fit:37 - Isotonic calibrator fitted.
2026-04-08 01:43:17 | INFO     | app.pricing.models:fit:320 - Calibration report: raw_brier=0.3128, cal_brier=0.21844
2026-04-08 01:43:17 | INFO     | app.pricing.models:fit:191 - Training LogisticRegression component...
2026-04-08 01:43:17 | INFO     | app.pricing.models:fit:193 - Training XGBoost component...
2026-04-08 01:43:17 | INFO     | app.pricing.calibration:fit:37 - Isotonic calibrator fitted.
2026-04-08 01:43:17 | INFO     | app.pricing.models:fit:320 - Calibration report: raw_brier=0.3176, cal_brier=0.20871
2026-04-08 01:43:17 | INFO     | app.pricing.models:fit:191 - Training LogisticRegression component...
2026-04-08 01:43:17 | INFO     | app.pricing.models:fit:193 - Training XGBoost component...
2026-04-08 01:43:17 | INFO     | app.pricing.calibration:fit:37 - Isotonic calibrator fitted.
2026-04-08 01:43:17 | INFO     | app.pricing.models:fit:320 - Calibration report: raw_brier=0.3328, cal_brier=0.21001
2026-04-08 01:43:17 | INFO     | app.pricing.models:fit:191 - Training LogisticRegression component...
2026-04-08 01:43:17 | INFO     | app.pricing.models:fit:193 - Training XGBoost component...
2026-04-08 01:43:18 | INFO     | app.pricing.calibration:fit:37 - Isotonic calibrator fitted.
2026-04-08 01:43:18 | INFO     | app.pricing.models:fit:320 - Calibration report: raw_brier=0.3545, cal_brier=0.22035
2026-04-08 01:43:18 | INFO     | app.pricing.models:fit:191 - Training LogisticRegression component...
2026-04-08 01:43:18 | INFO     | app.pricing.models:fit:193 - Training XGBoost component...
2026-04-08 01:43:18 | INFO     | app.pricing.calibration:fit:37 - Isotonic calibrator fitted.
2026-04-08 01:43:18 | INFO     | app.pricing.models:fit:320 - Calibration report: raw_brier=0.3739, cal_brier=0.22261
2026-04-08 01:43:18 | INFO     | app.pricing.models:fit:191 - Training LogisticRegression component...
2026-04-08 01:43:18 | INFO     | app.pricing.models:fit:193 - Training XGBoost component...
2026-04-08 01:43:18 | INFO     | app.pricing.calibration:fit:37 - Isotonic calibrator fitted.
2026-04-08 01:43:18 | INFO     | app.pricing.models:fit:320 - Calibration report: raw_brier=0.4039, cal_brier=0.22026
2026-04-08 01:43:18 | INFO     | app.pricing.models:fit:191 - Training LogisticRegression component...
2026-04-08 01:43:18 | INFO     | app.pricing.models:fit:193 - Training XGBoost component...
2026-04-08 01:43:18 | INFO     | app.pricing.calibration:fit:37 - Isotonic calibrator fitted.
2026-04-08 01:43:18 | INFO     | app.pricing.models:fit:320 - Calibration report: raw_brier=0.4141, cal_brier=0.22592
2026-04-08 01:43:18 | INFO     | app.pricing.models:fit:191 - Training LogisticRegression component...
2026-04-08 01:43:18 | INFO     | app.pricing.models:fit:193 - Training XGBoost component...
2026-04-08 01:43:18 | INFO     | app.pricing.calibration:fit:37 - Isotonic calibrator fitted.
2026-04-08 01:43:18 | INFO     | app.pricing.models:fit:320 - Calibration report: raw_brier=0.4253, cal_brier=0.23622
2026-04-08 01:43:18 | INFO     | app.pricing.models:fit:191 - Training LogisticRegression component...
2026-04-08 01:43:18 | INFO     | app.pricing.models:fit:193 - Training XGBoost component...
2026-04-08 01:43:18 | INFO     | app.pricing.calibration:fit:37 - Isotonic calibrator fitted.
2026-04-08 01:43:18 | INFO     | app.pricing.models:fit:320 - Calibration report: raw_brier=0.4249, cal_brier=0.24543
2026-04-08 01:43:18 | INFO     | app.pricing.models:fit:191 - Training LogisticRegression component...
2026-04-08 01:43:18 | INFO     | app.pricing.models:fit:193 - Training XGBoost component...
2026-04-08 01:43:18 | INFO     | app.pricing.calibration:fit:37 - Isotonic calibrator fitted.
2026-04-08 01:43:18 | INFO     | app.pricing.models:fit:320 - Calibration report: raw_brier=0.3412, cal_brier=0.24721
2026-04-08 01:43:18 | INFO     | app.pricing.models:fit:191 - Training LogisticRegression component...
2026-04-08 01:43:18 | INFO     | app.pricing.models:fit:193 - Training XGBoost component...
2026-04-08 01:43:18 | INFO     | app.pricing.calibration:fit:37 - Isotonic calibrator fitted.
2026-04-08 01:43:18 | INFO     | app.pricing.models:fit:320 - Calibration report: raw_brier=0.3540, cal_brier=0.24503
2026-04-08 01:43:18 | INFO     | app.pricing.models:fit:191 - Training LogisticRegression component...
2026-04-08 01:43:18 | INFO     | app.pricing.models:fit:193 - Training XGBoost component...
2026-04-08 01:43:18 | INFO     | app.pricing.calibration:fit:37 - Isotonic calibrator fitted.
2026-04-08 01:43:18 | INFO     | app.pricing.models:fit:320 - Calibration report: raw_brier=0.3708, cal_brier=0.24118
2026-04-08 01:43:18 | INFO     | app.pricing.models:fit:191 - Training LogisticRegression component...
2026-04-08 01:43:18 | INFO     | app.pricing.models:fit:193 - Training XGBoost component...
2026-04-08 01:43:18 | INFO     | app.pricing.calibration:fit:37 - Isotonic calibrator fitted.
2026-04-08 01:43:18 | INFO     | app.pricing.models:fit:320 - Calibration report: raw_brier=0.3563, cal_brier=0.23147
2026-04-08 01:43:18 | INFO     | app.pricing.models:fit:191 - Training LogisticRegression component...
2026-04-08 01:43:18 | INFO     | app.pricing.models:fit:193 - Training XGBoost component...
2026-04-08 01:43:18 | INFO     | app.pricing.calibration:fit:37 - Isotonic calibrator fitted.
2026-04-08 01:43:18 | INFO     | app.pricing.models:fit:320 - Calibration report: raw_brier=0.3298, cal_brier=0.2252
2026-04-08 01:43:18 | INFO     | app.pricing.models:fit:191 - Training LogisticRegression component...
2026-04-08 01:43:18 | INFO     | app.pricing.models:fit:193 - Training XGBoost component...
2026-04-08 01:43:18 | INFO     | app.pricing.calibration:fit:37 - Isotonic calibrator fitted.
2026-04-08 01:43:18 | INFO     | app.pricing.models:fit:320 - Calibration report: raw_brier=0.3185, cal_brier=0.21967
2026-04-08 01:43:19 | INFO     | app.pricing.models:fit:191 - Training LogisticRegression component...
2026-04-08 01:43:19 | INFO     | app.pricing.models:fit:193 - Training XGBoost component...
2026-04-08 01:43:19 | INFO     | app.pricing.calibration:fit:37 - Isotonic calibrator fitted.
2026-04-08 01:43:19 | INFO     | app.pricing.models:fit:320 - Calibration report: raw_brier=0.3053, cal_brier=0.22352
2026-04-08 01:43:19 | INFO     | app.pricing.models:fit:191 - Training LogisticRegression component...
2026-04-08 01:43:19 | INFO     | app.pricing.models:fit:193 - Training XGBoost component...
2026-04-08 01:43:19 | INFO     | app.pricing.calibration:fit:37 - Isotonic calibrator fitted.
2026-04-08 01:43:19 | INFO     | app.pricing.models:fit:320 - Calibration report: raw_brier=0.3195, cal_brier=0.2325
2026-04-08 01:43:19 | INFO     | app.pricing.models:fit:191 - Training LogisticRegression component...
2026-04-08 01:43:19 | INFO     | app.pricing.models:fit:193 - Training XGBoost component...
2026-04-08 01:43:19 | INFO     | app.pricing.calibration:fit:37 - Isotonic calibrator fitted.
2026-04-08 01:43:19 | INFO     | app.pricing.models:fit:320 - Calibration report: raw_brier=0.3456, cal_brier=0.22477
2026-04-08 01:43:19 | INFO     | app.pricing.models:fit:191 - Training LogisticRegression component...
2026-04-08 01:43:19 | INFO     | app.pricing.models:fit:193 - Training XGBoost component...
2026-04-08 01:43:19 | INFO     | app.pricing.calibration:fit:37 - Isotonic calibrator fitted.
2026-04-08 01:43:19 | INFO     | app.pricing.models:fit:320 - Calibration report: raw_brier=0.3570, cal_brier=0.22394
2026-04-08 01:43:19 | INFO     | app.pricing.models:fit:191 - Training LogisticRegression component...
2026-04-08 01:43:19 | INFO     | app.pricing.models:fit:193 - Training XGBoost component...
2026-04-08 01:43:19 | INFO     | app.pricing.calibration:fit:37 - Isotonic calibrator fitted.
2026-04-08 01:43:19 | INFO     | app.pricing.models:fit:320 - Calibration report: raw_brier=0.3456, cal_brier=0.22095
2026-04-08 01:43:19 | INFO     | app.pricing.models:fit:191 - Training LogisticRegression component...
2026-04-08 01:43:19 | INFO     | app.pricing.models:fit:193 - Training XGBoost component...
2026-04-08 01:43:19 | INFO     | app.pricing.calibration:fit:37 - Isotonic calibrator fitted.
2026-04-08 01:43:19 | INFO     | app.pricing.models:fit:320 - Calibration report: raw_brier=0.3578, cal_brier=0.22758
2026-04-08 01:43:19 | INFO     | app.pricing.models:fit:191 - Training LogisticRegression component...
2026-04-08 01:43:19 | INFO     | app.pricing.models:fit:193 - Training XGBoost component...
2026-04-08 01:43:19 | INFO     | app.pricing.calibration:fit:37 - Isotonic calibrator fitted.
2026-04-08 01:43:19 | INFO     | app.pricing.models:fit:320 - Calibration report: raw_brier=0.3515, cal_brier=0.22151
2026-04-08 01:43:19 | INFO     | app.pricing.models:fit:191 - Training LogisticRegression component...
2026-04-08 01:43:19 | INFO     | app.pricing.models:fit:193 - Training XGBoost component...
2026-04-08 01:43:19 | INFO     | app.pricing.calibration:fit:37 - Isotonic calibrator fitted.
2026-04-08 01:43:19 | INFO     | app.pricing.models:fit:320 - Calibration report: raw_brier=0.3331, cal_brier=0.21945
2026-04-08 01:43:19 | INFO     | app.pricing.models:fit:191 - Training LogisticRegression component...
2026-04-08 01:43:19 | INFO     | app.pricing.models:fit:193 - Training XGBoost component...
2026-04-08 01:43:19 | INFO     | app.pricing.calibration:fit:37 - Isotonic calibrator fitted.
2026-04-08 01:43:19 | INFO     | app.pricing.models:fit:320 - Calibration report: raw_brier=0.3165, cal_brier=0.22367
2026-04-08 01:43:19 | INFO     | app.pricing.models:fit:191 - Training LogisticRegression component...
2026-04-08 01:43:19 | INFO     | app.pricing.models:fit:193 - Training XGBoost component...
2026-04-08 01:43:19 | INFO     | app.pricing.calibration:fit:37 - Isotonic calibrator fitted.
2026-04-08 01:43:19 | INFO     | app.pricing.models:fit:320 - Calibration report: raw_brier=0.2989, cal_brier=0.21505
2026-04-08 01:43:19 | INFO     | app.pricing.models:fit:191 - Training LogisticRegression component...
2026-04-08 01:43:19 | INFO     | app.pricing.models:fit:193 - Training XGBoost component...
2026-04-08 01:43:19 | INFO     | app.pricing.calibration:fit:37 - Isotonic calibrator fitted.
2026-04-08 01:43:19 | INFO     | app.pricing.models:fit:320 - Calibration report: raw_brier=0.2737, cal_brier=0.2088
2026-04-08 01:43:19 | INFO     | app.pricing.models:fit:191 - Training LogisticRegression component...
2026-04-08 01:43:19 | INFO     | app.pricing.models:fit:193 - Training XGBoost component...
2026-04-08 01:43:20 | INFO     | app.pricing.calibration:fit:37 - Isotonic calibrator fitted.
2026-04-08 01:43:20 | INFO     | app.pricing.models:fit:320 - Calibration report: raw_brier=0.2504, cal_brier=0.19885
2026-04-08 01:43:20 | INFO     | app.pricing.models:fit:191 - Training LogisticRegression component...
2026-04-08 01:43:20 | INFO     | app.pricing.models:fit:193 - Training XGBoost component...
2026-04-08 01:43:20 | INFO     | app.pricing.calibration:fit:37 - Isotonic calibrator fitted.
2026-04-08 01:43:20 | INFO     | app.pricing.models:fit:320 - Calibration report: raw_brier=0.2458, cal_brier=0.19777
2026-04-08 01:43:20 | INFO     | app.pricing.models:fit:191 - Training LogisticRegression component...
2026-04-08 01:43:20 | INFO     | app.pricing.models:fit:193 - Training XGBoost component...
2026-04-08 01:43:20 | INFO     | app.pricing.calibration:fit:37 - Isotonic calibrator fitted.
2026-04-08 01:43:20 | INFO     | app.pricing.models:fit:320 - Calibration report: raw_brier=0.2530, cal_brier=0.20213
2026-04-08 01:43:20 | INFO     | app.pricing.models:fit:191 - Training LogisticRegression component...
2026-04-08 01:43:20 | INFO     | app.pricing.models:fit:193 - Training XGBoost component...
2026-04-08 01:43:20 | INFO     | app.pricing.calibration:fit:37 - Isotonic calibrator fitted.
2026-04-08 01:43:20 | INFO     | app.pricing.models:fit:320 - Calibration report: raw_brier=0.2285, cal_brier=0.1666
2026-04-08 01:43:20 | INFO     | app.pricing.models:fit:191 - Training LogisticRegression component...
2026-04-08 01:43:20 | INFO     | app.pricing.models:fit:193 - Training XGBoost component...
2026-04-08 01:43:20 | INFO     | app.pricing.calibration:fit:37 - Isotonic calibrator fitted.
2026-04-08 01:43:20 | INFO     | app.pricing.models:fit:320 - Calibration report: raw_brier=0.2279, cal_brier=0.17258
2026-04-08 01:43:20 | INFO     | app.pricing.models:fit:191 - Training LogisticRegression component...
2026-04-08 01:43:20 | INFO     | app.pricing.models:fit:193 - Training XGBoost component...
2026-04-08 01:43:20 | INFO     | app.pricing.calibration:fit:37 - Isotonic calibrator fitted.
2026-04-08 01:43:20 | INFO     | app.pricing.models:fit:320 - Calibration report: raw_brier=0.2259, cal_brier=0.16624
2026-04-08 01:43:20 | INFO     | app.pricing.models:fit:191 - Training LogisticRegression component...
2026-04-08 01:43:20 | INFO     | app.pricing.models:fit:193 - Training XGBoost component...
2026-04-08 01:43:20 | INFO     | app.pricing.calibration:fit:37 - Isotonic calibrator fitted.
2026-04-08 01:43:20 | INFO     | app.pricing.models:fit:320 - Calibration report: raw_brier=0.2318, cal_brier=0.18078
2026-04-08 01:43:20 | INFO     | app.pricing.models:fit:191 - Training LogisticRegression component...
2026-04-08 01:43:20 | INFO     | app.pricing.models:fit:193 - Training XGBoost component...
2026-04-08 01:43:20 | INFO     | app.pricing.calibration:fit:37 - Isotonic calibrator fitted.
2026-04-08 01:43:20 | INFO     | app.pricing.models:fit:320 - Calibration report: raw_brier=0.2442, cal_brier=0.19977
2026-04-08 01:43:21 | INFO     | app.pricing.models:fit:191 - Training LogisticRegression component...
2026-04-08 01:43:21 | INFO     | app.pricing.models:fit:193 - Training XGBoost component...
2026-04-08 01:43:21 | INFO     | app.pricing.calibration:fit:37 - Isotonic calibrator fitted.
2026-04-08 01:43:21 | INFO     | app.pricing.models:fit:320 - Calibration report: raw_brier=0.2436, cal_brier=0.2017
2026-04-08 01:43:21 | INFO     | app.pricing.models:fit:191 - Training LogisticRegression component...
2026-04-08 01:43:21 | INFO     | app.pricing.models:fit:193 - Training XGBoost component...
2026-04-08 01:43:21 | INFO     | app.pricing.calibration:fit:37 - Isotonic calibrator fitted.
2026-04-08 01:43:21 | INFO     | app.pricing.models:fit:320 - Calibration report: raw_brier=0.2125, cal_brier=0.17663
2026-04-08 01:43:21 | INFO     | app.pricing.models:fit:191 - Training LogisticRegression component...
2026-04-08 01:43:21 | INFO     | app.pricing.models:fit:193 - Training XGBoost component...
2026-04-08 01:43:21 | INFO     | app.pricing.calibration:fit:37 - Isotonic calibrator fitted.
2026-04-08 01:43:21 | INFO     | app.pricing.models:fit:320 - Calibration report: raw_brier=0.2078, cal_brier=0.16332
2026-04-08 01:43:21 | INFO     | app.pricing.models:fit:191 - Training LogisticRegression component...
2026-04-08 01:43:21 | INFO     | app.pricing.models:fit:193 - Training XGBoost component...
2026-04-08 01:43:21 | INFO     | app.pricing.calibration:fit:37 - Isotonic calibrator fitted.
2026-04-08 01:43:21 | INFO     | app.pricing.models:fit:320 - Calibration report: raw_brier=0.2081, cal_brier=0.16595
2026-04-08 01:43:21 | INFO     | app.pricing.models:fit:191 - Training LogisticRegression component...
2026-04-08 01:43:21 | INFO     | app.pricing.models:fit:193 - Training XGBoost component...
2026-04-08 01:43:21 | INFO     | app.pricing.calibration:fit:37 - Isotonic calibrator fitted.
2026-04-08 01:43:21 | INFO     | app.pricing.models:fit:320 - Calibration report: raw_brier=0.2074, cal_brier=0.16758
2026-04-08 01:43:21 | INFO     | app.pricing.models:fit:191 - Training LogisticRegression component...
2026-04-08 01:43:21 | INFO     | app.pricing.models:fit:193 - Training XGBoost component...
2026-04-08 01:43:21 | INFO     | app.pricing.calibration:fit:37 - Isotonic calibrator fitted.
2026-04-08 01:43:21 | INFO     | app.pricing.models:fit:320 - Calibration report: raw_brier=0.2008, cal_brier=0.15043
2026-04-08 01:43:21 | INFO     | app.services.backtest:run:209 - [e92ae2d9] Backtest complete. Brier: 0.2337, LogLoss: 1.3545, Accuracy: 61.6%
2026-04-08 01:43:21 | INFO     | app.main:lifespan:37 - Shutting down AFL Multi Builder...
2026-04-08 01:43:21 | INFO     | app.pricing.calibration:fit:37 - Isotonic calibrator fitted.
2026-04-08 01:43:21 | INFO     | app.pricing.calibration:fit:37 - Isotonic calibrator fitted.
2026-04-08 01:43:21 | INFO     | app.pricing.calibration:fit:37 - Isotonic calibrator fitted.
2026-04-08 01:43:21 | WARNING  | app.pricing.calibration:calibrate:43 - Calibrator not fitted, returning raw probabilities.
2026-04-08 01:43:21 | INFO     | app.pricing.calibration:fit:37 - Isotonic calibrator fitted.
2026-04-08 01:43:21 | INFO     | app.features.pipeline:get_team_features:442 - Building team feature matrix...
2026-04-08 01:43:21 | INFO     | app.features.pipeline:get_team_features:444 - Team features shape: (1800, 87)
2026-04-08 01:43:21 | INFO     | app.features.pipeline:get_player_features:452 - Building player feature matrix for 'disposals'...
2026-04-08 01:43:22 | INFO     | app.features.pipeline:get_player_features:454 - Player features shape: (450, 19)
2026-04-08 01:43:22 | INFO     | app.features.pipeline:get_team_features:442 - Building team feature matrix...
2026-04-08 01:43:22 | INFO     | app.features.pipeline:get_team_features:444 - Team features shape: (1800, 87)
2026-04-08 01:43:22 | INFO     | app.features.pipeline:get_team_features:442 - Building team feature matrix...
2026-04-08 01:43:22 | INFO     | app.features.pipeline:get_team_features:444 - Team features shape: (1800, 87)
2026-04-08 01:43:22 | DEBUG    | app.optimizer.multi_builder:build:93 - Evaluating 6 combinations of size 2
2026-04-08 01:43:22 | DEBUG    | app.optimizer.multi_builder:build:93 - Evaluating 4 combinations of size 3
2026-04-08 01:43:22 | DEBUG    | app.optimizer.multi_builder:build:93 - Evaluating 1 combinations of size 4
2026-04-08 01:43:22 | DEBUG    | app.optimizer.multi_builder:build:93 - Evaluating 6 combinations of size 2
2026-04-08 01:43:22 | DEBUG    | app.optimizer.multi_builder:build:93 - Evaluating 4 combinations of size 3
2026-04-08 01:43:22 | DEBUG    | app.optimizer.multi_builder:build:93 - Evaluating 1 combinations of size 4
2026-04-08 01:43:22 | DEBUG    | app.optimizer.multi_builder:build:93 - Evaluating 3 combinations of size 2
2026-04-08 01:43:22 | DEBUG    | app.optimizer.multi_builder:build:93 - Evaluating 1 combinations of size 2
2026-04-08 01:43:22 | DEBUG    | app.optimizer.multi_builder:build:93 - Evaluating 4 combinations of size 3
2026-04-08 01:43:22 | DEBUG    | app.optimizer.multi_builder:build:93 - Evaluating 3 combinations of size 2
2026-04-08 01:43:22 | DEBUG    | app.optimizer.multi_builder:build:93 - Evaluating 1 combinations of size 3
2026-04-08 01:43:22 | DEBUG    | app.optimizer.multi_builder:build:93 - Evaluating 6 combinations of size 2
2026-04-08 01:43:22 | DEBUG    | app.optimizer.multi_builder:build:93 - Evaluating 4 combinations of size 3
2026-04-08 01:43:22 | DEBUG    | app.optimizer.multi_builder:build:93 - Evaluating 1 combinations of size 4
2026-04-08 01:43:22 | DEBUG    | app.optimizer.multi_builder:build:93 - Evaluating 6 combinations of size 2
2026-04-08 01:43:22 | DEBUG    | app.optimizer.multi_builder:build:93 - Evaluating 4 combinations of size 3
2026-04-08 01:43:22 | DEBUG    | app.optimizer.multi_builder:build:93 - Evaluating 1 combinations of size 4
2026-04-08 01:43:22 | INFO     | app.services.pipeline:run:50 - [366a90a9] Starting prediction pipeline...
2026-04-08 01:43:22 | INFO     | app.services.pipeline:run:60 - No upcoming fixtures found, using recent completed for demo.
2026-04-08 01:43:22 | INFO     | app.services.pipeline:run:62 - Processing 5 fixtures...
2026-04-08 01:43:22 | INFO     | app.features.pipeline:get_team_features:442 - Building team feature matrix...
2026-04-08 01:43:22 | INFO     | app.features.pipeline:get_team_features:444 - Team features shape: (1800, 87)
2026-04-08 01:43:22 | INFO     | app.services.pipeline:run:87 - Generated 10 candidate legs.
2026-04-08 01:43:22 | DEBUG    | app.optimizer.multi_builder:build:93 - Evaluating 6 combinations of size 2
2026-04-08 01:43:22 | DEBUG    | app.optimizer.multi_builder:build:93 - Evaluating 4 combinations of size 3
2026-04-08 01:43:22 | DEBUG    | app.optimizer.multi_builder:build:93 - Evaluating 1 combinations of size 4
2026-04-08 01:43:22 | DEBUG    | app.optimizer.multi_builder:build:93 - Evaluating 10 combinations of size 2
2026-04-08 01:43:22 | DEBUG    | app.optimizer.multi_builder:build:93 - Evaluating 10 combinations of size 3
2026-04-08 01:43:22 | DEBUG    | app.optimizer.multi_builder:build:93 - Evaluating 5 combinations of size 4
2026-04-08 01:43:22 | DEBUG    | app.optimizer.multi_builder:build:93 - Evaluating 1 combinations of size 2
2026-04-08 01:43:22 | DEBUG    | app.optimizer.multi_builder:build:93 - Evaluating 1 combinations of size 2
2026-04-08 01:43:22 | DEBUG    | app.optimizer.multi_builder:build:93 - Evaluating 1 combinations of size 2
2026-04-08 01:43:22 | DEBUG    | app.optimizer.multi_builder:build:93 - Evaluating 1 combinations of size 2
2026-04-08 01:43:22 | DEBUG    | app.optimizer.multi_builder:build:93 - Evaluating 1 combinations of size 2
2026-04-08 01:43:22 | INFO     | app.services.pipeline:run:106 - [366a90a9] Pipeline complete in 0.17s
2026-04-08 01:43:22 | INFO     | app.services.pipeline:run:50 - [92dc0d7d] Starting prediction pipeline...
2026-04-08 01:43:22 | INFO     | app.services.pipeline:run:60 - No upcoming fixtures found, using recent completed for demo.
2026-04-08 01:43:22 | INFO     | app.services.pipeline:run:62 - Processing 5 fixtures...
2026-04-08 01:43:22 | INFO     | app.features.pipeline:get_team_features:442 - Building team feature matrix...
2026-04-08 01:43:22 | INFO     | app.features.pipeline:get_team_features:444 - Team features shape: (1800, 87)
2026-04-08 01:43:22 | INFO     | app.services.pipeline:run:87 - Generated 10 candidate legs.
2026-04-08 01:43:22 | DEBUG    | app.optimizer.multi_builder:build:93 - Evaluating 6 combinations of size 2
2026-04-08 01:43:22 | DEBUG    | app.optimizer.multi_builder:build:93 - Evaluating 4 combinations of size 3
2026-04-08 01:43:22 | DEBUG    | app.optimizer.multi_builder:build:93 - Evaluating 1 combinations of size 4
2026-04-08 01:43:22 | DEBUG    | app.optimizer.multi_builder:build:93 - Evaluating 10 combinations of size 2
2026-04-08 01:43:22 | DEBUG    | app.optimizer.multi_builder:build:93 - Evaluating 10 combinations of size 3
2026-04-08 01:43:22 | DEBUG    | app.optimizer.multi_builder:build:93 - Evaluating 5 combinations of size 4
2026-04-08 01:43:22 | DEBUG    | app.optimizer.multi_builder:build:93 - Evaluating 1 combinations of size 2
2026-04-08 01:43:22 | DEBUG    | app.optimizer.multi_builder:build:93 - Evaluating 1 combinations of size 2
2026-04-08 01:43:22 | DEBUG    | app.optimizer.multi_builder:build:93 - Evaluating 1 combinations of size 2
2026-04-08 01:43:22 | DEBUG    | app.optimizer.multi_builder:build:93 - Evaluating 1 combinations of size 2
2026-04-08 01:43:22 | DEBUG    | app.optimizer.multi_builder:build:93 - Evaluating 1 combinations of size 2
2026-04-08 01:43:22 | INFO     | app.services.pipeline:run:106 - [92dc0d7d] Pipeline complete in 0.17s
2026-04-08 01:43:22 | INFO     | app.services.pipeline:run:50 - [79ee0dc0] Starting prediction pipeline...
2026-04-08 01:43:22 | INFO     | app.services.pipeline:run:60 - No upcoming fixtures found, using recent completed for demo.
2026-04-08 01:43:22 | INFO     | app.services.pipeline:run:62 - Processing 5 fixtures...
2026-04-08 01:43:22 | INFO     | app.features.pipeline:get_team_features:442 - Building team feature matrix...
2026-04-08 01:43:22 | INFO     | app.features.pipeline:get_team_features:444 - Team features shape: (1800, 87)
2026-04-08 01:43:22 | INFO     | app.services.pipeline:run:87 - Generated 10 candidate legs.
2026-04-08 01:43:22 | DEBUG    | app.optimizer.multi_builder:build:93 - Evaluating 6 combinations of size 2
2026-04-08 01:43:22 | DEBUG    | app.optimizer.multi_builder:build:93 - Evaluating 4 combinations of size 3
2026-04-08 01:43:22 | DEBUG    | app.optimizer.multi_builder:build:93 - Evaluating 1 combinations of size 4
2026-04-08 01:43:22 | DEBUG    | app.optimizer.multi_builder:build:93 - Evaluating 10 combinations of size 2
2026-04-08 01:43:22 | DEBUG    | app.optimizer.multi_builder:build:93 - Evaluating 10 combinations of size 3
2026-04-08 01:43:22 | DEBUG    | app.optimizer.multi_builder:build:93 - Evaluating 5 combinations of size 4
2026-04-08 01:43:22 | DEBUG    | app.optimizer.multi_builder:build:93 - Evaluating 1 combinations of size 2
2026-04-08 01:43:22 | DEBUG    | app.optimizer.multi_builder:build:93 - Evaluating 1 combinations of size 2
2026-04-08 01:43:22 | DEBUG    | app.optimizer.multi_builder:build:93 - Evaluating 1 combinations of size 2
2026-04-08 01:43:22 | DEBUG    | app.optimizer.multi_builder:build:93 - Evaluating 1 combinations of size 2
2026-04-08 01:43:22 | DEBUG    | app.optimizer.multi_builder:build:93 - Evaluating 1 combinations of size 2
2026-04-08 01:43:22 | INFO     | app.services.pipeline:run:106 - [79ee0dc0] Pipeline complete in 0.17s
2026-04-08 01:43:22 | INFO     | app.services.training:run_match_model_training:48 - [1ab96b17] Starting match model training...
2026-04-08 01:43:22 | INFO     | app.features.pipeline:get_team_features:442 - Building team feature matrix...
2026-04-08 01:43:23 | INFO     | app.features.pipeline:get_team_features:444 - Team features shape: (1800, 87)
2026-04-08 01:43:23 | INFO     | app.services.training:run_match_model_training:56 - Training with 1575 samples, 71 features.
2026-04-08 01:43:23 | INFO     | app.services.training:run_match_model_training:70 - Train: 1023, Val: 237, Test: 315
2026-04-08 01:43:23 | INFO     | app.pricing.models:fit:191 - Training LogisticRegression component...
2026-04-08 01:43:23 | INFO     | app.pricing.models:fit:193 - Training XGBoost component...
2026-04-08 01:43:23 | INFO     | app.pricing.calibration:fit:37 - Isotonic calibrator fitted.
2026-04-08 01:43:23 | INFO     | app.pricing.models:fit:320 - Calibration report: raw_brier=0.4105, cal_brier=0.24314
2026-04-08 01:43:23 | INFO     | app.services.training:run_match_model_training:97 - Test metrics: {'raw_brier': 0.28066, 'calibrated_brier': 0.27722, 'raw_logloss': 0.78236, 'calibrated_logloss': 1.83641}
2026-04-08 01:43:23 | INFO     | app.pricing.models:save:368 - Model 'match_win_ensemble' saved to data/models/match_win_ensemble.joblib
2026-04-08 01:43:23 | INFO     | app.services.training:run_match_model_training:120 - [1ab96b17] Match model training complete.
2026-04-08 01:43:23 | INFO     | app.services.training:run_player_disposals_training:132 - [1464af20] Starting player disposals model training...
2026-04-08 01:43:23 | INFO     | app.features.pipeline:get_player_features:452 - Building player feature matrix for 'disposals'...
2026-04-08 01:43:23 | INFO     | app.features.pipeline:get_player_features:454 - Player features shape: (450, 19)
2026-04-08 01:43:23 | INFO     | app.services.training:run_player_disposals_training:142 - Player model training with 450 samples.
2026-04-08 01:43:23 | INFO     | app.pricing.models:fit:253 - PlayerDisposalsModel fitted. Residual std: 3.65
2026-04-08 01:43:23 | INFO     | app.pricing.calibration:fit:37 - Isotonic calibrator fitted.
2026-04-08 01:43:23 | INFO     | app.pricing.models:save:368 - Model 'player_disposals_model' saved to data/models/player_disposals_model.joblib
2026-04-08 01:43:23 | INFO     | app.pricing.models:save:368 - Model 'player_disposals_calibrator' saved to data/models/player_disposals_calibrator.joblib
2026-04-08 01:43:23 | INFO     | app.services.training:run_player_disposals_training:193 - [1464af20] Player model training complete.
2026-04-08 01:43:23 | INFO     | app.services.training:run_match_model_training:48 - [39cfae79] Starting match model training...
2026-04-08 01:43:23 | INFO     | app.features.pipeline:get_team_features:442 - Building team feature matrix...
2026-04-08 01:43:23 | INFO     | app.features.pipeline:get_team_features:444 - Team features shape: (1800, 87)
2026-04-08 01:43:23 | INFO     | app.services.training:run_match_model_training:56 - Training with 1575 samples, 71 features.
2026-04-08 01:43:23 | INFO     | app.services.training:run_match_model_training:70 - Train: 1023, Val: 237, Test: 315
2026-04-08 01:43:23 | INFO     | app.pricing.models:fit:191 - Training LogisticRegression component...
2026-04-08 01:43:23 | INFO     | app.pricing.models:fit:193 - Training XGBoost component...
2026-04-08 01:43:23 | INFO     | app.pricing.calibration:fit:37 - Isotonic calibrator fitted.
2026-04-08 01:43:23 | INFO     | app.pricing.models:fit:320 - Calibration report: raw_brier=0.4105, cal_brier=0.24314
2026-04-08 01:43:23 | INFO     | app.services.training:run_match_model_training:97 - Test metrics: {'raw_brier': 0.28066, 'calibrated_brier': 0.27722, 'raw_logloss': 0.78236, 'calibrated_logloss': 1.83641}
2026-04-08 01:43:23 | INFO     | app.pricing.models:save:368 - Model 'match_win_ensemble' saved to data/models/match_win_ensemble.joblib
2026-04-08 01:43:23 | INFO     | app.services.training:run_match_model_training:120 - [39cfae79] Match model training complete.
2026-04-08 01:43:23 | INFO     | app.services.training:run_player_disposals_training:132 - [39cfae79] Starting player disposals model training...
2026-04-08 01:43:23 | INFO     | app.features.pipeline:get_player_features:452 - Building player feature matrix for 'disposals'...
2026-04-08 01:43:24 | INFO     | app.features.pipeline:get_player_features:454 - Player features shape: (450, 19)
2026-04-08 01:43:24 | INFO     | app.services.training:run_player_disposals_training:142 - Player model training with 450 samples.
2026-04-08 01:43:24 | INFO     | app.pricing.models:fit:253 - PlayerDisposalsModel fitted. Residual std: 3.65
2026-04-08 01:43:24 | INFO     | app.pricing.calibration:fit:37 - Isotonic calibrator fitted.
2026-04-08 01:43:24 | INFO     | app.pricing.models:save:368 - Model 'player_disposals_model' saved to data/models/player_disposals_model.joblib
2026-04-08 01:43:24 | INFO     | app.pricing.models:save:368 - Model 'player_disposals_calibrator' saved to data/models/player_disposals_calibrator.joblib
2026-04-08 01:43:24 | INFO     | app.services.training:run_player_disposals_training:193 - [39cfae79] Player model training complete.
2026-04-08 01:43:24 | INFO     | app.services.backtest:run:54 - [9c82a72d] Starting walk-forward backtest...
2026-04-08 01:43:24 | INFO     | app.features.pipeline:get_team_features:442 - Building team feature matrix...
2026-04-08 01:43:24 | INFO     | app.features.pipeline:get_team_features:444 - Team features shape: (1800, 87)
2026-04-08 01:43:24 | INFO     | app.services.backtest:run:66 - Backtest on 1575 samples with 71 features.
2026-04-08 01:43:24 | INFO     | app.pricing.models:fit:191 - Training LogisticRegression component...
2026-04-08 01:43:24 | WARNING  | app.services.backtest:run:109 - Training failed at fold 20: This solver needs samples of at least 2 classes in the data, but the data contains only one class: 0
2026-04-08 01:43:24 | INFO     | app.pricing.models:fit:191 - Training LogisticRegression component...
2026-04-08 01:43:24 | WARNING  | app.services.backtest:run:109 - Training failed at fold 25: This solver needs samples of at least 2 classes in the data, but the data contains only one class: 0
2026-04-08 01:43:24 | INFO     | app.pricing.models:fit:191 - Training LogisticRegression component...
2026-04-08 01:43:24 | WARNING  | app.services.backtest:run:109 - Training failed at fold 30: This solver needs samples of at least 2 classes in the data, but the data contains only one class: 0
2026-04-08 01:43:24 | INFO     | app.pricing.models:fit:191 - Training LogisticRegression component...
2026-04-08 01:43:24 | INFO     | app.pricing.models:fit:193 - Training XGBoost component...
2026-04-08 01:43:24 | INFO     | app.pricing.calibration:fit:37 - Isotonic calibrator fitted.
2026-04-08 01:43:24 | WARNING  | app.services.backtest:run:109 - Training failed at fold 35: y_true contains only one label (1). Please provide the true labels explicitly through the labels argument.
2026-04-08 01:43:24 | INFO     | app.pricing.models:fit:191 - Training LogisticRegression component...
2026-04-08 01:43:24 | INFO     | app.pricing.models:fit:193 - Training XGBoost component...
2026-04-08 01:43:24 | INFO     | app.pricing.calibration:fit:37 - Isotonic calibrator fitted.
2026-04-08 01:43:24 | WARNING  | app.services.backtest:run:109 - Training failed at fold 40: y_true contains only one label (1). Please provide the true labels explicitly through the labels argument.
2026-04-08 01:43:24 | INFO     | app.pricing.models:fit:191 - Training LogisticRegression component...
2026-04-08 01:43:24 | INFO     | app.pricing.models:fit:193 - Training XGBoost component...
2026-04-08 01:43:24 | INFO     | app.pricing.calibration:fit:37 - Isotonic calibrator fitted.
2026-04-08 01:43:24 | WARNING  | app.services.backtest:run:109 - Training failed at fold 45: y_true contains only one label (1). Please provide the true labels explicitly through the labels argument.
2026-04-08 01:43:24 | INFO     | app.pricing.models:fit:191 - Training LogisticRegression component...
2026-04-08 01:43:24 | INFO     | app.pricing.models:fit:193 - Training XGBoost component...
2026-04-08 01:43:24 | INFO     | app.pricing.calibration:fit:37 - Isotonic calibrator fitted.
2026-04-08 01:43:24 | WARNING  | app.services.backtest:run:109 - Training failed at fold 50: y_true contains only one label (1). Please provide the true labels explicitly through the labels argument.
2026-04-08 01:43:24 | INFO     | app.pricing.models:fit:191 - Training LogisticRegression component...
2026-04-08 01:43:24 | INFO     | app.pricing.models:fit:193 - Training XGBoost component...
2026-04-08 01:43:24 | INFO     | app.pricing.calibration:fit:37 - Isotonic calibrator fitted.
2026-04-08 01:43:24 | INFO     | app.pricing.models:fit:320 - Calibration report: raw_brier=0.0653, cal_brier=0.0
2026-04-08 01:43:24 | INFO     | app.pricing.models:fit:191 - Training LogisticRegression component...
2026-04-08 01:43:24 | INFO     | app.pricing.models:fit:193 - Training XGBoost component...
2026-04-08 01:43:24 | INFO     | app.pricing.calibration:fit:37 - Isotonic calibrator fitted.
2026-04-08 01:43:24 | WARNING  | app.services.backtest:run:109 - Training failed at fold 60: y_true contains only one label (0). Please provide the true labels explicitly through the labels argument.
2026-04-08 01:43:24 | INFO     | app.pricing.models:fit:191 - Training LogisticRegression component...
2026-04-08 01:43:24 | INFO     | app.pricing.models:fit:193 - Training XGBoost component...
2026-04-08 01:43:24 | INFO     | app.pricing.calibration:fit:37 - Isotonic calibrator fitted.
2026-04-08 01:43:24 | WARNING  | app.services.backtest:run:109 - Training failed at fold 65: y_true contains only one label (0). Please provide the true labels explicitly through the labels argument.
2026-04-08 01:43:24 | INFO     | app.pricing.models:fit:191 - Training LogisticRegression component...
2026-04-08 01:43:24 | INFO     | app.pricing.models:fit:193 - Training XGBoost component...
2026-04-08 01:43:24 | INFO     | app.pricing.calibration:fit:37 - Isotonic calibrator fitted.
2026-04-08 01:43:24 | WARNING  | app.services.backtest:run:109 - Training failed at fold 70: y_true contains only one label (0). Please provide the true labels explicitly through the labels argument.
2026-04-08 01:43:24 | INFO     | app.pricing.models:fit:191 - Training LogisticRegression component...
2026-04-08 01:43:24 | INFO     | app.pricing.models:fit:193 - Training XGBoost component...
2026-04-08 01:43:24 | INFO     | app.pricing.calibration:fit:37 - Isotonic calibrator fitted.
2026-04-08 01:43:24 | WARNING  | app.services.backtest:run:109 - Training failed at fold 75: y_true contains only one label (0). Please provide the true labels explicitly through the labels argument.
2026-04-08 01:43:24 | INFO     | app.pricing.models:fit:191 - Training LogisticRegression component...
2026-04-08 01:43:24 | INFO     | app.pricing.models:fit:193 - Training XGBoost component...
2026-04-08 01:43:24 | INFO     | app.pricing.calibration:fit:37 - Isotonic calibrator fitted.
2026-04-08 01:43:24 | INFO     | app.pricing.models:fit:320 - Calibration report: raw_brier=0.2423, cal_brier=0.05556
2026-04-08 01:43:24 | INFO     | app.pricing.models:fit:191 - Training LogisticRegression component...
2026-04-08 01:43:24 | INFO     | app.pricing.models:fit:193 - Training XGBoost component...
2026-04-08 01:43:24 | INFO     | app.pricing.calibration:fit:37 - Isotonic calibrator fitted.
2026-04-08 01:43:24 | INFO     | app.pricing.models:fit:320 - Calibration report: raw_brier=0.4522, cal_brier=0.0
2026-04-08 01:43:24 | INFO     | app.pricing.models:fit:191 - Training LogisticRegression component...
2026-04-08 01:43:24 | INFO     | app.pricing.models:fit:193 - Training XGBoost component...
2026-04-08 01:43:24 | INFO     | app.pricing.calibration:fit:37 - Isotonic calibrator fitted.
2026-04-08 01:43:24 | WARNING  | app.services.backtest:run:109 - Training failed at fold 90: y_true contains only one label (1). Please provide the true labels explicitly through the labels argument.
2026-04-08 01:43:24 | INFO     | app.pricing.models:fit:191 - Training LogisticRegression component...
2026-04-08 01:43:24 | INFO     | app.pricing.models:fit:193 - Training XGBoost component...
2026-04-08 01:43:24 | INFO     | app.pricing.calibration:fit:37 - Isotonic calibrator fitted.
2026-04-08 01:43:24 | WARNING  | app.services.backtest:run:109 - Training failed at fold 95: y_true contains only one label (1). Please provide the true labels explicitly through the labels argument.
2026-04-08 01:43:24 | INFO     | app.pricing.models:fit:191 - Training LogisticRegression component...
2026-04-08 01:43:24 | INFO     | app.pricing.models:fit:193 - Training XGBoost component...
2026-04-08 01:43:24 | INFO     | app.pricing.calibration:fit:37 - Isotonic calibrator fitted.
2026-04-08 01:43:24 | WARNING  | app.services.backtest:run:109 - Training failed at fold 100: y_true contains only one label (1). Please provide the true labels explicitly through the labels argument.
2026-04-08 01:43:24 | INFO     | app.pricing.models:fit:191 - Training LogisticRegression component...
2026-04-08 01:43:24 | INFO     | app.pricing.models:fit:193 - Training XGBoost component...
2026-04-08 01:43:24 | INFO     | app.pricing.calibration:fit:37 - Isotonic calibrator fitted.
2026-04-08 01:43:24 | WARNING  | app.services.backtest:run:109 - Training failed at fold 105: y_true contains only one label (1). Please provide the true labels explicitly through the labels argument.
2026-04-08 01:43:24 | INFO     | app.pricing.models:fit:191 - Training LogisticRegression component...
2026-04-08 01:43:24 | INFO     | app.pricing.models:fit:193 - Training XGBoost component...
2026-04-08 01:43:24 | INFO     | app.pricing.calibration:fit:37 - Isotonic calibrator fitted.
2026-04-08 01:43:24 | WARNING  | app.services.backtest:run:109 - Training failed at fold 110: y_true contains only one label (1). Please provide the true labels explicitly through the labels argument.
2026-04-08 01:43:24 | INFO     | app.pricing.models:fit:191 - Training LogisticRegression component...
2026-04-08 01:43:24 | INFO     | app.pricing.models:fit:193 - Training XGBoost component...
2026-04-08 01:43:24 | INFO     | app.pricing.calibration:fit:37 - Isotonic calibrator fitted.
2026-04-08 01:43:24 | WARNING  | app.services.backtest:run:109 - Training failed at fold 115: y_true contains only one label (1). Please provide the true labels explicitly through the labels argument.
2026-04-08 01:43:24 | INFO     | app.pricing.models:fit:191 - Training LogisticRegression component...
2026-04-08 01:43:24 | INFO     | app.pricing.models:fit:193 - Training XGBoost component...
2026-04-08 01:43:24 | INFO     | app.pricing.calibration:fit:37 - Isotonic calibrator fitted.
2026-04-08 01:43:24 | WARNING  | app.services.backtest:run:109 - Training failed at fold 120: y_true contains only one label (1). Please provide the true labels explicitly through the labels argument.
2026-04-08 01:43:24 | INFO     | app.pricing.models:fit:191 - Training LogisticRegression component...
2026-04-08 01:43:24 | INFO     | app.pricing.models:fit:193 - Training XGBoost component...
2026-04-08 01:43:24 | INFO     | app.pricing.calibration:fit:37 - Isotonic calibrator fitted.
2026-04-08 01:43:24 | WARNING  | app.services.backtest:run:109 - Training failed at fold 125: y_true contains only one label (1). Please provide the true labels explicitly through the labels argument.
2026-04-08 01:43:24 | INFO     | app.pricing.models:fit:191 - Training LogisticRegression component...
2026-04-08 01:43:24 | INFO     | app.pricing.models:fit:193 - Training XGBoost component...
2026-04-08 01:43:24 | INFO     | app.pricing.calibration:fit:37 - Isotonic calibrator fitted.
2026-04-08 01:43:24 | WARNING  | app.services.backtest:run:109 - Training failed at fold 130: y_true contains only one label (1). Please provide the true labels explicitly through the labels argument.
2026-04-08 01:43:24 | INFO     | app.pricing.models:fit:191 - Training LogisticRegression component...
2026-04-08 01:43:24 | INFO     | app.pricing.models:fit:193 - Training XGBoost component...
2026-04-08 01:43:24 | INFO     | app.pricing.calibration:fit:37 - Isotonic calibrator fitted.
2026-04-08 01:43:24 | WARNING  | app.services.backtest:run:109 - Training failed at fold 135: y_true contains only one label (1). Please provide the true labels explicitly through the labels argument.
2026-04-08 01:43:24 | INFO     | app.pricing.models:fit:191 - Training LogisticRegression component...
2026-04-08 01:43:24 | INFO     | app.pricing.models:fit:193 - Training XGBoost component...
2026-04-08 01:43:25 | INFO     | app.pricing.calibration:fit:37 - Isotonic calibrator fitted.
2026-04-08 01:43:25 | WARNING  | app.services.backtest:run:109 - Training failed at fold 140: y_true contains only one label (1). Please provide the true labels explicitly through the labels argument.
2026-04-08 01:43:25 | INFO     | app.pricing.models:fit:191 - Training LogisticRegression component...
2026-04-08 01:43:25 | INFO     | app.pricing.models:fit:193 - Training XGBoost component...
2026-04-08 01:43:25 | INFO     | app.pricing.calibration:fit:37 - Isotonic calibrator fitted.
2026-04-08 01:43:25 | WARNING  | app.services.backtest:run:109 - Training failed at fold 145: y_true contains only one label (1). Please provide the true labels explicitly through the labels argument.
2026-04-08 01:43:25 | INFO     | app.pricing.models:fit:191 - Training LogisticRegression component...
2026-04-08 01:43:25 | INFO     | app.pricing.models:fit:193 - Training XGBoost component...
2026-04-08 01:43:25 | INFO     | app.pricing.calibration:fit:37 - Isotonic calibrator fitted.
2026-04-08 01:43:25 | WARNING  | app.services.backtest:run:109 - Training failed at fold 150: y_true contains only one label (1). Please provide the true labels explicitly through the labels argument.
2026-04-08 01:43:25 | INFO     | app.pricing.models:fit:191 - Training LogisticRegression component...
2026-04-08 01:43:25 | INFO     | app.pricing.models:fit:193 - Training XGBoost component...
2026-04-08 01:43:25 | INFO     | app.pricing.calibration:fit:37 - Isotonic calibrator fitted.
2026-04-08 01:43:25 | WARNING  | app.services.backtest:run:109 - Training failed at fold 155: y_true contains only one label (1). Please provide the true labels explicitly through the labels argument.
2026-04-08 01:43:25 | INFO     | app.pricing.models:fit:191 - Training LogisticRegression component...
2026-04-08 01:43:25 | INFO     | app.pricing.models:fit:193 - Training XGBoost component...
2026-04-08 01:43:25 | INFO     | app.pricing.calibration:fit:37 - Isotonic calibrator fitted.
2026-04-08 01:43:25 | WARNING  | app.services.backtest:run:109 - Training failed at fold 160: y_true contains only one label (1). Please provide the true labels explicitly through the labels argument.
2026-04-08 01:43:25 | INFO     | app.pricing.models:fit:191 - Training LogisticRegression component...
2026-04-08 01:43:25 | INFO     | app.pricing.models:fit:193 - Training XGBoost component...
2026-04-08 01:43:25 | INFO     | app.pricing.calibration:fit:37 - Isotonic calibrator fitted.
2026-04-08 01:43:25 | WARNING  | app.services.backtest:run:109 - Training failed at fold 165: y_true contains only one label (1). Please provide the true labels explicitly through the labels argument.
2026-04-08 01:43:25 | INFO     | app.pricing.models:fit:191 - Training LogisticRegression component...
2026-04-08 01:43:25 | INFO     | app.pricing.models:fit:193 - Training XGBoost component...
2026-04-08 01:43:25 | INFO     | app.pricing.calibration:fit:37 - Isotonic calibrator fitted.
2026-04-08 01:43:25 | WARNING  | app.services.backtest:run:109 - Training failed at fold 170: y_true contains only one label (1). Please provide the true labels explicitly through the labels argument.
2026-04-08 01:43:25 | INFO     | app.pricing.models:fit:191 - Training LogisticRegression component...
2026-04-08 01:43:25 | INFO     | app.pricing.models:fit:193 - Training XGBoost component...
2026-04-08 01:43:25 | INFO     | app.pricing.calibration:fit:37 - Isotonic calibrator fitted.
2026-04-08 01:43:25 | WARNING  | app.services.backtest:run:109 - Training failed at fold 175: y_true contains only one label (1). Please provide the true labels explicitly through the labels argument.
2026-04-08 01:43:25 | INFO     | app.pricing.models:fit:191 - Training LogisticRegression component...
2026-04-08 01:43:25 | INFO     | app.pricing.models:fit:193 - Training XGBoost component...
2026-04-08 01:43:25 | INFO     | app.pricing.calibration:fit:37 - Isotonic calibrator fitted.
2026-04-08 01:43:25 | WARNING  | app.services.backtest:run:109 - Training failed at fold 180: y_true contains only one label (1). Please provide the true labels explicitly through the labels argument.
2026-04-08 01:43:25 | INFO     | app.pricing.models:fit:191 - Training LogisticRegression component...
2026-04-08 01:43:25 | INFO     | app.pricing.models:fit:193 - Training XGBoost component...
2026-04-08 01:43:25 | INFO     | app.pricing.calibration:fit:37 - Isotonic calibrator fitted.
2026-04-08 01:43:25 | WARNING  | app.services.backtest:run:109 - Training failed at fold 185: y_true contains only one label (1). Please provide the true labels explicitly through the labels argument.
2026-04-08 01:43:25 | INFO     | app.pricing.models:fit:191 - Training LogisticRegression component...
2026-04-08 01:43:25 | INFO     | app.pricing.models:fit:193 - Training XGBoost component...
2026-04-08 01:43:25 | INFO     | app.pricing.calibration:fit:37 - Isotonic calibrator fitted.
2026-04-08 01:43:25 | WARNING  | app.services.backtest:run:109 - Training failed at fold 190: y_true contains only one label (1). Please provide the true labels explicitly through the labels argument.
2026-04-08 01:43:25 | INFO     | app.pricing.models:fit:191 - Training LogisticRegression component...
2026-04-08 01:43:25 | INFO     | app.pricing.models:fit:193 - Training XGBoost component...
2026-04-08 01:43:25 | INFO     | app.pricing.calibration:fit:37 - Isotonic calibrator fitted.
2026-04-08 01:43:25 | WARNING  | app.services.backtest:run:109 - Training failed at fold 195: y_true contains only one label (1). Please provide the true labels explicitly through the labels argument.
2026-04-08 01:43:25 | INFO     | app.pricing.models:fit:191 - Training LogisticRegression component...
2026-04-08 01:43:25 | INFO     | app.pricing.models:fit:193 - Training XGBoost component...
2026-04-08 01:43:25 | INFO     | app.pricing.calibration:fit:37 - Isotonic calibrator fitted.
2026-04-08 01:43:25 | WARNING  | app.services.backtest:run:109 - Training failed at fold 200: y_true contains only one label (1). Please provide the true labels explicitly through the labels argument.
2026-04-08 01:43:25 | INFO     | app.pricing.models:fit:191 - Training LogisticRegression component...
2026-04-08 01:43:25 | INFO     | app.pricing.models:fit:193 - Training XGBoost component...
2026-04-08 01:43:25 | INFO     | app.pricing.calibration:fit:37 - Isotonic calibrator fitted.
2026-04-08 01:43:25 | INFO     | app.pricing.models:fit:320 - Calibration report: raw_brier=0.2798, cal_brier=0.04
2026-04-08 01:43:25 | INFO     | app.pricing.models:fit:191 - Training LogisticRegression component...
2026-04-08 01:43:25 | INFO     | app.pricing.models:fit:193 - Training XGBoost component...
2026-04-08 01:43:25 | INFO     | app.pricing.calibration:fit:37 - Isotonic calibrator fitted.
2026-04-08 01:43:25 | INFO     | app.pricing.models:fit:320 - Calibration report: raw_brier=0.0858, cal_brier=0.0
2026-04-08 01:43:25 | INFO     | app.pricing.models:fit:191 - Training LogisticRegression component...
2026-04-08 01:43:25 | INFO     | app.pricing.models:fit:193 - Training XGBoost component...
2026-04-08 01:43:25 | INFO     | app.pricing.calibration:fit:37 - Isotonic calibrator fitted.
2026-04-08 01:43:25 | INFO     | app.pricing.models:fit:320 - Calibration report: raw_brier=0.1246, cal_brier=0.0
2026-04-08 01:43:25 | INFO     | app.pricing.models:fit:191 - Training LogisticRegression component...
2026-04-08 01:43:25 | INFO     | app.pricing.models:fit:193 - Training XGBoost component...
2026-04-08 01:43:25 | INFO     | app.pricing.calibration:fit:37 - Isotonic calibrator fitted.
2026-04-08 01:43:25 | INFO     | app.pricing.models:fit:320 - Calibration report: raw_brier=0.1888, cal_brier=0.0202
2026-04-08 01:43:25 | INFO     | app.pricing.models:fit:191 - Training LogisticRegression component...
2026-04-08 01:43:25 | INFO     | app.pricing.models:fit:193 - Training XGBoost component...
2026-04-08 01:43:25 | INFO     | app.pricing.calibration:fit:37 - Isotonic calibrator fitted.
2026-04-08 01:43:25 | INFO     | app.pricing.models:fit:320 - Calibration report: raw_brier=0.2552, cal_brier=0.0
2026-04-08 01:43:25 | INFO     | app.pricing.models:fit:191 - Training LogisticRegression component...
2026-04-08 01:43:25 | INFO     | app.pricing.models:fit:193 - Training XGBoost component...
2026-04-08 01:43:25 | INFO     | app.pricing.calibration:fit:37 - Isotonic calibrator fitted.
2026-04-08 01:43:25 | INFO     | app.pricing.models:fit:320 - Calibration report: raw_brier=0.2753, cal_brier=0.10208
2026-04-08 01:43:25 | INFO     | app.pricing.models:fit:191 - Training LogisticRegression component...
2026-04-08 01:43:25 | INFO     | app.pricing.models:fit:193 - Training XGBoost component...
2026-04-08 01:43:25 | INFO     | app.pricing.calibration:fit:37 - Isotonic calibrator fitted.
2026-04-08 01:43:25 | INFO     | app.pricing.models:fit:320 - Calibration report: raw_brier=0.3241, cal_brier=0.18681
2026-04-08 01:43:25 | INFO     | app.pricing.models:fit:191 - Training LogisticRegression component...
2026-04-08 01:43:25 | INFO     | app.pricing.models:fit:193 - Training XGBoost component...
2026-04-08 01:43:25 | INFO     | app.pricing.calibration:fit:37 - Isotonic calibrator fitted.
2026-04-08 01:43:25 | INFO     | app.pricing.models:fit:320 - Calibration report: raw_brier=0.2188, cal_brier=0.18519
2026-04-08 01:43:25 | INFO     | app.pricing.models:fit:191 - Training LogisticRegression component...
2026-04-08 01:43:25 | INFO     | app.pricing.models:fit:193 - Training XGBoost component...
2026-04-08 01:43:25 | INFO     | app.pricing.calibration:fit:37 - Isotonic calibrator fitted.
2026-04-08 01:43:25 | INFO     | app.pricing.models:fit:320 - Calibration report: raw_brier=0.2400, cal_brier=0.13333
2026-04-08 01:43:25 | INFO     | app.pricing.models:fit:191 - Training LogisticRegression component...
2026-04-08 01:43:25 | INFO     | app.pricing.models:fit:193 - Training XGBoost component...
2026-04-08 01:43:25 | INFO     | app.pricing.calibration:fit:37 - Isotonic calibrator fitted.
2026-04-08 01:43:25 | INFO     | app.pricing.models:fit:320 - Calibration report: raw_brier=0.2424, cal_brier=0.0
2026-04-08 01:43:25 | INFO     | app.pricing.models:fit:191 - Training LogisticRegression component...
2026-04-08 01:43:25 | INFO     | app.pricing.models:fit:193 - Training XGBoost component...
2026-04-08 01:43:25 | INFO     | app.pricing.calibration:fit:37 - Isotonic calibrator fitted.
2026-04-08 01:43:26 | INFO     | app.pricing.models:fit:320 - Calibration report: raw_brier=0.2954, cal_brier=0.0
2026-04-08 01:43:26 | INFO     | app.pricing.models:fit:191 - Training LogisticRegression component...
2026-04-08 01:43:26 | INFO     | app.pricing.models:fit:193 - Training XGBoost component...
2026-04-08 01:43:26 | INFO     | app.pricing.calibration:fit:37 - Isotonic calibrator fitted.
2026-04-08 01:43:26 | INFO     | app.pricing.models:fit:320 - Calibration report: raw_brier=0.3605, cal_brier=0.0
2026-04-08 01:43:26 | INFO     | app.pricing.models:fit:191 - Training LogisticRegression component...
2026-04-08 01:43:26 | INFO     | app.pricing.models:fit:193 - Training XGBoost component...
2026-04-08 01:43:26 | INFO     | app.pricing.calibration:fit:37 - Isotonic calibrator fitted.
2026-04-08 01:43:26 | WARNING  | app.services.backtest:run:109 - Training failed at fold 265: y_true contains only one label (1). Please provide the true labels explicitly through the labels argument.
2026-04-08 01:43:26 | INFO     | app.pricing.models:fit:191 - Training LogisticRegression component...
2026-04-08 01:43:26 | INFO     | app.pricing.models:fit:193 - Training XGBoost component...
2026-04-08 01:43:26 | INFO     | app.pricing.calibration:fit:37 - Isotonic calibrator fitted.
2026-04-08 01:43:26 | WARNING  | app.services.backtest:run:109 - Training failed at fold 270: y_true contains only one label (1). Please provide the true labels explicitly through the labels argument.
2026-04-08 01:43:26 | INFO     | app.pricing.models:fit:191 - Training LogisticRegression component...
2026-04-08 01:43:26 | INFO     | app.pricing.models:fit:193 - Training XGBoost component...
2026-04-08 01:43:26 | INFO     | app.pricing.calibration:fit:37 - Isotonic calibrator fitted.
2026-04-08 01:43:26 | WARNING  | app.services.backtest:run:109 - Training failed at fold 275: y_true contains only one label (1). Please provide the true labels explicitly through the labels argument.
2026-04-08 01:43:26 | INFO     | app.pricing.models:fit:191 - Training LogisticRegression component...
2026-04-08 01:43:26 | INFO     | app.pricing.models:fit:193 - Training XGBoost component...
2026-04-08 01:43:26 | INFO     | app.pricing.calibration:fit:37 - Isotonic calibrator fitted.
2026-04-08 01:43:26 | INFO     | app.pricing.models:fit:320 - Calibration report: raw_brier=0.1717, cal_brier=0.09524
2026-04-08 01:43:26 | INFO     | app.pricing.models:fit:191 - Training LogisticRegression component...
2026-04-08 01:43:26 | INFO     | app.pricing.models:fit:193 - Training XGBoost component...
2026-04-08 01:43:26 | INFO     | app.pricing.calibration:fit:37 - Isotonic calibrator fitted.
2026-04-08 01:43:26 | INFO     | app.pricing.models:fit:320 - Calibration report: raw_brier=0.2117, cal_brier=0.15873
2026-04-08 01:43:26 | INFO     | app.pricing.models:fit:191 - Training LogisticRegression component...
2026-04-08 01:43:26 | INFO     | app.pricing.models:fit:193 - Training XGBoost component...
2026-04-08 01:43:26 | INFO     | app.pricing.calibration:fit:37 - Isotonic calibrator fitted.
2026-04-08 01:43:26 | INFO     | app.pricing.models:fit:320 - Calibration report: raw_brier=0.2486, cal_brier=0.19934
2026-04-08 01:43:26 | INFO     | app.pricing.models:fit:191 - Training LogisticRegression component...
2026-04-08 01:43:26 | INFO     | app.pricing.models:fit:193 - Training XGBoost component...
2026-04-08 01:43:26 | INFO     | app.pricing.calibration:fit:37 - Isotonic calibrator fitted.
2026-04-08 01:43:26 | INFO     | app.pricing.models:fit:320 - Calibration report: raw_brier=0.2705, cal_brier=0.22727
2026-04-08 01:43:26 | INFO     | app.pricing.models:fit:191 - Training LogisticRegression component...
2026-04-08 01:43:26 | INFO     | app.pricing.models:fit:193 - Training XGBoost component...
2026-04-08 01:43:26 | INFO     | app.pricing.calibration:fit:37 - Isotonic calibrator fitted.
2026-04-08 01:43:26 | INFO     | app.pricing.models:fit:320 - Calibration report: raw_brier=0.1862, cal_brier=0.0
2026-04-08 01:43:26 | INFO     | app.pricing.models:fit:191 - Training LogisticRegression component...
2026-04-08 01:43:26 | INFO     | app.pricing.models:fit:193 - Training XGBoost component...
2026-04-08 01:43:26 | INFO     | app.pricing.calibration:fit:37 - Isotonic calibrator fitted.
2026-04-08 01:43:26 | INFO     | app.pricing.models:fit:320 - Calibration report: raw_brier=0.2054, cal_brier=0.0
2026-04-08 01:43:26 | INFO     | app.pricing.models:fit:191 - Training LogisticRegression component...
2026-04-08 01:43:26 | INFO     | app.pricing.models:fit:193 - Training XGBoost component...
2026-04-08 01:43:26 | INFO     | app.pricing.calibration:fit:37 - Isotonic calibrator fitted.
2026-04-08 01:43:26 | INFO     | app.pricing.models:fit:320 - Calibration report: raw_brier=0.2299, cal_brier=0.0
2026-04-08 01:43:26 | INFO     | app.pricing.models:fit:191 - Training LogisticRegression component...
2026-04-08 01:43:26 | INFO     | app.pricing.models:fit:193 - Training XGBoost component...
2026-04-08 01:43:26 | INFO     | app.pricing.calibration:fit:37 - Isotonic calibrator fitted.
2026-04-08 01:43:26 | INFO     | app.pricing.models:fit:320 - Calibration report: raw_brier=0.2514, cal_brier=0.0
2026-04-08 01:43:26 | INFO     | app.pricing.models:fit:191 - Training LogisticRegression component...
2026-04-08 01:43:26 | INFO     | app.pricing.models:fit:193 - Training XGBoost component...
2026-04-08 01:43:26 | INFO     | app.pricing.calibration:fit:37 - Isotonic calibrator fitted.
2026-04-08 01:43:26 | INFO     | app.pricing.models:fit:320 - Calibration report: raw_brier=0.2792, cal_brier=0.0
2026-04-08 01:43:26 | INFO     | app.pricing.models:fit:191 - Training LogisticRegression component...
2026-04-08 01:43:26 | INFO     | app.pricing.models:fit:193 - Training XGBoost component...
2026-04-08 01:43:26 | INFO     | app.pricing.calibration:fit:37 - Isotonic calibrator fitted.
2026-04-08 01:43:26 | WARNING  | app.services.backtest:run:109 - Training failed at fold 325: y_true contains only one label (0). Please provide the true labels explicitly through the labels argument.
2026-04-08 01:43:26 | INFO     | app.pricing.models:fit:191 - Training LogisticRegression component...
2026-04-08 01:43:26 | INFO     | app.pricing.models:fit:193 - Training XGBoost component...
2026-04-08 01:43:26 | INFO     | app.pricing.calibration:fit:37 - Isotonic calibrator fitted.
2026-04-08 01:43:26 | INFO     | app.pricing.models:fit:320 - Calibration report: raw_brier=0.1854, cal_brier=0.06803
2026-04-08 01:43:26 | INFO     | app.pricing.models:fit:191 - Training LogisticRegression component...
2026-04-08 01:43:26 | INFO     | app.pricing.models:fit:193 - Training XGBoost component...
2026-04-08 01:43:26 | INFO     | app.pricing.calibration:fit:37 - Isotonic calibrator fitted.
2026-04-08 01:43:26 | INFO     | app.pricing.models:fit:320 - Calibration report: raw_brier=0.2163, cal_brier=0.1
2026-04-08 01:43:26 | INFO     | app.pricing.models:fit:191 - Training LogisticRegression component...
2026-04-08 01:43:26 | INFO     | app.pricing.models:fit:193 - Training XGBoost component...
2026-04-08 01:43:26 | INFO     | app.pricing.calibration:fit:37 - Isotonic calibrator fitted.
2026-04-08 01:43:26 | INFO     | app.pricing.models:fit:320 - Calibration report: raw_brier=0.2268, cal_brier=0.11765
2026-04-08 01:43:26 | INFO     | app.pricing.models:fit:191 - Training LogisticRegression component...
2026-04-08 01:43:26 | INFO     | app.pricing.models:fit:193 - Training XGBoost component...
2026-04-08 01:43:26 | INFO     | app.pricing.calibration:fit:37 - Isotonic calibrator fitted.
2026-04-08 01:43:26 | INFO     | app.pricing.models:fit:320 - Calibration report: raw_brier=0.2485, cal_brier=0.13072
2026-04-08 01:43:27 | INFO     | app.pricing.models:fit:191 - Training LogisticRegression component...
2026-04-08 01:43:27 | INFO     | app.pricing.models:fit:193 - Training XGBoost component...
2026-04-08 01:43:27 | INFO     | app.pricing.calibration:fit:37 - Isotonic calibrator fitted.
2026-04-08 01:43:27 | INFO     | app.pricing.models:fit:320 - Calibration report: raw_brier=0.2560, cal_brier=0.13736
2026-04-08 01:43:27 | INFO     | app.pricing.models:fit:191 - Training LogisticRegression component...
2026-04-08 01:43:27 | INFO     | app.pricing.models:fit:193 - Training XGBoost component...
2026-04-08 01:43:27 | INFO     | app.pricing.calibration:fit:37 - Isotonic calibrator fitted.
2026-04-08 01:43:27 | INFO     | app.pricing.models:fit:320 - Calibration report: raw_brier=0.2148, cal_brier=0.0
2026-04-08 01:43:27 | INFO     | app.pricing.models:fit:191 - Training LogisticRegression component...
2026-04-08 01:43:27 | INFO     | app.pricing.models:fit:193 - Training XGBoost component...
2026-04-08 01:43:27 | INFO     | app.pricing.calibration:fit:37 - Isotonic calibrator fitted.
2026-04-08 01:43:27 | INFO     | app.pricing.models:fit:320 - Calibration report: raw_brier=0.2059, cal_brier=0.0
2026-04-08 01:43:27 | INFO     | app.pricing.models:fit:191 - Training LogisticRegression component...
2026-04-08 01:43:27 | INFO     | app.pricing.models:fit:193 - Training XGBoost component...
2026-04-08 01:43:27 | INFO     | app.pricing.calibration:fit:37 - Isotonic calibrator fitted.
2026-04-08 01:43:27 | INFO     | app.pricing.models:fit:320 - Calibration report: raw_brier=0.2368, cal_brier=0.0
2026-04-08 01:43:27 | INFO     | app.pricing.models:fit:191 - Training LogisticRegression component...
2026-04-08 01:43:27 | INFO     | app.pricing.models:fit:193 - Training XGBoost component...
2026-04-08 01:43:27 | INFO     | app.pricing.calibration:fit:37 - Isotonic calibrator fitted.
2026-04-08 01:43:27 | INFO     | app.pricing.models:fit:320 - Calibration report: raw_brier=0.2285, cal_brier=0.0
2026-04-08 01:43:27 | INFO     | app.pricing.models:fit:191 - Training LogisticRegression component...
2026-04-08 01:43:27 | INFO     | app.pricing.models:fit:193 - Training XGBoost component...
2026-04-08 01:43:27 | INFO     | app.pricing.calibration:fit:37 - Isotonic calibrator fitted.
2026-04-08 01:43:27 | INFO     | app.pricing.models:fit:320 - Calibration report: raw_brier=0.2451, cal_brier=0.0
2026-04-08 01:43:27 | INFO     | app.pricing.models:fit:191 - Training LogisticRegression component...
2026-04-08 01:43:27 | INFO     | app.pricing.models:fit:193 - Training XGBoost component...
2026-04-08 01:43:27 | INFO     | app.pricing.calibration:fit:37 - Isotonic calibrator fitted.
2026-04-08 01:43:27 | INFO     | app.pricing.models:fit:320 - Calibration report: raw_brier=0.2499, cal_brier=0.0
2026-04-08 01:43:27 | INFO     | app.pricing.models:fit:191 - Training LogisticRegression component...
2026-04-08 01:43:27 | INFO     | app.pricing.models:fit:193 - Training XGBoost component...
2026-04-08 01:43:27 | INFO     | app.pricing.calibration:fit:37 - Isotonic calibrator fitted.
2026-04-08 01:43:27 | INFO     | app.pricing.models:fit:320 - Calibration report: raw_brier=0.1044, cal_brier=0.0
2026-04-08 01:43:27 | INFO     | app.pricing.models:fit:191 - Training LogisticRegression component...
2026-04-08 01:43:27 | INFO     | app.pricing.models:fit:193 - Training XGBoost component...
2026-04-08 01:43:27 | INFO     | app.pricing.calibration:fit:37 - Isotonic calibrator fitted.
2026-04-08 01:43:27 | INFO     | app.pricing.models:fit:320 - Calibration report: raw_brier=0.0576, cal_brier=0.0
2026-04-08 01:43:27 | INFO     | app.pricing.models:fit:191 - Training LogisticRegression component...
2026-04-08 01:43:27 | INFO     | app.pricing.models:fit:193 - Training XGBoost component...
2026-04-08 01:43:27 | INFO     | app.pricing.calibration:fit:37 - Isotonic calibrator fitted.
2026-04-08 01:43:27 | INFO     | app.pricing.models:fit:320 - Calibration report: raw_brier=0.0555, cal_brier=0.0
2026-04-08 01:43:27 | INFO     | app.pricing.models:fit:191 - Training LogisticRegression component...
2026-04-08 01:43:27 | INFO     | app.pricing.models:fit:193 - Training XGBoost component...
2026-04-08 01:43:27 | INFO     | app.pricing.calibration:fit:37 - Isotonic calibrator fitted.
2026-04-08 01:43:27 | INFO     | app.pricing.models:fit:320 - Calibration report: raw_brier=0.0620, cal_brier=0.0
2026-04-08 01:43:27 | INFO     | app.pricing.models:fit:191 - Training LogisticRegression component...
2026-04-08 01:43:27 | INFO     | app.pricing.models:fit:193 - Training XGBoost component...
2026-04-08 01:43:27 | INFO     | app.pricing.calibration:fit:37 - Isotonic calibrator fitted.
2026-04-08 01:43:27 | INFO     | app.pricing.models:fit:320 - Calibration report: raw_brier=0.1352, cal_brier=0.02167
2026-04-08 01:43:27 | INFO     | app.pricing.models:fit:191 - Training LogisticRegression component...
2026-04-08 01:43:27 | INFO     | app.pricing.models:fit:193 - Training XGBoost component...
2026-04-08 01:43:27 | INFO     | app.pricing.calibration:fit:37 - Isotonic calibrator fitted.
2026-04-08 01:43:27 | INFO     | app.pricing.models:fit:320 - Calibration report: raw_brier=0.2047, cal_brier=0.0082
2026-04-08 01:43:27 | INFO     | app.pricing.models:fit:191 - Training LogisticRegression component...
2026-04-08 01:43:27 | INFO     | app.pricing.models:fit:193 - Training XGBoost component...
2026-04-08 01:43:27 | INFO     | app.pricing.calibration:fit:37 - Isotonic calibrator fitted.
2026-04-08 01:43:27 | INFO     | app.pricing.models:fit:320 - Calibration report: raw_brier=0.2124, cal_brier=0.0
2026-04-08 01:43:27 | INFO     | app.pricing.models:fit:191 - Training LogisticRegression component...
2026-04-08 01:43:27 | INFO     | app.pricing.models:fit:193 - Training XGBoost component...
2026-04-08 01:43:27 | INFO     | app.pricing.calibration:fit:37 - Isotonic calibrator fitted.
2026-04-08 01:43:27 | INFO     | app.pricing.models:fit:320 - Calibration report: raw_brier=0.2649, cal_brier=0.0
2026-04-08 01:43:27 | INFO     | app.pricing.models:fit:191 - Training LogisticRegression component...
2026-04-08 01:43:27 | INFO     | app.pricing.models:fit:193 - Training XGBoost component...
2026-04-08 01:43:27 | INFO     | app.pricing.calibration:fit:37 - Isotonic calibrator fitted.
2026-04-08 01:43:27 | INFO     | app.pricing.models:fit:320 - Calibration report: raw_brier=0.3235, cal_brier=0.0
2026-04-08 01:43:27 | INFO     | app.pricing.models:fit:191 - Training LogisticRegression component...
2026-04-08 01:43:27 | INFO     | app.pricing.models:fit:193 - Training XGBoost component...
2026-04-08 01:43:27 | INFO     | app.pricing.calibration:fit:37 - Isotonic calibrator fitted.
2026-04-08 01:43:27 | INFO     | app.pricing.models:fit:320 - Calibration report: raw_brier=0.3365, cal_brier=0.02083
2026-04-08 01:43:27 | INFO     | app.pricing.models:fit:191 - Training LogisticRegression component...
2026-04-08 01:43:27 | INFO     | app.pricing.models:fit:193 - Training XGBoost component...
2026-04-08 01:43:27 | INFO     | app.pricing.calibration:fit:37 - Isotonic calibrator fitted.
2026-04-08 01:43:27 | INFO     | app.pricing.models:fit:320 - Calibration report: raw_brier=0.3492, cal_brier=0.01538
2026-04-08 01:43:27 | INFO     | app.pricing.models:fit:191 - Training LogisticRegression component...
2026-04-08 01:43:27 | INFO     | app.pricing.models:fit:193 - Training XGBoost component...
2026-04-08 01:43:28 | INFO     | app.pricing.calibration:fit:37 - Isotonic calibrator fitted.
2026-04-08 01:43:28 | INFO     | app.pricing.models:fit:320 - Calibration report: raw_brier=0.3598, cal_brier=0.03319
2026-04-08 01:43:28 | INFO     | app.pricing.models:fit:191 - Training LogisticRegression component...
2026-04-08 01:43:28 | INFO     | app.pricing.models:fit:193 - Training XGBoost component...
2026-04-08 01:43:28 | INFO     | app.pricing.calibration:fit:37 - Isotonic calibrator fitted.
2026-04-08 01:43:28 | INFO     | app.pricing.models:fit:320 - Calibration report: raw_brier=0.3823, cal_brier=0.0
2026-04-08 01:43:28 | INFO     | app.pricing.models:fit:191 - Training LogisticRegression component...
2026-04-08 01:43:28 | INFO     | app.pricing.models:fit:193 - Training XGBoost component...
2026-04-08 01:43:28 | INFO     | app.pricing.calibration:fit:37 - Isotonic calibrator fitted.
2026-04-08 01:43:28 | INFO     | app.pricing.models:fit:320 - Calibration report: raw_brier=0.3954, cal_brier=0.0
2026-04-08 01:43:28 | INFO     | app.pricing.models:fit:191 - Training LogisticRegression component...
2026-04-08 01:43:28 | INFO     | app.pricing.models:fit:193 - Training XGBoost component...
2026-04-08 01:43:28 | INFO     | app.pricing.calibration:fit:37 - Isotonic calibrator fitted.
2026-04-08 01:43:28 | INFO     | app.pricing.models:fit:320 - Calibration report: raw_brier=0.4105, cal_brier=0.06684
2026-04-08 01:43:28 | INFO     | app.pricing.models:fit:191 - Training LogisticRegression component...
2026-04-08 01:43:28 | INFO     | app.pricing.models:fit:193 - Training XGBoost component...
2026-04-08 01:43:28 | INFO     | app.pricing.calibration:fit:37 - Isotonic calibrator fitted.
2026-04-08 01:43:28 | INFO     | app.pricing.models:fit:320 - Calibration report: raw_brier=0.4263, cal_brier=0.12077
2026-04-08 01:43:28 | INFO     | app.pricing.models:fit:191 - Training LogisticRegression component...
2026-04-08 01:43:28 | INFO     | app.pricing.models:fit:193 - Training XGBoost component...
2026-04-08 01:43:28 | INFO     | app.pricing.calibration:fit:37 - Isotonic calibrator fitted.
2026-04-08 01:43:28 | INFO     | app.pricing.models:fit:320 - Calibration report: raw_brier=0.4499, cal_brier=0.16722
2026-04-08 01:43:28 | INFO     | app.pricing.models:fit:191 - Training LogisticRegression component...
2026-04-08 01:43:28 | INFO     | app.pricing.models:fit:193 - Training XGBoost component...
2026-04-08 01:43:28 | INFO     | app.pricing.calibration:fit:37 - Isotonic calibrator fitted.
2026-04-08 01:43:28 | INFO     | app.pricing.models:fit:320 - Calibration report: raw_brier=0.4649, cal_brier=0.20408
2026-04-08 01:43:28 | INFO     | app.pricing.models:fit:191 - Training LogisticRegression component...
2026-04-08 01:43:28 | INFO     | app.pricing.models:fit:193 - Training XGBoost component...
2026-04-08 01:43:28 | INFO     | app.pricing.calibration:fit:37 - Isotonic calibrator fitted.
2026-04-08 01:43:28 | INFO     | app.pricing.models:fit:320 - Calibration report: raw_brier=0.3208, cal_brier=0.22813
2026-04-08 01:43:28 | INFO     | app.pricing.models:fit:191 - Training LogisticRegression component...
2026-04-08 01:43:28 | INFO     | app.pricing.models:fit:193 - Training XGBoost component...
2026-04-08 01:43:28 | INFO     | app.pricing.calibration:fit:37 - Isotonic calibrator fitted.
2026-04-08 01:43:28 | INFO     | app.pricing.models:fit:320 - Calibration report: raw_brier=0.2975, cal_brier=0.21368
2026-04-08 01:43:28 | INFO     | app.pricing.models:fit:191 - Training LogisticRegression component...
2026-04-08 01:43:28 | INFO     | app.pricing.models:fit:193 - Training XGBoost component...
2026-04-08 01:43:28 | INFO     | app.pricing.calibration:fit:37 - Isotonic calibrator fitted.
2026-04-08 01:43:28 | INFO     | app.pricing.models:fit:320 - Calibration report: raw_brier=0.2761, cal_brier=0.18029
2026-04-08 01:43:28 | INFO     | app.pricing.models:fit:191 - Training LogisticRegression component...
2026-04-08 01:43:28 | INFO     | app.pricing.models:fit:193 - Training XGBoost component...
2026-04-08 01:43:28 | INFO     | app.pricing.calibration:fit:37 - Isotonic calibrator fitted.
2026-04-08 01:43:28 | INFO     | app.pricing.models:fit:320 - Calibration report: raw_brier=0.2819, cal_brier=0.17459
2026-04-08 01:43:28 | INFO     | app.pricing.models:fit:191 - Training LogisticRegression component...
2026-04-08 01:43:28 | INFO     | app.pricing.models:fit:193 - Training XGBoost component...
2026-04-08 01:43:28 | INFO     | app.pricing.calibration:fit:37 - Isotonic calibrator fitted.
2026-04-08 01:43:28 | INFO     | app.pricing.models:fit:320 - Calibration report: raw_brier=0.2762, cal_brier=0.16892
2026-04-08 01:43:28 | INFO     | app.pricing.models:fit:191 - Training LogisticRegression component...
2026-04-08 01:43:28 | INFO     | app.pricing.models:fit:193 - Training XGBoost component...
2026-04-08 01:43:28 | INFO     | app.pricing.calibration:fit:37 - Isotonic calibrator fitted.
2026-04-08 01:43:28 | INFO     | app.pricing.models:fit:320 - Calibration report: raw_brier=0.2776, cal_brier=0.16667
2026-04-08 01:43:28 | INFO     | app.pricing.models:fit:191 - Training LogisticRegression component...
2026-04-08 01:43:28 | INFO     | app.pricing.models:fit:193 - Training XGBoost component...
2026-04-08 01:43:28 | INFO     | app.pricing.calibration:fit:37 - Isotonic calibrator fitted.
2026-04-08 01:43:28 | INFO     | app.pricing.models:fit:320 - Calibration report: raw_brier=0.1918, cal_brier=0.0
2026-04-08 01:43:28 | INFO     | app.pricing.models:fit:191 - Training LogisticRegression component...
2026-04-08 01:43:28 | INFO     | app.pricing.models:fit:193 - Training XGBoost component...
2026-04-08 01:43:28 | INFO     | app.pricing.calibration:fit:37 - Isotonic calibrator fitted.
2026-04-08 01:43:28 | INFO     | app.pricing.models:fit:320 - Calibration report: raw_brier=0.1964, cal_brier=0.0
2026-04-08 01:43:28 | INFO     | app.pricing.models:fit:191 - Training LogisticRegression component...
2026-04-08 01:43:28 | INFO     | app.pricing.models:fit:193 - Training XGBoost component...
2026-04-08 01:43:28 | INFO     | app.pricing.calibration:fit:37 - Isotonic calibrator fitted.
2026-04-08 01:43:28 | INFO     | app.pricing.models:fit:320 - Calibration report: raw_brier=0.1925, cal_brier=0.0
2026-04-08 01:43:28 | INFO     | app.pricing.models:fit:191 - Training LogisticRegression component...
2026-04-08 01:43:28 | INFO     | app.pricing.models:fit:193 - Training XGBoost component...
2026-04-08 01:43:28 | INFO     | app.pricing.calibration:fit:37 - Isotonic calibrator fitted.
2026-04-08 01:43:28 | INFO     | app.pricing.models:fit:320 - Calibration report: raw_brier=0.1955, cal_brier=0.0
2026-04-08 01:43:28 | INFO     | app.pricing.models:fit:191 - Training LogisticRegression component...
2026-04-08 01:43:28 | INFO     | app.pricing.models:fit:193 - Training XGBoost component...
2026-04-08 01:43:28 | INFO     | app.pricing.calibration:fit:37 - Isotonic calibrator fitted.
2026-04-08 01:43:28 | INFO     | app.pricing.models:fit:320 - Calibration report: raw_brier=0.1941, cal_brier=0.0
2026-04-08 01:43:28 | INFO     | app.pricing.models:fit:191 - Training LogisticRegression component...
2026-04-08 01:43:28 | INFO     | app.pricing.models:fit:193 - Training XGBoost component...
2026-04-08 01:43:29 | INFO     | app.pricing.calibration:fit:37 - Isotonic calibrator fitted.
2026-04-08 01:43:29 | INFO     | app.pricing.models:fit:320 - Calibration report: raw_brier=0.1738, cal_brier=0.05238
2026-04-08 01:43:29 | INFO     | app.pricing.models:fit:191 - Training LogisticRegression component...
2026-04-08 01:43:29 | INFO     | app.pricing.models:fit:193 - Training XGBoost component...
2026-04-08 01:43:29 | INFO     | app.pricing.calibration:fit:37 - Isotonic calibrator fitted.
2026-04-08 01:43:29 | INFO     | app.pricing.models:fit:320 - Calibration report: raw_brier=0.1083, cal_brier=0.05833
2026-04-08 01:43:29 | INFO     | app.pricing.models:fit:191 - Training LogisticRegression component...
2026-04-08 01:43:29 | INFO     | app.pricing.models:fit:193 - Training XGBoost component...
2026-04-08 01:43:29 | INFO     | app.pricing.calibration:fit:37 - Isotonic calibrator fitted.
2026-04-08 01:43:29 | INFO     | app.pricing.models:fit:320 - Calibration report: raw_brier=0.1034, cal_brier=0.05391
2026-04-08 01:43:29 | INFO     | app.pricing.models:fit:191 - Training LogisticRegression component...
2026-04-08 01:43:29 | INFO     | app.pricing.models:fit:193 - Training XGBoost component...
2026-04-08 01:43:29 | INFO     | app.pricing.calibration:fit:37 - Isotonic calibrator fitted.
2026-04-08 01:43:29 | INFO     | app.pricing.models:fit:320 - Calibration report: raw_brier=0.1119, cal_brier=0.04783
2026-04-08 01:43:29 | INFO     | app.pricing.models:fit:191 - Training LogisticRegression component...
2026-04-08 01:43:29 | INFO     | app.pricing.models:fit:193 - Training XGBoost component...
2026-04-08 01:43:29 | INFO     | app.pricing.calibration:fit:37 - Isotonic calibrator fitted.
2026-04-08 01:43:29 | INFO     | app.pricing.models:fit:320 - Calibration report: raw_brier=0.1242, cal_brier=0.05035
2026-04-08 01:43:29 | INFO     | app.pricing.models:fit:191 - Training LogisticRegression component...
2026-04-08 01:43:29 | INFO     | app.pricing.models:fit:193 - Training XGBoost component...
2026-04-08 01:43:29 | INFO     | app.pricing.calibration:fit:37 - Isotonic calibrator fitted.
2026-04-08 01:43:29 | INFO     | app.pricing.models:fit:320 - Calibration report: raw_brier=0.1216, cal_brier=0.0507
2026-04-08 01:43:29 | INFO     | app.pricing.models:fit:191 - Training LogisticRegression component...
2026-04-08 01:43:29 | INFO     | app.pricing.models:fit:193 - Training XGBoost component...
2026-04-08 01:43:29 | INFO     | app.pricing.calibration:fit:37 - Isotonic calibrator fitted.
2026-04-08 01:43:29 | INFO     | app.pricing.models:fit:320 - Calibration report: raw_brier=0.1262, cal_brier=0.05258
2026-04-08 01:43:29 | INFO     | app.pricing.models:fit:191 - Training LogisticRegression component...
2026-04-08 01:43:29 | INFO     | app.pricing.models:fit:193 - Training XGBoost component...
2026-04-08 01:43:29 | INFO     | app.pricing.calibration:fit:37 - Isotonic calibrator fitted.
2026-04-08 01:43:29 | INFO     | app.pricing.models:fit:320 - Calibration report: raw_brier=0.1200, cal_brier=0.05088
2026-04-08 01:43:29 | INFO     | app.pricing.models:fit:191 - Training LogisticRegression component...
2026-04-08 01:43:29 | INFO     | app.pricing.models:fit:193 - Training XGBoost component...
2026-04-08 01:43:29 | INFO     | app.pricing.calibration:fit:37 - Isotonic calibrator fitted.
2026-04-08 01:43:29 | INFO     | app.pricing.models:fit:320 - Calibration report: raw_brier=0.1152, cal_brier=0.04891
2026-04-08 01:43:29 | INFO     | app.pricing.models:fit:191 - Training LogisticRegression component...
2026-04-08 01:43:29 | INFO     | app.pricing.models:fit:193 - Training XGBoost component...
2026-04-08 01:43:29 | INFO     | app.pricing.calibration:fit:37 - Isotonic calibrator fitted.
2026-04-08 01:43:29 | INFO     | app.pricing.models:fit:320 - Calibration report: raw_brier=0.1157, cal_brier=0.04834
2026-04-08 01:43:29 | INFO     | app.pricing.models:fit:191 - Training LogisticRegression component...
2026-04-08 01:43:29 | INFO     | app.pricing.models:fit:193 - Training XGBoost component...
2026-04-08 01:43:29 | INFO     | app.pricing.calibration:fit:37 - Isotonic calibrator fitted.
2026-04-08 01:43:29 | INFO     | app.pricing.models:fit:320 - Calibration report: raw_brier=0.1118, cal_brier=0.04141
2026-04-08 01:43:29 | INFO     | app.pricing.models:fit:191 - Training LogisticRegression component...
2026-04-08 01:43:29 | INFO     | app.pricing.models:fit:193 - Training XGBoost component...
2026-04-08 01:43:29 | INFO     | app.pricing.calibration:fit:37 - Isotonic calibrator fitted.
2026-04-08 01:43:29 | INFO     | app.pricing.models:fit:320 - Calibration report: raw_brier=0.1168, cal_brier=0.04778
2026-04-08 01:43:29 | INFO     | app.pricing.models:fit:191 - Training LogisticRegression component...
2026-04-08 01:43:29 | INFO     | app.pricing.models:fit:193 - Training XGBoost component...
2026-04-08 01:43:29 | INFO     | app.pricing.calibration:fit:37 - Isotonic calibrator fitted.
2026-04-08 01:43:29 | INFO     | app.pricing.models:fit:320 - Calibration report: raw_brier=0.1011, cal_brier=0.02895
2026-04-08 01:43:29 | INFO     | app.pricing.models:fit:191 - Training LogisticRegression component...
2026-04-08 01:43:29 | INFO     | app.pricing.models:fit:193 - Training XGBoost component...
2026-04-08 01:43:29 | INFO     | app.pricing.calibration:fit:37 - Isotonic calibrator fitted.
2026-04-08 01:43:29 | INFO     | app.pricing.models:fit:320 - Calibration report: raw_brier=0.0931, cal_brier=0.01348
2026-04-08 01:43:29 | INFO     | app.pricing.models:fit:191 - Training LogisticRegression component...
2026-04-08 01:43:29 | INFO     | app.pricing.models:fit:193 - Training XGBoost component...
2026-04-08 01:43:29 | INFO     | app.pricing.calibration:fit:37 - Isotonic calibrator fitted.
2026-04-08 01:43:29 | INFO     | app.pricing.models:fit:320 - Calibration report: raw_brier=0.0918, cal_brier=0.0
2026-04-08 01:43:29 | INFO     | app.pricing.models:fit:191 - Training LogisticRegression component...
2026-04-08 01:43:29 | INFO     | app.pricing.models:fit:193 - Training XGBoost component...
2026-04-08 01:43:29 | INFO     | app.pricing.calibration:fit:37 - Isotonic calibrator fitted.
2026-04-08 01:43:29 | INFO     | app.pricing.models:fit:320 - Calibration report: raw_brier=0.0893, cal_brier=0.0
2026-04-08 01:43:29 | INFO     | app.pricing.models:fit:191 - Training LogisticRegression component...
2026-04-08 01:43:29 | INFO     | app.pricing.models:fit:193 - Training XGBoost component...
2026-04-08 01:43:29 | INFO     | app.pricing.calibration:fit:37 - Isotonic calibrator fitted.
2026-04-08 01:43:29 | INFO     | app.pricing.models:fit:320 - Calibration report: raw_brier=0.0831, cal_brier=0.0
2026-04-08 01:43:29 | INFO     | app.pricing.models:fit:191 - Training LogisticRegression component...
2026-04-08 01:43:29 | INFO     | app.pricing.models:fit:193 - Training XGBoost component...
2026-04-08 01:43:30 | INFO     | app.pricing.calibration:fit:37 - Isotonic calibrator fitted.
2026-04-08 01:43:30 | INFO     | app.pricing.models:fit:320 - Calibration report: raw_brier=0.0848, cal_brier=0.0
2026-04-08 01:43:30 | INFO     | app.pricing.models:fit:191 - Training LogisticRegression component...
2026-04-08 01:43:30 | INFO     | app.pricing.models:fit:193 - Training XGBoost component...
2026-04-08 01:43:30 | INFO     | app.pricing.calibration:fit:37 - Isotonic calibrator fitted.
2026-04-08 01:43:30 | INFO     | app.pricing.models:fit:320 - Calibration report: raw_brier=0.0406, cal_brier=0.0
2026-04-08 01:43:30 | INFO     | app.pricing.models:fit:191 - Training LogisticRegression component...
2026-04-08 01:43:30 | INFO     | app.pricing.models:fit:193 - Training XGBoost component...
2026-04-08 01:43:30 | INFO     | app.pricing.calibration:fit:37 - Isotonic calibrator fitted.
2026-04-08 01:43:30 | INFO     | app.pricing.models:fit:320 - Calibration report: raw_brier=0.0284, cal_brier=0.0
2026-04-08 01:43:30 | INFO     | app.pricing.models:fit:191 - Training LogisticRegression component...
2026-04-08 01:43:30 | INFO     | app.pricing.models:fit:193 - Training XGBoost component...
2026-04-08 01:43:30 | INFO     | app.pricing.calibration:fit:37 - Isotonic calibrator fitted.
2026-04-08 01:43:30 | INFO     | app.pricing.models:fit:320 - Calibration report: raw_brier=0.0361, cal_brier=0.0
2026-04-08 01:43:30 | INFO     | app.pricing.models:fit:191 - Training LogisticRegression component...
2026-04-08 01:43:30 | INFO     | app.pricing.models:fit:193 - Training XGBoost component...
2026-04-08 01:43:30 | INFO     | app.pricing.calibration:fit:37 - Isotonic calibrator fitted.
2026-04-08 01:43:30 | INFO     | app.pricing.models:fit:320 - Calibration report: raw_brier=0.0441, cal_brier=0.0
2026-04-08 01:43:30 | INFO     | app.pricing.models:fit:191 - Training LogisticRegression component...
2026-04-08 01:43:30 | INFO     | app.pricing.models:fit:193 - Training XGBoost component...
2026-04-08 01:43:30 | INFO     | app.pricing.calibration:fit:37 - Isotonic calibrator fitted.
2026-04-08 01:43:30 | INFO     | app.pricing.models:fit:320 - Calibration report: raw_brier=0.0529, cal_brier=0.0
2026-04-08 01:43:30 | INFO     | app.pricing.models:fit:191 - Training LogisticRegression component...
2026-04-08 01:43:30 | INFO     | app.pricing.models:fit:193 - Training XGBoost component...
2026-04-08 01:43:30 | INFO     | app.pricing.calibration:fit:37 - Isotonic calibrator fitted.
2026-04-08 01:43:30 | INFO     | app.pricing.models:fit:320 - Calibration report: raw_brier=0.0647, cal_brier=0.0
2026-04-08 01:43:30 | INFO     | app.pricing.models:fit:191 - Training LogisticRegression component...
2026-04-08 01:43:30 | INFO     | app.pricing.models:fit:193 - Training XGBoost component...
2026-04-08 01:43:30 | INFO     | app.pricing.calibration:fit:37 - Isotonic calibrator fitted.
2026-04-08 01:43:30 | INFO     | app.pricing.models:fit:320 - Calibration report: raw_brier=0.0712, cal_brier=0.0
2026-04-08 01:43:30 | INFO     | app.pricing.models:fit:191 - Training LogisticRegression component...
2026-04-08 01:43:30 | INFO     | app.pricing.models:fit:193 - Training XGBoost component...
2026-04-08 01:43:30 | INFO     | app.pricing.calibration:fit:37 - Isotonic calibrator fitted.
2026-04-08 01:43:30 | INFO     | app.pricing.models:fit:320 - Calibration report: raw_brier=0.0857, cal_brier=0.02551
2026-04-08 01:43:30 | INFO     | app.pricing.models:fit:191 - Training LogisticRegression component...
2026-04-08 01:43:30 | INFO     | app.pricing.models:fit:193 - Training XGBoost component...
2026-04-08 01:43:30 | INFO     | app.pricing.calibration:fit:37 - Isotonic calibrator fitted.
2026-04-08 01:43:30 | INFO     | app.pricing.models:fit:320 - Calibration report: raw_brier=0.0942, cal_brier=0.0
2026-04-08 01:43:30 | INFO     | app.pricing.models:fit:191 - Training LogisticRegression component...
2026-04-08 01:43:30 | INFO     | app.pricing.models:fit:193 - Training XGBoost component...
2026-04-08 01:43:30 | INFO     | app.pricing.calibration:fit:37 - Isotonic calibrator fitted.
2026-04-08 01:43:30 | INFO     | app.pricing.models:fit:320 - Calibration report: raw_brier=0.1095, cal_brier=0.01783
2026-04-08 01:43:30 | INFO     | app.pricing.models:fit:191 - Training LogisticRegression component...
2026-04-08 01:43:30 | INFO     | app.pricing.models:fit:193 - Training XGBoost component...
2026-04-08 01:43:30 | INFO     | app.pricing.calibration:fit:37 - Isotonic calibrator fitted.
2026-04-08 01:43:30 | INFO     | app.pricing.models:fit:320 - Calibration report: raw_brier=0.1198, cal_brier=0.03156
2026-04-08 01:43:30 | INFO     | app.pricing.models:fit:191 - Training LogisticRegression component...
2026-04-08 01:43:30 | INFO     | app.pricing.models:fit:193 - Training XGBoost component...
2026-04-08 01:43:30 | INFO     | app.pricing.calibration:fit:37 - Isotonic calibrator fitted.
2026-04-08 01:43:30 | INFO     | app.pricing.models:fit:320 - Calibration report: raw_brier=0.1283, cal_brier=0.00825
2026-04-08 01:43:30 | INFO     | app.pricing.models:fit:191 - Training LogisticRegression component...
2026-04-08 01:43:30 | INFO     | app.pricing.models:fit:193 - Training XGBoost component...
2026-04-08 01:43:30 | INFO     | app.pricing.calibration:fit:37 - Isotonic calibrator fitted.
2026-04-08 01:43:30 | INFO     | app.pricing.models:fit:320 - Calibration report: raw_brier=0.1442, cal_brier=0.10526
2026-04-08 01:43:30 | INFO     | app.pricing.models:fit:191 - Training LogisticRegression component...
2026-04-08 01:43:30 | INFO     | app.pricing.models:fit:193 - Training XGBoost component...
2026-04-08 01:43:30 | INFO     | app.pricing.calibration:fit:37 - Isotonic calibrator fitted.
2026-04-08 01:43:30 | INFO     | app.pricing.models:fit:320 - Calibration report: raw_brier=0.1623, cal_brier=0.14297
2026-04-08 01:43:30 | INFO     | app.pricing.models:fit:191 - Training LogisticRegression component...
2026-04-08 01:43:30 | INFO     | app.pricing.models:fit:193 - Training XGBoost component...
2026-04-08 01:43:30 | INFO     | app.pricing.calibration:fit:37 - Isotonic calibrator fitted.
2026-04-08 01:43:30 | INFO     | app.pricing.models:fit:320 - Calibration report: raw_brier=0.1665, cal_brier=0.14159
2026-04-08 01:43:30 | INFO     | app.pricing.models:fit:191 - Training LogisticRegression component...
2026-04-08 01:43:30 | INFO     | app.pricing.models:fit:193 - Training XGBoost component...
2026-04-08 01:43:30 | INFO     | app.pricing.calibration:fit:37 - Isotonic calibrator fitted.
2026-04-08 01:43:30 | INFO     | app.pricing.models:fit:320 - Calibration report: raw_brier=0.1831, cal_brier=0.15453
2026-04-08 01:43:30 | INFO     | app.pricing.models:fit:191 - Training LogisticRegression component...
2026-04-08 01:43:30 | INFO     | app.pricing.models:fit:193 - Training XGBoost component...
2026-04-08 01:43:31 | INFO     | app.pricing.calibration:fit:37 - Isotonic calibrator fitted.
2026-04-08 01:43:31 | INFO     | app.pricing.models:fit:320 - Calibration report: raw_brier=0.1916, cal_brier=0.15873
2026-04-08 01:43:31 | INFO     | app.pricing.models:fit:191 - Training LogisticRegression component...
2026-04-08 01:43:31 | INFO     | app.pricing.models:fit:193 - Training XGBoost component...
2026-04-08 01:43:31 | INFO     | app.pricing.calibration:fit:37 - Isotonic calibrator fitted.
2026-04-08 01:43:31 | INFO     | app.pricing.models:fit:320 - Calibration report: raw_brier=0.1975, cal_brier=0.15873
2026-04-08 01:43:31 | INFO     | app.pricing.models:fit:191 - Training LogisticRegression component...
2026-04-08 01:43:31 | INFO     | app.pricing.models:fit:193 - Training XGBoost component...
2026-04-08 01:43:31 | INFO     | app.pricing.calibration:fit:37 - Isotonic calibrator fitted.
2026-04-08 01:43:31 | INFO     | app.pricing.models:fit:320 - Calibration report: raw_brier=0.2039, cal_brier=0.15723
2026-04-08 01:43:31 | INFO     | app.pricing.models:fit:191 - Training LogisticRegression component...
2026-04-08 01:43:31 | INFO     | app.pricing.models:fit:193 - Training XGBoost component...
2026-04-08 01:43:31 | INFO     | app.pricing.calibration:fit:37 - Isotonic calibrator fitted.
2026-04-08 01:43:31 | INFO     | app.pricing.models:fit:320 - Calibration report: raw_brier=0.2045, cal_brier=0.15576
2026-04-08 01:43:31 | INFO     | app.pricing.models:fit:191 - Training LogisticRegression component...
2026-04-08 01:43:31 | INFO     | app.pricing.models:fit:193 - Training XGBoost component...
2026-04-08 01:43:31 | INFO     | app.pricing.calibration:fit:37 - Isotonic calibrator fitted.
2026-04-08 01:43:31 | INFO     | app.pricing.models:fit:320 - Calibration report: raw_brier=0.2124, cal_brier=0.15432
2026-04-08 01:43:31 | INFO     | app.pricing.models:fit:191 - Training LogisticRegression component...
2026-04-08 01:43:31 | INFO     | app.pricing.models:fit:193 - Training XGBoost component...
2026-04-08 01:43:31 | INFO     | app.pricing.calibration:fit:37 - Isotonic calibrator fitted.
2026-04-08 01:43:31 | INFO     | app.pricing.models:fit:320 - Calibration report: raw_brier=0.2053, cal_brier=0.15432
2026-04-08 01:43:31 | INFO     | app.pricing.models:fit:191 - Training LogisticRegression component...
2026-04-08 01:43:31 | INFO     | app.pricing.models:fit:193 - Training XGBoost component...
2026-04-08 01:43:31 | INFO     | app.pricing.calibration:fit:37 - Isotonic calibrator fitted.
2026-04-08 01:43:31 | INFO     | app.pricing.models:fit:320 - Calibration report: raw_brier=0.2059, cal_brier=0.15291
2026-04-08 01:43:31 | INFO     | app.pricing.models:fit:191 - Training LogisticRegression component...
2026-04-08 01:43:31 | INFO     | app.pricing.models:fit:193 - Training XGBoost component...
2026-04-08 01:43:31 | INFO     | app.pricing.calibration:fit:37 - Isotonic calibrator fitted.
2026-04-08 01:43:31 | INFO     | app.pricing.models:fit:320 - Calibration report: raw_brier=0.2047, cal_brier=0.15152
2026-04-08 01:43:31 | INFO     | app.pricing.models:fit:191 - Training LogisticRegression component...
2026-04-08 01:43:31 | INFO     | app.pricing.models:fit:193 - Training XGBoost component...
2026-04-08 01:43:31 | INFO     | app.pricing.calibration:fit:37 - Isotonic calibrator fitted.
2026-04-08 01:43:31 | INFO     | app.pricing.models:fit:320 - Calibration report: raw_brier=0.1720, cal_brier=0.11482
2026-04-08 01:43:31 | INFO     | app.pricing.models:fit:191 - Training LogisticRegression component...
2026-04-08 01:43:31 | INFO     | app.pricing.models:fit:193 - Training XGBoost component...
2026-04-08 01:43:31 | INFO     | app.pricing.calibration:fit:37 - Isotonic calibrator fitted.
2026-04-08 01:43:31 | INFO     | app.pricing.models:fit:320 - Calibration report: raw_brier=0.1746, cal_brier=0.11482
2026-04-08 01:43:31 | INFO     | app.pricing.models:fit:191 - Training LogisticRegression component...
2026-04-08 01:43:31 | INFO     | app.pricing.models:fit:193 - Training XGBoost component...
2026-04-08 01:43:31 | INFO     | app.pricing.calibration:fit:37 - Isotonic calibrator fitted.
2026-04-08 01:43:31 | INFO     | app.pricing.models:fit:320 - Calibration report: raw_brier=0.1706, cal_brier=0.1138
2026-04-08 01:43:31 | INFO     | app.pricing.models:fit:191 - Training LogisticRegression component...
2026-04-08 01:43:31 | INFO     | app.pricing.models:fit:193 - Training XGBoost component...
2026-04-08 01:43:31 | INFO     | app.pricing.calibration:fit:37 - Isotonic calibrator fitted.
2026-04-08 01:43:31 | INFO     | app.pricing.models:fit:320 - Calibration report: raw_brier=0.1741, cal_brier=0.12278
2026-04-08 01:43:31 | INFO     | app.pricing.models:fit:191 - Training LogisticRegression component...
2026-04-08 01:43:31 | INFO     | app.pricing.models:fit:193 - Training XGBoost component...
2026-04-08 01:43:32 | INFO     | app.pricing.calibration:fit:37 - Isotonic calibrator fitted.
2026-04-08 01:43:32 | INFO     | app.pricing.models:fit:320 - Calibration report: raw_brier=0.1818, cal_brier=0.12969
2026-04-08 01:43:32 | INFO     | app.pricing.models:fit:191 - Training LogisticRegression component...
2026-04-08 01:43:32 | INFO     | app.pricing.models:fit:193 - Training XGBoost component...
2026-04-08 01:43:32 | INFO     | app.pricing.calibration:fit:37 - Isotonic calibrator fitted.
2026-04-08 01:43:32 | INFO     | app.pricing.models:fit:320 - Calibration report: raw_brier=0.1942, cal_brier=0.17016
2026-04-08 01:43:32 | INFO     | app.pricing.models:fit:191 - Training LogisticRegression component...
2026-04-08 01:43:32 | INFO     | app.pricing.models:fit:193 - Training XGBoost component...
2026-04-08 01:43:32 | INFO     | app.pricing.calibration:fit:37 - Isotonic calibrator fitted.
2026-04-08 01:43:32 | INFO     | app.pricing.models:fit:320 - Calibration report: raw_brier=0.2235, cal_brier=0.12451
2026-04-08 01:43:32 | INFO     | app.pricing.models:fit:191 - Training LogisticRegression component...
2026-04-08 01:43:32 | INFO     | app.pricing.models:fit:193 - Training XGBoost component...
2026-04-08 01:43:32 | INFO     | app.pricing.calibration:fit:37 - Isotonic calibrator fitted.
2026-04-08 01:43:32 | INFO     | app.pricing.models:fit:320 - Calibration report: raw_brier=0.2445, cal_brier=0.13694
2026-04-08 01:43:32 | INFO     | app.pricing.models:fit:191 - Training LogisticRegression component...
2026-04-08 01:43:32 | INFO     | app.pricing.models:fit:193 - Training XGBoost component...
2026-04-08 01:43:32 | INFO     | app.pricing.calibration:fit:37 - Isotonic calibrator fitted.
2026-04-08 01:43:32 | INFO     | app.pricing.models:fit:320 - Calibration report: raw_brier=0.2425, cal_brier=0.13051
2026-04-08 01:43:32 | INFO     | app.pricing.models:fit:191 - Training LogisticRegression component...
2026-04-08 01:43:32 | INFO     | app.pricing.models:fit:193 - Training XGBoost component...
2026-04-08 01:43:32 | INFO     | app.pricing.calibration:fit:37 - Isotonic calibrator fitted.
2026-04-08 01:43:32 | INFO     | app.pricing.models:fit:320 - Calibration report: raw_brier=0.2383, cal_brier=0.15139
2026-04-08 01:43:32 | INFO     | app.pricing.models:fit:191 - Training LogisticRegression component...
2026-04-08 01:43:32 | INFO     | app.pricing.models:fit:193 - Training XGBoost component...
2026-04-08 01:43:32 | INFO     | app.pricing.calibration:fit:37 - Isotonic calibrator fitted.
2026-04-08 01:43:32 | INFO     | app.pricing.models:fit:320 - Calibration report: raw_brier=0.2327, cal_brier=0.1289
2026-04-08 01:43:32 | INFO     | app.pricing.models:fit:191 - Training LogisticRegression component...
2026-04-08 01:43:32 | INFO     | app.pricing.models:fit:193 - Training XGBoost component...
2026-04-08 01:43:32 | INFO     | app.pricing.calibration:fit:37 - Isotonic calibrator fitted.
2026-04-08 01:43:32 | INFO     | app.pricing.models:fit:320 - Calibration report: raw_brier=0.2142, cal_brier=0.14006
2026-04-08 01:43:32 | INFO     | app.pricing.models:fit:191 - Training LogisticRegression component...
2026-04-08 01:43:32 | INFO     | app.pricing.models:fit:193 - Training XGBoost component...
2026-04-08 01:43:32 | INFO     | app.pricing.calibration:fit:37 - Isotonic calibrator fitted.
2026-04-08 01:43:32 | INFO     | app.pricing.models:fit:320 - Calibration report: raw_brier=0.1950, cal_brier=0.11418
2026-04-08 01:43:32 | INFO     | app.pricing.models:fit:191 - Training LogisticRegression component...
2026-04-08 01:43:32 | INFO     | app.pricing.models:fit:193 - Training XGBoost component...
2026-04-08 01:43:32 | INFO     | app.pricing.calibration:fit:37 - Isotonic calibrator fitted.
2026-04-08 01:43:32 | INFO     | app.pricing.models:fit:320 - Calibration report: raw_brier=0.1997, cal_brier=0.13254
2026-04-08 01:43:32 | INFO     | app.pricing.models:fit:191 - Training LogisticRegression component...
2026-04-08 01:43:32 | INFO     | app.pricing.models:fit:193 - Training XGBoost component...
2026-04-08 01:43:32 | INFO     | app.pricing.calibration:fit:37 - Isotonic calibrator fitted.
2026-04-08 01:43:32 | INFO     | app.pricing.models:fit:320 - Calibration report: raw_brier=0.2081, cal_brier=0.14765
2026-04-08 01:43:32 | INFO     | app.pricing.models:fit:191 - Training LogisticRegression component...
2026-04-08 01:43:32 | INFO     | app.pricing.models:fit:193 - Training XGBoost component...
2026-04-08 01:43:32 | INFO     | app.pricing.calibration:fit:37 - Isotonic calibrator fitted.
2026-04-08 01:43:32 | INFO     | app.pricing.models:fit:320 - Calibration report: raw_brier=0.2162, cal_brier=0.15673
2026-04-08 01:43:32 | INFO     | app.pricing.models:fit:191 - Training LogisticRegression component...
2026-04-08 01:43:32 | INFO     | app.pricing.models:fit:193 - Training XGBoost component...
2026-04-08 01:43:32 | INFO     | app.pricing.calibration:fit:37 - Isotonic calibrator fitted.
2026-04-08 01:43:32 | INFO     | app.pricing.models:fit:320 - Calibration report: raw_brier=0.2252, cal_brier=0.1665
2026-04-08 01:43:32 | INFO     | app.pricing.models:fit:191 - Training LogisticRegression component...
2026-04-08 01:43:32 | INFO     | app.pricing.models:fit:193 - Training XGBoost component...
2026-04-08 01:43:32 | INFO     | app.pricing.calibration:fit:37 - Isotonic calibrator fitted.
2026-04-08 01:43:32 | INFO     | app.pricing.models:fit:320 - Calibration report: raw_brier=0.2272, cal_brier=0.15696
2026-04-08 01:43:32 | INFO     | app.pricing.models:fit:191 - Training LogisticRegression component...
2026-04-08 01:43:32 | INFO     | app.pricing.models:fit:193 - Training XGBoost component...
2026-04-08 01:43:32 | INFO     | app.pricing.calibration:fit:37 - Isotonic calibrator fitted.
2026-04-08 01:43:33 | INFO     | app.pricing.models:fit:320 - Calibration report: raw_brier=0.2092, cal_brier=0.1335
2026-04-08 01:43:33 | INFO     | app.pricing.models:fit:191 - Training LogisticRegression component...
2026-04-08 01:43:33 | INFO     | app.pricing.models:fit:193 - Training XGBoost component...
2026-04-08 01:43:33 | INFO     | app.pricing.calibration:fit:37 - Isotonic calibrator fitted.
2026-04-08 01:43:33 | INFO     | app.pricing.models:fit:320 - Calibration report: raw_brier=0.2057, cal_brier=0.13333
2026-04-08 01:43:33 | INFO     | app.pricing.models:fit:191 - Training LogisticRegression component...
2026-04-08 01:43:33 | INFO     | app.pricing.models:fit:193 - Training XGBoost component...
2026-04-08 01:43:33 | INFO     | app.pricing.calibration:fit:37 - Isotonic calibrator fitted.
2026-04-08 01:43:33 | INFO     | app.pricing.models:fit:320 - Calibration report: raw_brier=0.2004, cal_brier=0.12228
2026-04-08 01:43:33 | INFO     | app.pricing.models:fit:191 - Training LogisticRegression component...
2026-04-08 01:43:33 | INFO     | app.pricing.models:fit:193 - Training XGBoost component...
2026-04-08 01:43:33 | INFO     | app.pricing.calibration:fit:37 - Isotonic calibrator fitted.
2026-04-08 01:43:33 | INFO     | app.pricing.models:fit:320 - Calibration report: raw_brier=0.1954, cal_brier=0.13262
2026-04-08 01:43:33 | INFO     | app.pricing.models:fit:191 - Training LogisticRegression component...
2026-04-08 01:43:33 | INFO     | app.pricing.models:fit:193 - Training XGBoost component...
2026-04-08 01:43:33 | INFO     | app.pricing.calibration:fit:37 - Isotonic calibrator fitted.
2026-04-08 01:43:33 | INFO     | app.pricing.models:fit:320 - Calibration report: raw_brier=0.1936, cal_brier=0.13294
2026-04-08 01:43:33 | INFO     | app.pricing.models:fit:191 - Training LogisticRegression component...
2026-04-08 01:43:33 | INFO     | app.pricing.models:fit:193 - Training XGBoost component...
2026-04-08 01:43:33 | INFO     | app.pricing.calibration:fit:37 - Isotonic calibrator fitted.
2026-04-08 01:43:33 | INFO     | app.pricing.models:fit:320 - Calibration report: raw_brier=0.2186, cal_brier=0.14423
2026-04-08 01:43:33 | INFO     | app.pricing.models:fit:191 - Training LogisticRegression component...
2026-04-08 01:43:33 | INFO     | app.pricing.models:fit:193 - Training XGBoost component...
2026-04-08 01:43:33 | INFO     | app.pricing.calibration:fit:37 - Isotonic calibrator fitted.
2026-04-08 01:43:33 | INFO     | app.pricing.models:fit:320 - Calibration report: raw_brier=0.2470, cal_brier=0.15106
2026-04-08 01:43:33 | INFO     | app.pricing.models:fit:191 - Training LogisticRegression component...
2026-04-08 01:43:33 | INFO     | app.pricing.models:fit:193 - Training XGBoost component...
2026-04-08 01:43:33 | INFO     | app.pricing.calibration:fit:37 - Isotonic calibrator fitted.
2026-04-08 01:43:33 | INFO     | app.pricing.models:fit:320 - Calibration report: raw_brier=0.2742, cal_brier=0.15308
2026-04-08 01:43:33 | INFO     | app.pricing.models:fit:191 - Training LogisticRegression component...
2026-04-08 01:43:33 | INFO     | app.pricing.models:fit:193 - Training XGBoost component...
2026-04-08 01:43:33 | INFO     | app.pricing.calibration:fit:37 - Isotonic calibrator fitted.
2026-04-08 01:43:33 | INFO     | app.pricing.models:fit:320 - Calibration report: raw_brier=0.2967, cal_brier=0.15144
2026-04-08 01:43:33 | INFO     | app.pricing.models:fit:191 - Training LogisticRegression component...
2026-04-08 01:43:33 | INFO     | app.pricing.models:fit:193 - Training XGBoost component...
2026-04-08 01:43:33 | INFO     | app.pricing.calibration:fit:37 - Isotonic calibrator fitted.
2026-04-08 01:43:33 | INFO     | app.pricing.models:fit:320 - Calibration report: raw_brier=0.3241, cal_brier=0.14607
2026-04-08 01:43:33 | INFO     | app.pricing.models:fit:191 - Training LogisticRegression component...
2026-04-08 01:43:33 | INFO     | app.pricing.models:fit:193 - Training XGBoost component...
2026-04-08 01:43:33 | INFO     | app.pricing.calibration:fit:37 - Isotonic calibrator fitted.
2026-04-08 01:43:33 | INFO     | app.pricing.models:fit:320 - Calibration report: raw_brier=0.3412, cal_brier=0.1372
2026-04-08 01:43:33 | INFO     | app.pricing.models:fit:191 - Training LogisticRegression component...
2026-04-08 01:43:33 | INFO     | app.pricing.models:fit:193 - Training XGBoost component...
2026-04-08 01:43:33 | INFO     | app.pricing.calibration:fit:37 - Isotonic calibrator fitted.
2026-04-08 01:43:33 | INFO     | app.pricing.models:fit:320 - Calibration report: raw_brier=0.2638, cal_brier=0.10223
2026-04-08 01:43:33 | INFO     | app.pricing.models:fit:191 - Training LogisticRegression component...
2026-04-08 01:43:33 | INFO     | app.pricing.models:fit:193 - Training XGBoost component...
2026-04-08 01:43:33 | INFO     | app.pricing.calibration:fit:37 - Isotonic calibrator fitted.
2026-04-08 01:43:33 | INFO     | app.pricing.models:fit:320 - Calibration report: raw_brier=0.1933, cal_brier=0.05992
2026-04-08 01:43:33 | INFO     | app.pricing.models:fit:191 - Training LogisticRegression component...
2026-04-08 01:43:33 | INFO     | app.pricing.models:fit:193 - Training XGBoost component...
2026-04-08 01:43:33 | INFO     | app.pricing.calibration:fit:37 - Isotonic calibrator fitted.
2026-04-08 01:43:33 | INFO     | app.pricing.models:fit:320 - Calibration report: raw_brier=0.1968, cal_brier=0.06772
2026-04-08 01:43:33 | INFO     | app.pricing.models:fit:191 - Training LogisticRegression component...
2026-04-08 01:43:33 | INFO     | app.pricing.models:fit:193 - Training XGBoost component...
2026-04-08 01:43:34 | INFO     | app.pricing.calibration:fit:37 - Isotonic calibrator fitted.
2026-04-08 01:43:34 | INFO     | app.pricing.models:fit:320 - Calibration report: raw_brier=0.2067, cal_brier=0.06899
2026-04-08 01:43:34 | INFO     | app.pricing.models:fit:191 - Training LogisticRegression component...
2026-04-08 01:43:34 | INFO     | app.pricing.models:fit:193 - Training XGBoost component...
2026-04-08 01:43:34 | INFO     | app.pricing.calibration:fit:37 - Isotonic calibrator fitted.
2026-04-08 01:43:34 | INFO     | app.pricing.models:fit:320 - Calibration report: raw_brier=0.2230, cal_brier=0.08311
2026-04-08 01:43:34 | INFO     | app.pricing.models:fit:191 - Training LogisticRegression component...
2026-04-08 01:43:34 | INFO     | app.pricing.models:fit:193 - Training XGBoost component...
2026-04-08 01:43:34 | INFO     | app.pricing.calibration:fit:37 - Isotonic calibrator fitted.
2026-04-08 01:43:34 | INFO     | app.pricing.models:fit:320 - Calibration report: raw_brier=0.2415, cal_brier=0.06825
2026-04-08 01:43:34 | INFO     | app.pricing.models:fit:191 - Training LogisticRegression component...
2026-04-08 01:43:34 | INFO     | app.pricing.models:fit:193 - Training XGBoost component...
2026-04-08 01:43:34 | INFO     | app.pricing.calibration:fit:37 - Isotonic calibrator fitted.
2026-04-08 01:43:34 | INFO     | app.pricing.models:fit:320 - Calibration report: raw_brier=0.2554, cal_brier=0.06861
2026-04-08 01:43:34 | INFO     | app.pricing.models:fit:191 - Training LogisticRegression component...
2026-04-08 01:43:34 | INFO     | app.pricing.models:fit:193 - Training XGBoost component...
2026-04-08 01:43:34 | INFO     | app.pricing.calibration:fit:37 - Isotonic calibrator fitted.
2026-04-08 01:43:34 | INFO     | app.pricing.models:fit:320 - Calibration report: raw_brier=0.2678, cal_brier=0.06563
2026-04-08 01:43:34 | INFO     | app.pricing.models:fit:191 - Training LogisticRegression component...
2026-04-08 01:43:34 | INFO     | app.pricing.models:fit:193 - Training XGBoost component...
2026-04-08 01:43:34 | INFO     | app.pricing.calibration:fit:37 - Isotonic calibrator fitted.
2026-04-08 01:43:34 | INFO     | app.pricing.models:fit:320 - Calibration report: raw_brier=0.2868, cal_brier=0.07331
2026-04-08 01:43:34 | INFO     | app.pricing.models:fit:191 - Training LogisticRegression component...
2026-04-08 01:43:34 | INFO     | app.pricing.models:fit:193 - Training XGBoost component...
2026-04-08 01:43:34 | INFO     | app.pricing.calibration:fit:37 - Isotonic calibrator fitted.
2026-04-08 01:43:34 | INFO     | app.pricing.models:fit:320 - Calibration report: raw_brier=0.2989, cal_brier=0.09641
2026-04-08 01:43:34 | INFO     | app.pricing.models:fit:191 - Training LogisticRegression component...
2026-04-08 01:43:34 | INFO     | app.pricing.models:fit:193 - Training XGBoost component...
2026-04-08 01:43:34 | INFO     | app.pricing.calibration:fit:37 - Isotonic calibrator fitted.
2026-04-08 01:43:34 | INFO     | app.pricing.models:fit:320 - Calibration report: raw_brier=0.3182, cal_brier=0.13235
2026-04-08 01:43:34 | INFO     | app.pricing.models:fit:191 - Training LogisticRegression component...
2026-04-08 01:43:34 | INFO     | app.pricing.models:fit:193 - Training XGBoost component...
2026-04-08 01:43:34 | INFO     | app.pricing.calibration:fit:37 - Isotonic calibrator fitted.
2026-04-08 01:43:34 | INFO     | app.pricing.models:fit:320 - Calibration report: raw_brier=0.3307, cal_brier=0.16093
2026-04-08 01:43:34 | INFO     | app.pricing.models:fit:191 - Training LogisticRegression component...
2026-04-08 01:43:34 | INFO     | app.pricing.models:fit:193 - Training XGBoost component...
2026-04-08 01:43:34 | INFO     | app.pricing.calibration:fit:37 - Isotonic calibrator fitted.
2026-04-08 01:43:34 | INFO     | app.pricing.models:fit:320 - Calibration report: raw_brier=0.3305, cal_brier=0.17464
2026-04-08 01:43:34 | INFO     | app.pricing.models:fit:191 - Training LogisticRegression component...
2026-04-08 01:43:34 | INFO     | app.pricing.models:fit:193 - Training XGBoost component...
2026-04-08 01:43:34 | INFO     | app.pricing.calibration:fit:37 - Isotonic calibrator fitted.
2026-04-08 01:43:34 | INFO     | app.pricing.models:fit:320 - Calibration report: raw_brier=0.3289, cal_brier=0.18077
2026-04-08 01:43:34 | INFO     | app.pricing.models:fit:191 - Training LogisticRegression component...
2026-04-08 01:43:34 | INFO     | app.pricing.models:fit:193 - Training XGBoost component...
2026-04-08 01:43:34 | INFO     | app.pricing.calibration:fit:37 - Isotonic calibrator fitted.
2026-04-08 01:43:34 | INFO     | app.pricing.models:fit:320 - Calibration report: raw_brier=0.3326, cal_brier=0.18189
2026-04-08 01:43:34 | INFO     | app.pricing.models:fit:191 - Training LogisticRegression component...
2026-04-08 01:43:34 | INFO     | app.pricing.models:fit:193 - Training XGBoost component...
2026-04-08 01:43:34 | INFO     | app.pricing.calibration:fit:37 - Isotonic calibrator fitted.
2026-04-08 01:43:34 | INFO     | app.pricing.models:fit:320 - Calibration report: raw_brier=0.3232, cal_brier=0.17426
2026-04-08 01:43:34 | INFO     | app.pricing.models:fit:191 - Training LogisticRegression component...
2026-04-08 01:43:34 | INFO     | app.pricing.models:fit:193 - Training XGBoost component...
2026-04-08 01:43:34 | INFO     | app.pricing.calibration:fit:37 - Isotonic calibrator fitted.
2026-04-08 01:43:34 | INFO     | app.pricing.models:fit:320 - Calibration report: raw_brier=0.3188, cal_brier=0.17715
2026-04-08 01:43:34 | INFO     | app.pricing.models:fit:191 - Training LogisticRegression component...
2026-04-08 01:43:34 | INFO     | app.pricing.models:fit:193 - Training XGBoost component...
2026-04-08 01:43:35 | INFO     | app.pricing.calibration:fit:37 - Isotonic calibrator fitted.
2026-04-08 01:43:35 | INFO     | app.pricing.models:fit:320 - Calibration report: raw_brier=0.3222, cal_brier=0.17094
2026-04-08 01:43:35 | INFO     | app.pricing.models:fit:191 - Training LogisticRegression component...
2026-04-08 01:43:35 | INFO     | app.pricing.models:fit:193 - Training XGBoost component...
2026-04-08 01:43:35 | INFO     | app.pricing.calibration:fit:37 - Isotonic calibrator fitted.
2026-04-08 01:43:35 | INFO     | app.pricing.models:fit:320 - Calibration report: raw_brier=0.3179, cal_brier=0.16403
2026-04-08 01:43:35 | INFO     | app.pricing.models:fit:191 - Training LogisticRegression component...
2026-04-08 01:43:35 | INFO     | app.pricing.models:fit:193 - Training XGBoost component...
2026-04-08 01:43:35 | INFO     | app.pricing.calibration:fit:37 - Isotonic calibrator fitted.
2026-04-08 01:43:35 | INFO     | app.pricing.models:fit:320 - Calibration report: raw_brier=0.3211, cal_brier=0.14676
2026-04-08 01:43:35 | INFO     | app.pricing.models:fit:191 - Training LogisticRegression component...
2026-04-08 01:43:35 | INFO     | app.pricing.models:fit:193 - Training XGBoost component...
2026-04-08 01:43:35 | INFO     | app.pricing.calibration:fit:37 - Isotonic calibrator fitted.
2026-04-08 01:43:35 | INFO     | app.pricing.models:fit:320 - Calibration report: raw_brier=0.3286, cal_brier=0.13734
2026-04-08 01:43:35 | INFO     | app.pricing.models:fit:191 - Training LogisticRegression component...
2026-04-08 01:43:35 | INFO     | app.pricing.models:fit:193 - Training XGBoost component...
2026-04-08 01:43:35 | INFO     | app.pricing.calibration:fit:37 - Isotonic calibrator fitted.
2026-04-08 01:43:35 | INFO     | app.pricing.models:fit:320 - Calibration report: raw_brier=0.3357, cal_brier=0.13788
2026-04-08 01:43:35 | INFO     | app.pricing.models:fit:191 - Training LogisticRegression component...
2026-04-08 01:43:35 | INFO     | app.pricing.models:fit:193 - Training XGBoost component...
2026-04-08 01:43:35 | INFO     | app.pricing.calibration:fit:37 - Isotonic calibrator fitted.
2026-04-08 01:43:35 | INFO     | app.pricing.models:fit:320 - Calibration report: raw_brier=0.3374, cal_brier=0.13791
2026-04-08 01:43:35 | INFO     | app.pricing.models:fit:191 - Training LogisticRegression component...
2026-04-08 01:43:35 | INFO     | app.pricing.models:fit:193 - Training XGBoost component...
2026-04-08 01:43:35 | INFO     | app.pricing.calibration:fit:37 - Isotonic calibrator fitted.
2026-04-08 01:43:35 | INFO     | app.pricing.models:fit:320 - Calibration report: raw_brier=0.3477, cal_brier=0.13333
2026-04-08 01:43:35 | INFO     | app.pricing.models:fit:191 - Training LogisticRegression component...
2026-04-08 01:43:35 | INFO     | app.pricing.models:fit:193 - Training XGBoost component...
2026-04-08 01:43:35 | INFO     | app.pricing.calibration:fit:37 - Isotonic calibrator fitted.
2026-04-08 01:43:35 | INFO     | app.pricing.models:fit:320 - Calibration report: raw_brier=0.3279, cal_brier=0.15606
2026-04-08 01:43:35 | INFO     | app.pricing.models:fit:191 - Training LogisticRegression component...
2026-04-08 01:43:35 | INFO     | app.pricing.models:fit:193 - Training XGBoost component...
2026-04-08 01:43:35 | INFO     | app.pricing.calibration:fit:37 - Isotonic calibrator fitted.
2026-04-08 01:43:35 | INFO     | app.pricing.models:fit:320 - Calibration report: raw_brier=0.3236, cal_brier=0.16937
2026-04-08 01:43:35 | INFO     | app.pricing.models:fit:191 - Training LogisticRegression component...
2026-04-08 01:43:35 | INFO     | app.pricing.models:fit:193 - Training XGBoost component...
2026-04-08 01:43:35 | INFO     | app.pricing.calibration:fit:37 - Isotonic calibrator fitted.
2026-04-08 01:43:35 | INFO     | app.pricing.models:fit:320 - Calibration report: raw_brier=0.3242, cal_brier=0.17812
2026-04-08 01:43:35 | INFO     | app.pricing.models:fit:191 - Training LogisticRegression component...
2026-04-08 01:43:35 | INFO     | app.pricing.models:fit:193 - Training XGBoost component...
2026-04-08 01:43:35 | INFO     | app.pricing.calibration:fit:37 - Isotonic calibrator fitted.
2026-04-08 01:43:35 | INFO     | app.pricing.models:fit:320 - Calibration report: raw_brier=0.3213, cal_brier=0.1878
2026-04-08 01:43:35 | INFO     | app.pricing.models:fit:191 - Training LogisticRegression component...
2026-04-08 01:43:35 | INFO     | app.pricing.models:fit:193 - Training XGBoost component...
2026-04-08 01:43:35 | INFO     | app.pricing.calibration:fit:37 - Isotonic calibrator fitted.
2026-04-08 01:43:35 | INFO     | app.pricing.models:fit:320 - Calibration report: raw_brier=0.3333, cal_brier=0.19993
2026-04-08 01:43:35 | INFO     | app.pricing.models:fit:191 - Training LogisticRegression component...
2026-04-08 01:43:35 | INFO     | app.pricing.models:fit:193 - Training XGBoost component...
2026-04-08 01:43:35 | INFO     | app.pricing.calibration:fit:37 - Isotonic calibrator fitted.
2026-04-08 01:43:35 | INFO     | app.pricing.models:fit:320 - Calibration report: raw_brier=0.2875, cal_brier=0.21207
2026-04-08 01:43:35 | INFO     | app.pricing.models:fit:191 - Training LogisticRegression component...
2026-04-08 01:43:35 | INFO     | app.pricing.models:fit:193 - Training XGBoost component...
2026-04-08 01:43:35 | INFO     | app.pricing.calibration:fit:37 - Isotonic calibrator fitted.
2026-04-08 01:43:35 | INFO     | app.pricing.models:fit:320 - Calibration report: raw_brier=0.3037, cal_brier=0.21569
2026-04-08 01:43:35 | INFO     | app.pricing.models:fit:191 - Training LogisticRegression component...
2026-04-08 01:43:35 | INFO     | app.pricing.models:fit:193 - Training XGBoost component...
2026-04-08 01:43:36 | INFO     | app.pricing.calibration:fit:37 - Isotonic calibrator fitted.
2026-04-08 01:43:36 | INFO     | app.pricing.models:fit:320 - Calibration report: raw_brier=0.3176, cal_brier=0.21776
2026-04-08 01:43:36 | INFO     | app.pricing.models:fit:191 - Training LogisticRegression component...
2026-04-08 01:43:36 | INFO     | app.pricing.models:fit:193 - Training XGBoost component...
2026-04-08 01:43:36 | INFO     | app.pricing.calibration:fit:37 - Isotonic calibrator fitted.
2026-04-08 01:43:36 | INFO     | app.pricing.models:fit:320 - Calibration report: raw_brier=0.3240, cal_brier=0.21848
2026-04-08 01:43:36 | INFO     | app.pricing.models:fit:191 - Training LogisticRegression component...
2026-04-08 01:43:36 | INFO     | app.pricing.models:fit:193 - Training XGBoost component...
2026-04-08 01:43:36 | INFO     | app.pricing.calibration:fit:37 - Isotonic calibrator fitted.
2026-04-08 01:43:36 | INFO     | app.pricing.models:fit:320 - Calibration report: raw_brier=0.3368, cal_brier=0.21459
2026-04-08 01:43:36 | INFO     | app.pricing.models:fit:191 - Training LogisticRegression component...
2026-04-08 01:43:36 | INFO     | app.pricing.models:fit:193 - Training XGBoost component...
2026-04-08 01:43:36 | INFO     | app.pricing.calibration:fit:37 - Isotonic calibrator fitted.
2026-04-08 01:43:36 | INFO     | app.pricing.models:fit:320 - Calibration report: raw_brier=0.3453, cal_brier=0.21664
2026-04-08 01:43:36 | INFO     | app.pricing.models:fit:191 - Training LogisticRegression component...
2026-04-08 01:43:36 | INFO     | app.pricing.models:fit:193 - Training XGBoost component...
2026-04-08 01:43:36 | INFO     | app.pricing.calibration:fit:37 - Isotonic calibrator fitted.
2026-04-08 01:43:36 | INFO     | app.pricing.models:fit:320 - Calibration report: raw_brier=0.3474, cal_brier=0.20769
2026-04-08 01:43:36 | INFO     | app.pricing.models:fit:191 - Training LogisticRegression component...
2026-04-08 01:43:36 | INFO     | app.pricing.models:fit:193 - Training XGBoost component...
2026-04-08 01:43:36 | INFO     | app.pricing.calibration:fit:37 - Isotonic calibrator fitted.
2026-04-08 01:43:36 | INFO     | app.pricing.models:fit:320 - Calibration report: raw_brier=0.3356, cal_brier=0.20076
2026-04-08 01:43:36 | INFO     | app.pricing.models:fit:191 - Training LogisticRegression component...
2026-04-08 01:43:36 | INFO     | app.pricing.models:fit:193 - Training XGBoost component...
2026-04-08 01:43:36 | INFO     | app.pricing.calibration:fit:37 - Isotonic calibrator fitted.
2026-04-08 01:43:36 | INFO     | app.pricing.models:fit:320 - Calibration report: raw_brier=0.3361, cal_brier=0.19978
2026-04-08 01:43:36 | INFO     | app.pricing.models:fit:191 - Training LogisticRegression component...
2026-04-08 01:43:36 | INFO     | app.pricing.models:fit:193 - Training XGBoost component...
2026-04-08 01:43:36 | INFO     | app.pricing.calibration:fit:37 - Isotonic calibrator fitted.
2026-04-08 01:43:36 | INFO     | app.pricing.models:fit:320 - Calibration report: raw_brier=0.3392, cal_brier=0.20481
2026-04-08 01:43:36 | INFO     | app.pricing.models:fit:191 - Training LogisticRegression component...
2026-04-08 01:43:36 | INFO     | app.pricing.models:fit:193 - Training XGBoost component...
2026-04-08 01:43:36 | INFO     | app.pricing.calibration:fit:37 - Isotonic calibrator fitted.
2026-04-08 01:43:36 | INFO     | app.pricing.models:fit:320 - Calibration report: raw_brier=0.3329, cal_brier=0.19764
2026-04-08 01:43:36 | INFO     | app.pricing.models:fit:191 - Training LogisticRegression component...
2026-04-08 01:43:36 | INFO     | app.pricing.models:fit:193 - Training XGBoost component...
2026-04-08 01:43:36 | INFO     | app.pricing.calibration:fit:37 - Isotonic calibrator fitted.
2026-04-08 01:43:36 | INFO     | app.pricing.models:fit:320 - Calibration report: raw_brier=0.3356, cal_brier=0.20017
2026-04-08 01:43:36 | INFO     | app.pricing.models:fit:191 - Training LogisticRegression component...
2026-04-08 01:43:36 | INFO     | app.pricing.models:fit:193 - Training XGBoost component...
2026-04-08 01:43:36 | INFO     | app.pricing.calibration:fit:37 - Isotonic calibrator fitted.
2026-04-08 01:43:36 | INFO     | app.pricing.models:fit:320 - Calibration report: raw_brier=0.2826, cal_brier=0.20283
2026-04-08 01:43:36 | INFO     | app.pricing.models:fit:191 - Training LogisticRegression component...
2026-04-08 01:43:36 | INFO     | app.pricing.models:fit:193 - Training XGBoost component...
2026-04-08 01:43:36 | INFO     | app.pricing.calibration:fit:37 - Isotonic calibrator fitted.
2026-04-08 01:43:36 | INFO     | app.pricing.models:fit:320 - Calibration report: raw_brier=0.2549, cal_brier=0.19449
2026-04-08 01:43:36 | INFO     | app.pricing.models:fit:191 - Training LogisticRegression component...
2026-04-08 01:43:36 | INFO     | app.pricing.models:fit:193 - Training XGBoost component...
2026-04-08 01:43:36 | INFO     | app.pricing.calibration:fit:37 - Isotonic calibrator fitted.
2026-04-08 01:43:36 | INFO     | app.pricing.models:fit:320 - Calibration report: raw_brier=0.2429, cal_brier=0.18856
2026-04-08 01:43:36 | INFO     | app.pricing.models:fit:191 - Training LogisticRegression component...
2026-04-08 01:43:36 | INFO     | app.pricing.models:fit:193 - Training XGBoost component...
2026-04-08 01:43:37 | INFO     | app.pricing.calibration:fit:37 - Isotonic calibrator fitted.
2026-04-08 01:43:37 | INFO     | app.pricing.models:fit:320 - Calibration report: raw_brier=0.2565, cal_brier=0.19112
2026-04-08 01:43:37 | INFO     | app.pricing.models:fit:191 - Training LogisticRegression component...
2026-04-08 01:43:37 | INFO     | app.pricing.models:fit:193 - Training XGBoost component...
2026-04-08 01:43:37 | INFO     | app.pricing.calibration:fit:37 - Isotonic calibrator fitted.
2026-04-08 01:43:37 | INFO     | app.pricing.models:fit:320 - Calibration report: raw_brier=0.2628, cal_brier=0.19066
2026-04-08 01:43:37 | INFO     | app.pricing.models:fit:191 - Training LogisticRegression component...
2026-04-08 01:43:37 | INFO     | app.pricing.models:fit:193 - Training XGBoost component...
2026-04-08 01:43:37 | INFO     | app.pricing.calibration:fit:37 - Isotonic calibrator fitted.
2026-04-08 01:43:37 | INFO     | app.pricing.models:fit:320 - Calibration report: raw_brier=0.2795, cal_brier=0.19414
2026-04-08 01:43:37 | INFO     | app.pricing.models:fit:191 - Training LogisticRegression component...
2026-04-08 01:43:37 | INFO     | app.pricing.models:fit:193 - Training XGBoost component...
2026-04-08 01:43:37 | INFO     | app.pricing.calibration:fit:37 - Isotonic calibrator fitted.
2026-04-08 01:43:37 | INFO     | app.pricing.models:fit:320 - Calibration report: raw_brier=0.2992, cal_brier=0.20071
2026-04-08 01:43:37 | INFO     | app.pricing.models:fit:191 - Training LogisticRegression component...
2026-04-08 01:43:37 | INFO     | app.pricing.models:fit:193 - Training XGBoost component...
2026-04-08 01:43:37 | INFO     | app.pricing.calibration:fit:37 - Isotonic calibrator fitted.
2026-04-08 01:43:37 | INFO     | app.pricing.models:fit:320 - Calibration report: raw_brier=0.3213, cal_brier=0.20855
2026-04-08 01:43:37 | INFO     | app.pricing.models:fit:191 - Training LogisticRegression component...
2026-04-08 01:43:37 | INFO     | app.pricing.models:fit:193 - Training XGBoost component...
2026-04-08 01:43:37 | INFO     | app.pricing.calibration:fit:37 - Isotonic calibrator fitted.
2026-04-08 01:43:37 | INFO     | app.pricing.models:fit:320 - Calibration report: raw_brier=0.3408, cal_brier=0.21705
2026-04-08 01:43:37 | INFO     | app.pricing.models:fit:191 - Training LogisticRegression component...
2026-04-08 01:43:37 | INFO     | app.pricing.models:fit:193 - Training XGBoost component...
2026-04-08 01:43:37 | INFO     | app.pricing.calibration:fit:37 - Isotonic calibrator fitted.
2026-04-08 01:43:37 | INFO     | app.pricing.models:fit:320 - Calibration report: raw_brier=0.3549, cal_brier=0.22332
2026-04-08 01:43:37 | INFO     | app.pricing.models:fit:191 - Training LogisticRegression component...
2026-04-08 01:43:37 | INFO     | app.pricing.models:fit:193 - Training XGBoost component...
2026-04-08 01:43:37 | INFO     | app.pricing.calibration:fit:37 - Isotonic calibrator fitted.
2026-04-08 01:43:37 | INFO     | app.pricing.models:fit:320 - Calibration report: raw_brier=0.3696, cal_brier=0.22918
2026-04-08 01:43:37 | INFO     | app.pricing.models:fit:191 - Training LogisticRegression component...
2026-04-08 01:43:37 | INFO     | app.pricing.models:fit:193 - Training XGBoost component...
2026-04-08 01:43:37 | INFO     | app.pricing.calibration:fit:37 - Isotonic calibrator fitted.
2026-04-08 01:43:37 | INFO     | app.pricing.models:fit:320 - Calibration report: raw_brier=0.3836, cal_brier=0.23587
2026-04-08 01:43:37 | INFO     | app.pricing.models:fit:191 - Training LogisticRegression component...
2026-04-08 01:43:37 | INFO     | app.pricing.models:fit:193 - Training XGBoost component...
2026-04-08 01:43:37 | INFO     | app.pricing.calibration:fit:37 - Isotonic calibrator fitted.
2026-04-08 01:43:37 | INFO     | app.pricing.models:fit:320 - Calibration report: raw_brier=0.3742, cal_brier=0.23503
2026-04-08 01:43:37 | INFO     | app.pricing.models:fit:191 - Training LogisticRegression component...
2026-04-08 01:43:37 | INFO     | app.pricing.models:fit:193 - Training XGBoost component...
2026-04-08 01:43:37 | INFO     | app.pricing.calibration:fit:37 - Isotonic calibrator fitted.
2026-04-08 01:43:37 | INFO     | app.pricing.models:fit:320 - Calibration report: raw_brier=0.3599, cal_brier=0.2311
2026-04-08 01:43:37 | INFO     | app.pricing.models:fit:191 - Training LogisticRegression component...
2026-04-08 01:43:37 | INFO     | app.pricing.models:fit:193 - Training XGBoost component...
2026-04-08 01:43:37 | INFO     | app.pricing.calibration:fit:37 - Isotonic calibrator fitted.
2026-04-08 01:43:37 | INFO     | app.pricing.models:fit:320 - Calibration report: raw_brier=0.3546, cal_brier=0.2275
2026-04-08 01:43:37 | INFO     | app.pricing.models:fit:191 - Training LogisticRegression component...
2026-04-08 01:43:37 | INFO     | app.pricing.models:fit:193 - Training XGBoost component...
2026-04-08 01:43:37 | INFO     | app.pricing.calibration:fit:37 - Isotonic calibrator fitted.
2026-04-08 01:43:37 | INFO     | app.pricing.models:fit:320 - Calibration report: raw_brier=0.3565, cal_brier=0.22694
2026-04-08 01:43:37 | INFO     | app.pricing.models:fit:191 - Training LogisticRegression component...
2026-04-08 01:43:37 | INFO     | app.pricing.models:fit:193 - Training XGBoost component...
2026-04-08 01:43:38 | INFO     | app.pricing.calibration:fit:37 - Isotonic calibrator fitted.
2026-04-08 01:43:38 | INFO     | app.pricing.models:fit:320 - Calibration report: raw_brier=0.3493, cal_brier=0.22772
2026-04-08 01:43:38 | INFO     | app.pricing.models:fit:191 - Training LogisticRegression component...
2026-04-08 01:43:38 | INFO     | app.pricing.models:fit:193 - Training XGBoost component...
2026-04-08 01:43:38 | INFO     | app.pricing.calibration:fit:37 - Isotonic calibrator fitted.
2026-04-08 01:43:38 | INFO     | app.pricing.models:fit:320 - Calibration report: raw_brier=0.3529, cal_brier=0.22779
2026-04-08 01:43:38 | INFO     | app.pricing.models:fit:191 - Training LogisticRegression component...
2026-04-08 01:43:38 | INFO     | app.pricing.models:fit:193 - Training XGBoost component...
2026-04-08 01:43:38 | INFO     | app.pricing.calibration:fit:37 - Isotonic calibrator fitted.
2026-04-08 01:43:38 | INFO     | app.pricing.models:fit:320 - Calibration report: raw_brier=0.3509, cal_brier=0.23199
2026-04-08 01:43:38 | INFO     | app.pricing.models:fit:191 - Training LogisticRegression component...
2026-04-08 01:43:38 | INFO     | app.pricing.models:fit:193 - Training XGBoost component...
2026-04-08 01:43:38 | INFO     | app.pricing.calibration:fit:37 - Isotonic calibrator fitted.
2026-04-08 01:43:38 | INFO     | app.pricing.models:fit:320 - Calibration report: raw_brier=0.3439, cal_brier=0.23132
2026-04-08 01:43:38 | INFO     | app.pricing.models:fit:191 - Training LogisticRegression component...
2026-04-08 01:43:38 | INFO     | app.pricing.models:fit:193 - Training XGBoost component...
2026-04-08 01:43:38 | INFO     | app.pricing.calibration:fit:37 - Isotonic calibrator fitted.
2026-04-08 01:43:38 | INFO     | app.pricing.models:fit:320 - Calibration report: raw_brier=0.3556, cal_brier=0.23264
2026-04-08 01:43:38 | INFO     | app.pricing.models:fit:191 - Training LogisticRegression component...
2026-04-08 01:43:38 | INFO     | app.pricing.models:fit:193 - Training XGBoost component...
2026-04-08 01:43:38 | INFO     | app.pricing.calibration:fit:37 - Isotonic calibrator fitted.
2026-04-08 01:43:38 | INFO     | app.pricing.models:fit:320 - Calibration report: raw_brier=0.3598, cal_brier=0.23136
2026-04-08 01:43:38 | INFO     | app.pricing.models:fit:191 - Training LogisticRegression component...
2026-04-08 01:43:38 | INFO     | app.pricing.models:fit:193 - Training XGBoost component...
2026-04-08 01:43:38 | INFO     | app.pricing.calibration:fit:37 - Isotonic calibrator fitted.
2026-04-08 01:43:38 | INFO     | app.pricing.models:fit:320 - Calibration report: raw_brier=0.3608, cal_brier=0.23965
2026-04-08 01:43:38 | INFO     | app.pricing.models:fit:191 - Training LogisticRegression component...
2026-04-08 01:43:38 | INFO     | app.pricing.models:fit:193 - Training XGBoost component...
2026-04-08 01:43:38 | INFO     | app.pricing.calibration:fit:37 - Isotonic calibrator fitted.
2026-04-08 01:43:38 | INFO     | app.pricing.models:fit:320 - Calibration report: raw_brier=0.3694, cal_brier=0.23831
2026-04-08 01:43:38 | INFO     | app.pricing.models:fit:191 - Training LogisticRegression component...
2026-04-08 01:43:38 | INFO     | app.pricing.models:fit:193 - Training XGBoost component...
2026-04-08 01:43:38 | INFO     | app.pricing.calibration:fit:37 - Isotonic calibrator fitted.
2026-04-08 01:43:38 | INFO     | app.pricing.models:fit:320 - Calibration report: raw_brier=0.3342, cal_brier=0.23028
2026-04-08 01:43:38 | INFO     | app.pricing.models:fit:191 - Training LogisticRegression component...
2026-04-08 01:43:38 | INFO     | app.pricing.models:fit:193 - Training XGBoost component...
2026-04-08 01:43:38 | INFO     | app.pricing.calibration:fit:37 - Isotonic calibrator fitted.
2026-04-08 01:43:38 | INFO     | app.pricing.models:fit:320 - Calibration report: raw_brier=0.3163, cal_brier=0.22293
2026-04-08 01:43:38 | INFO     | app.pricing.models:fit:191 - Training LogisticRegression component...
2026-04-08 01:43:38 | INFO     | app.pricing.models:fit:193 - Training XGBoost component...
2026-04-08 01:43:38 | INFO     | app.pricing.calibration:fit:37 - Isotonic calibrator fitted.
2026-04-08 01:43:38 | INFO     | app.pricing.models:fit:320 - Calibration report: raw_brier=0.3128, cal_brier=0.21667
2026-04-08 01:43:38 | INFO     | app.pricing.models:fit:191 - Training LogisticRegression component...
2026-04-08 01:43:38 | INFO     | app.pricing.models:fit:193 - Training XGBoost component...
2026-04-08 01:43:38 | INFO     | app.pricing.calibration:fit:37 - Isotonic calibrator fitted.
2026-04-08 01:43:38 | INFO     | app.pricing.models:fit:320 - Calibration report: raw_brier=0.3145, cal_brier=0.20752
2026-04-08 01:43:38 | INFO     | app.pricing.models:fit:191 - Training LogisticRegression component...
2026-04-08 01:43:38 | INFO     | app.pricing.models:fit:193 - Training XGBoost component...
2026-04-08 01:43:39 | INFO     | app.pricing.calibration:fit:37 - Isotonic calibrator fitted.
2026-04-08 01:43:39 | INFO     | app.pricing.models:fit:320 - Calibration report: raw_brier=0.3189, cal_brier=0.20871
2026-04-08 01:43:39 | INFO     | app.pricing.models:fit:191 - Training LogisticRegression component...
2026-04-08 01:43:39 | INFO     | app.pricing.models:fit:193 - Training XGBoost component...
2026-04-08 01:43:39 | INFO     | app.pricing.calibration:fit:37 - Isotonic calibrator fitted.
2026-04-08 01:43:39 | INFO     | app.pricing.models:fit:320 - Calibration report: raw_brier=0.3379, cal_brier=0.20918
2026-04-08 01:43:39 | INFO     | app.pricing.models:fit:191 - Training LogisticRegression component...
2026-04-08 01:43:39 | INFO     | app.pricing.models:fit:193 - Training XGBoost component...
2026-04-08 01:43:39 | INFO     | app.pricing.calibration:fit:37 - Isotonic calibrator fitted.
2026-04-08 01:43:39 | INFO     | app.pricing.models:fit:320 - Calibration report: raw_brier=0.3398, cal_brier=0.21505
2026-04-08 01:43:39 | INFO     | app.pricing.models:fit:191 - Training LogisticRegression component...
2026-04-08 01:43:39 | INFO     | app.pricing.models:fit:193 - Training XGBoost component...
2026-04-08 01:43:39 | INFO     | app.pricing.calibration:fit:37 - Isotonic calibrator fitted.
2026-04-08 01:43:39 | INFO     | app.pricing.models:fit:320 - Calibration report: raw_brier=0.3545, cal_brier=0.22035
2026-04-08 01:43:39 | INFO     | app.pricing.models:fit:191 - Training LogisticRegression component...
2026-04-08 01:43:39 | INFO     | app.pricing.models:fit:193 - Training XGBoost component...
2026-04-08 01:43:39 | INFO     | app.pricing.calibration:fit:37 - Isotonic calibrator fitted.
2026-04-08 01:43:39 | INFO     | app.pricing.models:fit:320 - Calibration report: raw_brier=0.3726, cal_brier=0.22202
2026-04-08 01:43:39 | INFO     | app.pricing.models:fit:191 - Training LogisticRegression component...
2026-04-08 01:43:39 | INFO     | app.pricing.models:fit:193 - Training XGBoost component...
2026-04-08 01:43:39 | INFO     | app.pricing.calibration:fit:37 - Isotonic calibrator fitted.
2026-04-08 01:43:39 | INFO     | app.pricing.models:fit:320 - Calibration report: raw_brier=0.3848, cal_brier=0.2229
2026-04-08 01:43:39 | INFO     | app.pricing.models:fit:191 - Training LogisticRegression component...
2026-04-08 01:43:39 | INFO     | app.pricing.models:fit:193 - Training XGBoost component...
2026-04-08 01:43:39 | INFO     | app.pricing.calibration:fit:37 - Isotonic calibrator fitted.
2026-04-08 01:43:39 | INFO     | app.pricing.models:fit:320 - Calibration report: raw_brier=0.3944, cal_brier=0.22083
2026-04-08 01:43:39 | INFO     | app.pricing.models:fit:191 - Training LogisticRegression component...
2026-04-08 01:43:39 | INFO     | app.pricing.models:fit:193 - Training XGBoost component...
2026-04-08 01:43:39 | INFO     | app.pricing.calibration:fit:37 - Isotonic calibrator fitted.
2026-04-08 01:43:39 | INFO     | app.pricing.models:fit:320 - Calibration report: raw_brier=0.3889, cal_brier=0.21956
2026-04-08 01:43:39 | INFO     | app.pricing.models:fit:191 - Training LogisticRegression component...
2026-04-08 01:43:39 | INFO     | app.pricing.models:fit:193 - Training XGBoost component...
2026-04-08 01:43:39 | INFO     | app.pricing.calibration:fit:37 - Isotonic calibrator fitted.
2026-04-08 01:43:39 | INFO     | app.pricing.models:fit:320 - Calibration report: raw_brier=0.4065, cal_brier=0.22384
2026-04-08 01:43:39 | INFO     | app.pricing.models:fit:191 - Training LogisticRegression component...
2026-04-08 01:43:39 | INFO     | app.pricing.models:fit:193 - Training XGBoost component...
2026-04-08 01:43:39 | INFO     | app.pricing.calibration:fit:37 - Isotonic calibrator fitted.
2026-04-08 01:43:39 | INFO     | app.pricing.models:fit:320 - Calibration report: raw_brier=0.4153, cal_brier=0.22776
2026-04-08 01:43:39 | INFO     | app.pricing.models:fit:191 - Training LogisticRegression component...
2026-04-08 01:43:39 | INFO     | app.pricing.models:fit:193 - Training XGBoost component...
2026-04-08 01:43:39 | INFO     | app.pricing.calibration:fit:37 - Isotonic calibrator fitted.
2026-04-08 01:43:39 | INFO     | app.pricing.models:fit:320 - Calibration report: raw_brier=0.4209, cal_brier=0.23466
2026-04-08 01:43:39 | INFO     | app.pricing.models:fit:191 - Training LogisticRegression component...
2026-04-08 01:43:39 | INFO     | app.pricing.models:fit:193 - Training XGBoost component...
2026-04-08 01:43:39 | INFO     | app.pricing.calibration:fit:37 - Isotonic calibrator fitted.
2026-04-08 01:43:39 | INFO     | app.pricing.models:fit:320 - Calibration report: raw_brier=0.4237, cal_brier=0.24082
2026-04-08 01:43:39 | INFO     | app.pricing.models:fit:191 - Training LogisticRegression component...
2026-04-08 01:43:39 | INFO     | app.pricing.models:fit:193 - Training XGBoost component...
2026-04-08 01:43:40 | INFO     | app.pricing.calibration:fit:37 - Isotonic calibrator fitted.
2026-04-08 01:43:40 | INFO     | app.pricing.models:fit:320 - Calibration report: raw_brier=0.4249, cal_brier=0.24543
2026-04-08 01:43:40 | INFO     | app.pricing.models:fit:191 - Training LogisticRegression component...
2026-04-08 01:43:40 | INFO     | app.pricing.models:fit:193 - Training XGBoost component...
2026-04-08 01:43:40 | INFO     | app.pricing.calibration:fit:37 - Isotonic calibrator fitted.
2026-04-08 01:43:40 | INFO     | app.pricing.models:fit:320 - Calibration report: raw_brier=0.3822, cal_brier=0.24989
2026-04-08 01:43:40 | INFO     | app.pricing.models:fit:191 - Training LogisticRegression component...
2026-04-08 01:43:40 | INFO     | app.pricing.models:fit:193 - Training XGBoost component...
2026-04-08 01:43:40 | INFO     | app.pricing.calibration:fit:37 - Isotonic calibrator fitted.
2026-04-08 01:43:40 | INFO     | app.pricing.models:fit:320 - Calibration report: raw_brier=0.3406, cal_brier=0.247
2026-04-08 01:43:40 | INFO     | app.pricing.models:fit:191 - Training LogisticRegression component...
2026-04-08 01:43:40 | INFO     | app.pricing.models:fit:193 - Training XGBoost component...
2026-04-08 01:43:40 | INFO     | app.pricing.calibration:fit:37 - Isotonic calibrator fitted.
2026-04-08 01:43:40 | INFO     | app.pricing.models:fit:320 - Calibration report: raw_brier=0.3453, cal_brier=0.24487
2026-04-08 01:43:40 | INFO     | app.pricing.models:fit:191 - Training LogisticRegression component...
2026-04-08 01:43:40 | INFO     | app.pricing.models:fit:193 - Training XGBoost component...
2026-04-08 01:43:40 | INFO     | app.pricing.calibration:fit:37 - Isotonic calibrator fitted.
2026-04-08 01:43:40 | INFO     | app.pricing.models:fit:320 - Calibration report: raw_brier=0.3568, cal_brier=0.24503
2026-04-08 01:43:40 | INFO     | app.pricing.models:fit:191 - Training LogisticRegression component...
2026-04-08 01:43:40 | INFO     | app.pricing.models:fit:193 - Training XGBoost component...
2026-04-08 01:43:40 | INFO     | app.pricing.calibration:fit:37 - Isotonic calibrator fitted.
2026-04-08 01:43:40 | INFO     | app.pricing.models:fit:320 - Calibration report: raw_brier=0.3744, cal_brier=0.24294
2026-04-08 01:43:40 | INFO     | app.pricing.models:fit:191 - Training LogisticRegression component...
2026-04-08 01:43:40 | INFO     | app.pricing.models:fit:193 - Training XGBoost component...
2026-04-08 01:43:40 | INFO     | app.pricing.calibration:fit:37 - Isotonic calibrator fitted.
2026-04-08 01:43:40 | INFO     | app.pricing.models:fit:320 - Calibration report: raw_brier=0.3701, cal_brier=0.23875
2026-04-08 01:43:40 | INFO     | app.pricing.models:fit:191 - Training LogisticRegression component...
2026-04-08 01:43:40 | INFO     | app.pricing.models:fit:193 - Training XGBoost component...
2026-04-08 01:43:40 | INFO     | app.pricing.calibration:fit:37 - Isotonic calibrator fitted.
2026-04-08 01:43:40 | INFO     | app.pricing.models:fit:320 - Calibration report: raw_brier=0.3734, cal_brier=0.23526
2026-04-08 01:43:40 | INFO     | app.pricing.models:fit:191 - Training LogisticRegression component...
2026-04-08 01:43:40 | INFO     | app.pricing.models:fit:193 - Training XGBoost component...
2026-04-08 01:43:40 | INFO     | app.pricing.calibration:fit:37 - Isotonic calibrator fitted.
2026-04-08 01:43:40 | INFO     | app.pricing.models:fit:320 - Calibration report: raw_brier=0.3340, cal_brier=0.22729
2026-04-08 01:43:40 | INFO     | app.pricing.models:fit:191 - Training LogisticRegression component...
2026-04-08 01:43:40 | INFO     | app.pricing.models:fit:193 - Training XGBoost component...
2026-04-08 01:43:40 | INFO     | app.pricing.calibration:fit:37 - Isotonic calibrator fitted.
2026-04-08 01:43:40 | INFO     | app.pricing.models:fit:320 - Calibration report: raw_brier=0.3298, cal_brier=0.2252
2026-04-08 01:43:40 | INFO     | app.pricing.models:fit:191 - Training LogisticRegression component...
2026-04-08 01:43:40 | INFO     | app.pricing.models:fit:193 - Training XGBoost component...
2026-04-08 01:43:41 | INFO     | app.pricing.calibration:fit:37 - Isotonic calibrator fitted.
2026-04-08 01:43:41 | INFO     | app.pricing.models:fit:320 - Calibration report: raw_brier=0.3278, cal_brier=0.22153
2026-04-08 01:43:41 | INFO     | app.pricing.models:fit:191 - Training LogisticRegression component...
2026-04-08 01:43:41 | INFO     | app.pricing.models:fit:193 - Training XGBoost component...
2026-04-08 01:43:41 | INFO     | app.pricing.calibration:fit:37 - Isotonic calibrator fitted.
2026-04-08 01:43:41 | INFO     | app.pricing.models:fit:320 - Calibration report: raw_brier=0.3168, cal_brier=0.21447
2026-04-08 01:43:41 | INFO     | app.pricing.models:fit:191 - Training LogisticRegression component...
2026-04-08 01:43:41 | INFO     | app.pricing.models:fit:193 - Training XGBoost component...
2026-04-08 01:43:41 | INFO     | app.pricing.calibration:fit:37 - Isotonic calibrator fitted.
2026-04-08 01:43:41 | INFO     | app.pricing.models:fit:320 - Calibration report: raw_brier=0.3095, cal_brier=0.21673
2026-04-08 01:43:41 | INFO     | app.pricing.models:fit:191 - Training LogisticRegression component...
2026-04-08 01:43:41 | INFO     | app.pricing.models:fit:193 - Training XGBoost component...
2026-04-08 01:43:41 | INFO     | app.pricing.calibration:fit:37 - Isotonic calibrator fitted.
2026-04-08 01:43:41 | INFO     | app.pricing.models:fit:320 - Calibration report: raw_brier=0.3114, cal_brier=0.22831
2026-04-08 01:43:41 | INFO     | app.pricing.models:fit:191 - Training LogisticRegression component...
2026-04-08 01:43:41 | INFO     | app.pricing.models:fit:193 - Training XGBoost component...
2026-04-08 01:43:41 | INFO     | app.pricing.calibration:fit:37 - Isotonic calibrator fitted.
2026-04-08 01:43:41 | INFO     | app.pricing.models:fit:320 - Calibration report: raw_brier=0.3155, cal_brier=0.22843
2026-04-08 01:43:41 | INFO     | app.pricing.models:fit:191 - Training LogisticRegression component...
2026-04-08 01:43:41 | INFO     | app.pricing.models:fit:193 - Training XGBoost component...
2026-04-08 01:43:41 | INFO     | app.pricing.calibration:fit:37 - Isotonic calibrator fitted.
2026-04-08 01:43:41 | INFO     | app.pricing.models:fit:320 - Calibration report: raw_brier=0.3269, cal_brier=0.22882
2026-04-08 01:43:41 | INFO     | app.pricing.models:fit:191 - Training LogisticRegression component...
2026-04-08 01:43:41 | INFO     | app.pricing.models:fit:193 - Training XGBoost component...
2026-04-08 01:43:41 | INFO     | app.pricing.calibration:fit:37 - Isotonic calibrator fitted.
2026-04-08 01:43:41 | INFO     | app.pricing.models:fit:320 - Calibration report: raw_brier=0.3451, cal_brier=0.22365
2026-04-08 01:43:41 | INFO     | app.pricing.models:fit:191 - Training LogisticRegression component...
2026-04-08 01:43:41 | INFO     | app.pricing.models:fit:193 - Training XGBoost component...
2026-04-08 01:43:41 | INFO     | app.pricing.calibration:fit:37 - Isotonic calibrator fitted.
2026-04-08 01:43:41 | INFO     | app.pricing.models:fit:320 - Calibration report: raw_brier=0.3573, cal_brier=0.22304
2026-04-08 01:43:41 | INFO     | app.pricing.models:fit:191 - Training LogisticRegression component...
2026-04-08 01:43:41 | INFO     | app.pricing.models:fit:193 - Training XGBoost component...
2026-04-08 01:43:41 | INFO     | app.pricing.calibration:fit:37 - Isotonic calibrator fitted.
2026-04-08 01:43:41 | INFO     | app.pricing.models:fit:320 - Calibration report: raw_brier=0.3570, cal_brier=0.22394
2026-04-08 01:43:41 | INFO     | app.pricing.models:fit:191 - Training LogisticRegression component...
2026-04-08 01:43:41 | INFO     | app.pricing.models:fit:193 - Training XGBoost component...
2026-04-08 01:43:41 | INFO     | app.pricing.calibration:fit:37 - Isotonic calibrator fitted.
2026-04-08 01:43:41 | INFO     | app.pricing.models:fit:320 - Calibration report: raw_brier=0.3497, cal_brier=0.22427
2026-04-08 01:43:41 | INFO     | app.pricing.models:fit:191 - Training LogisticRegression component...
2026-04-08 01:43:41 | INFO     | app.pricing.models:fit:193 - Training XGBoost component...
2026-04-08 01:43:41 | INFO     | app.pricing.calibration:fit:37 - Isotonic calibrator fitted.
2026-04-08 01:43:41 | INFO     | app.pricing.models:fit:320 - Calibration report: raw_brier=0.3410, cal_brier=0.22253
2026-04-08 01:43:41 | INFO     | app.pricing.models:fit:191 - Training LogisticRegression component...
2026-04-08 01:43:41 | INFO     | app.pricing.models:fit:193 - Training XGBoost component...
2026-04-08 01:43:41 | INFO     | app.pricing.calibration:fit:37 - Isotonic calibrator fitted.
2026-04-08 01:43:41 | INFO     | app.pricing.models:fit:320 - Calibration report: raw_brier=0.3517, cal_brier=0.22302
2026-04-08 01:43:41 | INFO     | app.pricing.models:fit:191 - Training LogisticRegression component...
2026-04-08 01:43:42 | INFO     | app.pricing.models:fit:193 - Training XGBoost component...
2026-04-08 01:43:42 | INFO     | app.pricing.calibration:fit:37 - Isotonic calibrator fitted.
2026-04-08 01:43:42 | INFO     | app.pricing.models:fit:320 - Calibration report: raw_brier=0.3524, cal_brier=0.22258
2026-04-08 01:43:42 | INFO     | app.pricing.models:fit:191 - Training LogisticRegression component...
2026-04-08 01:43:42 | INFO     | app.pricing.models:fit:193 - Training XGBoost component...
2026-04-08 01:43:42 | INFO     | app.pricing.calibration:fit:37 - Isotonic calibrator fitted.
2026-04-08 01:43:42 | INFO     | app.pricing.models:fit:320 - Calibration report: raw_brier=0.3531, cal_brier=0.22358
2026-04-08 01:43:42 | INFO     | app.pricing.models:fit:191 - Training LogisticRegression component...
2026-04-08 01:43:42 | INFO     | app.pricing.models:fit:193 - Training XGBoost component...
2026-04-08 01:43:42 | INFO     | app.pricing.calibration:fit:37 - Isotonic calibrator fitted.
2026-04-08 01:43:42 | INFO     | app.pricing.models:fit:320 - Calibration report: raw_brier=0.3475, cal_brier=0.22184
2026-04-08 01:43:42 | INFO     | app.pricing.models:fit:191 - Training LogisticRegression component...
2026-04-08 01:43:42 | INFO     | app.pricing.models:fit:193 - Training XGBoost component...
2026-04-08 01:43:42 | INFO     | app.pricing.calibration:fit:37 - Isotonic calibrator fitted.
2026-04-08 01:43:42 | INFO     | app.pricing.models:fit:320 - Calibration report: raw_brier=0.3371, cal_brier=0.22079
2026-04-08 01:43:42 | INFO     | app.pricing.models:fit:191 - Training LogisticRegression component...
2026-04-08 01:43:42 | INFO     | app.pricing.models:fit:193 - Training XGBoost component...
2026-04-08 01:43:42 | INFO     | app.pricing.calibration:fit:37 - Isotonic calibrator fitted.
2026-04-08 01:43:42 | INFO     | app.pricing.models:fit:320 - Calibration report: raw_brier=0.3245, cal_brier=0.21433
2026-04-08 01:43:42 | INFO     | app.pricing.models:fit:191 - Training LogisticRegression component...
2026-04-08 01:43:42 | INFO     | app.pricing.models:fit:193 - Training XGBoost component...
2026-04-08 01:43:42 | INFO     | app.pricing.calibration:fit:37 - Isotonic calibrator fitted.
2026-04-08 01:43:42 | INFO     | app.pricing.models:fit:320 - Calibration report: raw_brier=0.3165, cal_brier=0.22367
2026-04-08 01:43:42 | INFO     | app.pricing.models:fit:191 - Training LogisticRegression component...
2026-04-08 01:43:42 | INFO     | app.pricing.models:fit:193 - Training XGBoost component...
2026-04-08 01:43:42 | INFO     | app.pricing.calibration:fit:37 - Isotonic calibrator fitted.
2026-04-08 01:43:42 | INFO     | app.pricing.models:fit:320 - Calibration report: raw_brier=0.3001, cal_brier=0.21333
2026-04-08 01:43:42 | INFO     | app.pricing.models:fit:191 - Training LogisticRegression component...
2026-04-08 01:43:42 | INFO     | app.pricing.models:fit:193 - Training XGBoost component...
2026-04-08 01:43:42 | INFO     | app.pricing.calibration:fit:37 - Isotonic calibrator fitted.
2026-04-08 01:43:42 | INFO     | app.pricing.models:fit:320 - Calibration report: raw_brier=0.2948, cal_brier=0.20381
2026-04-08 01:43:42 | INFO     | app.pricing.models:fit:191 - Training LogisticRegression component...
2026-04-08 01:43:42 | INFO     | app.pricing.models:fit:193 - Training XGBoost component...
2026-04-08 01:43:42 | INFO     | app.pricing.calibration:fit:37 - Isotonic calibrator fitted.
2026-04-08 01:43:42 | INFO     | app.pricing.models:fit:320 - Calibration report: raw_brier=0.3027, cal_brier=0.22296
2026-04-08 01:43:42 | INFO     | app.pricing.models:fit:191 - Training LogisticRegression component...
2026-04-08 01:43:42 | INFO     | app.pricing.models:fit:193 - Training XGBoost component...
2026-04-08 01:43:42 | INFO     | app.pricing.calibration:fit:37 - Isotonic calibrator fitted.
2026-04-08 01:43:42 | INFO     | app.pricing.models:fit:320 - Calibration report: raw_brier=0.2674, cal_brier=0.20483
2026-04-08 01:43:42 | INFO     | app.pricing.models:fit:191 - Training LogisticRegression component...
2026-04-08 01:43:42 | INFO     | app.pricing.models:fit:193 - Training XGBoost component...
2026-04-08 01:43:43 | INFO     | app.pricing.calibration:fit:37 - Isotonic calibrator fitted.
2026-04-08 01:43:43 | INFO     | app.pricing.models:fit:320 - Calibration report: raw_brier=0.2538, cal_brier=0.20072
2026-04-08 01:43:43 | INFO     | app.pricing.models:fit:191 - Training LogisticRegression component...
2026-04-08 01:43:43 | INFO     | app.pricing.models:fit:193 - Training XGBoost component...
2026-04-08 01:43:43 | INFO     | app.pricing.calibration:fit:37 - Isotonic calibrator fitted.
2026-04-08 01:43:43 | INFO     | app.pricing.models:fit:320 - Calibration report: raw_brier=0.2437, cal_brier=0.1942
2026-04-08 01:43:43 | INFO     | app.pricing.models:fit:191 - Training LogisticRegression component...
2026-04-08 01:43:43 | INFO     | app.pricing.models:fit:193 - Training XGBoost component...
2026-04-08 01:43:43 | INFO     | app.pricing.calibration:fit:37 - Isotonic calibrator fitted.
2026-04-08 01:43:43 | INFO     | app.pricing.models:fit:320 - Calibration report: raw_brier=0.2454, cal_brier=0.19996
2026-04-08 01:43:43 | INFO     | app.pricing.models:fit:191 - Training LogisticRegression component...
2026-04-08 01:43:43 | INFO     | app.pricing.models:fit:193 - Training XGBoost component...
2026-04-08 01:43:43 | INFO     | app.pricing.calibration:fit:37 - Isotonic calibrator fitted.
2026-04-08 01:43:43 | INFO     | app.pricing.models:fit:320 - Calibration report: raw_brier=0.2456, cal_brier=0.20066
2026-04-08 01:43:43 | INFO     | app.pricing.models:fit:191 - Training LogisticRegression component...
2026-04-08 01:43:43 | INFO     | app.pricing.models:fit:193 - Training XGBoost component...
2026-04-08 01:43:43 | INFO     | app.pricing.calibration:fit:37 - Isotonic calibrator fitted.
2026-04-08 01:43:43 | INFO     | app.pricing.models:fit:320 - Calibration report: raw_brier=0.2530, cal_brier=0.20213
2026-04-08 01:43:43 | INFO     | app.pricing.models:fit:191 - Training LogisticRegression component...
2026-04-08 01:43:43 | INFO     | app.pricing.models:fit:193 - Training XGBoost component...
2026-04-08 01:43:43 | INFO     | app.pricing.calibration:fit:37 - Isotonic calibrator fitted.
2026-04-08 01:43:43 | INFO     | app.pricing.models:fit:320 - Calibration report: raw_brier=0.2346, cal_brier=0.18303
2026-04-08 01:43:43 | INFO     | app.pricing.models:fit:191 - Training LogisticRegression component...
2026-04-08 01:43:43 | INFO     | app.pricing.models:fit:193 - Training XGBoost component...
2026-04-08 01:43:43 | INFO     | app.pricing.calibration:fit:37 - Isotonic calibrator fitted.
2026-04-08 01:43:43 | INFO     | app.pricing.models:fit:320 - Calibration report: raw_brier=0.2280, cal_brier=0.16613
2026-04-08 01:43:43 | INFO     | app.pricing.models:fit:191 - Training LogisticRegression component...
2026-04-08 01:43:43 | INFO     | app.pricing.models:fit:193 - Training XGBoost component...
2026-04-08 01:43:43 | INFO     | app.pricing.calibration:fit:37 - Isotonic calibrator fitted.
2026-04-08 01:43:43 | INFO     | app.pricing.models:fit:320 - Calibration report: raw_brier=0.2234, cal_brier=0.17254
2026-04-08 01:43:43 | INFO     | app.pricing.models:fit:191 - Training LogisticRegression component...
2026-04-08 01:43:44 | INFO     | app.pricing.models:fit:193 - Training XGBoost component...
2026-04-08 01:43:44 | INFO     | app.pricing.calibration:fit:37 - Isotonic calibrator fitted.
2026-04-08 01:43:44 | INFO     | app.pricing.models:fit:320 - Calibration report: raw_brier=0.2241, cal_brier=0.16883
2026-04-08 01:43:44 | INFO     | app.pricing.models:fit:191 - Training LogisticRegression component...
2026-04-08 01:43:44 | INFO     | app.pricing.models:fit:193 - Training XGBoost component...
2026-04-08 01:43:44 | INFO     | app.pricing.calibration:fit:37 - Isotonic calibrator fitted.
2026-04-08 01:43:44 | INFO     | app.pricing.models:fit:320 - Calibration report: raw_brier=0.2274, cal_brier=0.16909
2026-04-08 01:43:44 | INFO     | app.pricing.models:fit:191 - Training LogisticRegression component...
2026-04-08 01:43:44 | INFO     | app.pricing.models:fit:193 - Training XGBoost component...
2026-04-08 01:43:44 | INFO     | app.pricing.calibration:fit:37 - Isotonic calibrator fitted.
2026-04-08 01:43:44 | INFO     | app.pricing.models:fit:320 - Calibration report: raw_brier=0.2271, cal_brier=0.16626
2026-04-08 01:43:44 | INFO     | app.pricing.models:fit:191 - Training LogisticRegression component...
2026-04-08 01:43:44 | INFO     | app.pricing.models:fit:193 - Training XGBoost component...
2026-04-08 01:43:44 | INFO     | app.pricing.calibration:fit:37 - Isotonic calibrator fitted.
2026-04-08 01:43:44 | INFO     | app.pricing.models:fit:320 - Calibration report: raw_brier=0.2322, cal_brier=0.17714
2026-04-08 01:43:44 | INFO     | app.pricing.models:fit:191 - Training LogisticRegression component...
2026-04-08 01:43:44 | INFO     | app.pricing.models:fit:193 - Training XGBoost component...
2026-04-08 01:43:44 | INFO     | app.pricing.calibration:fit:37 - Isotonic calibrator fitted.
2026-04-08 01:43:44 | INFO     | app.pricing.models:fit:320 - Calibration report: raw_brier=0.2393, cal_brier=0.19194
2026-04-08 01:43:44 | INFO     | app.pricing.models:fit:191 - Training LogisticRegression component...
2026-04-08 01:43:44 | INFO     | app.pricing.models:fit:193 - Training XGBoost component...
2026-04-08 01:43:44 | INFO     | app.pricing.calibration:fit:37 - Isotonic calibrator fitted.
2026-04-08 01:43:44 | INFO     | app.pricing.models:fit:320 - Calibration report: raw_brier=0.2442, cal_brier=0.19977
2026-04-08 01:43:44 | INFO     | app.pricing.models:fit:191 - Training LogisticRegression component...
2026-04-08 01:43:44 | INFO     | app.pricing.models:fit:193 - Training XGBoost component...
2026-04-08 01:43:44 | INFO     | app.pricing.calibration:fit:37 - Isotonic calibrator fitted.
2026-04-08 01:43:44 | INFO     | app.pricing.models:fit:320 - Calibration report: raw_brier=0.2405, cal_brier=0.19886
2026-04-08 01:43:44 | INFO     | app.pricing.models:fit:191 - Training LogisticRegression component...
2026-04-08 01:43:44 | INFO     | app.pricing.models:fit:193 - Training XGBoost component...
2026-04-08 01:43:44 | INFO     | app.pricing.calibration:fit:37 - Isotonic calibrator fitted.
2026-04-08 01:43:44 | INFO     | app.pricing.models:fit:320 - Calibration report: raw_brier=0.2444, cal_brier=0.20362
2026-04-08 01:43:44 | INFO     | app.pricing.models:fit:191 - Training LogisticRegression component...
2026-04-08 01:43:44 | INFO     | app.pricing.models:fit:193 - Training XGBoost component...
2026-04-08 01:43:44 | INFO     | app.pricing.calibration:fit:37 - Isotonic calibrator fitted.
2026-04-08 01:43:44 | INFO     | app.pricing.models:fit:320 - Calibration report: raw_brier=0.2083, cal_brier=0.16392
2026-04-08 01:43:44 | INFO     | app.pricing.models:fit:191 - Training LogisticRegression component...
2026-04-08 01:43:44 | INFO     | app.pricing.models:fit:193 - Training XGBoost component...
2026-04-08 01:43:44 | INFO     | app.pricing.calibration:fit:37 - Isotonic calibrator fitted.
2026-04-08 01:43:44 | INFO     | app.pricing.models:fit:320 - Calibration report: raw_brier=0.2135, cal_brier=0.18137
2026-04-08 01:43:44 | INFO     | app.pricing.models:fit:191 - Training LogisticRegression component...
2026-04-08 01:43:44 | INFO     | app.pricing.models:fit:193 - Training XGBoost component...
2026-04-08 01:43:45 | INFO     | app.pricing.calibration:fit:37 - Isotonic calibrator fitted.
2026-04-08 01:43:45 | INFO     | app.pricing.models:fit:320 - Calibration report: raw_brier=0.2094, cal_brier=0.16958
2026-04-08 01:43:45 | INFO     | app.pricing.models:fit:191 - Training LogisticRegression component...
2026-04-08 01:43:45 | INFO     | app.pricing.models:fit:193 - Training XGBoost component...
2026-04-08 01:43:45 | INFO     | app.pricing.calibration:fit:37 - Isotonic calibrator fitted.
2026-04-08 01:43:45 | INFO     | app.pricing.models:fit:320 - Calibration report: raw_brier=0.2056, cal_brier=0.15336
2026-04-08 01:43:45 | INFO     | app.pricing.models:fit:191 - Training LogisticRegression component...
2026-04-08 01:43:45 | INFO     | app.pricing.models:fit:193 - Training XGBoost component...
2026-04-08 01:43:45 | INFO     | app.pricing.calibration:fit:37 - Isotonic calibrator fitted.
2026-04-08 01:43:45 | INFO     | app.pricing.models:fit:320 - Calibration report: raw_brier=0.2061, cal_brier=0.15935
2026-04-08 01:43:45 | INFO     | app.pricing.models:fit:191 - Training LogisticRegression component...
2026-04-08 01:43:45 | INFO     | app.pricing.models:fit:193 - Training XGBoost component...
2026-04-08 01:43:45 | INFO     | app.pricing.calibration:fit:37 - Isotonic calibrator fitted.
2026-04-08 01:43:45 | INFO     | app.pricing.models:fit:320 - Calibration report: raw_brier=0.2019, cal_brier=0.1481
2026-04-08 01:43:45 | INFO     | app.pricing.models:fit:191 - Training LogisticRegression component...
2026-04-08 01:43:45 | INFO     | app.pricing.models:fit:193 - Training XGBoost component...
2026-04-08 01:43:45 | INFO     | app.pricing.calibration:fit:37 - Isotonic calibrator fitted.
2026-04-08 01:43:45 | INFO     | app.pricing.models:fit:320 - Calibration report: raw_brier=0.2074, cal_brier=0.16758
2026-04-08 01:43:45 | INFO     | app.pricing.models:fit:191 - Training LogisticRegression component...
2026-04-08 01:43:45 | INFO     | app.pricing.models:fit:193 - Training XGBoost component...
2026-04-08 01:43:45 | INFO     | app.pricing.calibration:fit:37 - Isotonic calibrator fitted.
2026-04-08 01:43:45 | INFO     | app.pricing.models:fit:320 - Calibration report: raw_brier=0.1989, cal_brier=0.14962
2026-04-08 01:43:45 | INFO     | app.pricing.models:fit:191 - Training LogisticRegression component...
2026-04-08 01:43:45 | INFO     | app.pricing.models:fit:193 - Training XGBoost component...
2026-04-08 01:43:45 | INFO     | app.pricing.calibration:fit:37 - Isotonic calibrator fitted.
2026-04-08 01:43:45 | INFO     | app.pricing.models:fit:320 - Calibration report: raw_brier=0.2007, cal_brier=0.15043
2026-04-08 01:43:45 | INFO     | app.services.backtest:run:209 - [9c82a72d] Backtest complete. Brier: 0.2175, LogLoss: 1.1819, Accuracy: 62.5%
2026-04-08 01:43:45 | INFO     | app.services.backtest:run:54 - [31700d14] Starting walk-forward backtest...
2026-04-08 01:43:45 | INFO     | app.features.pipeline:get_team_features:442 - Building team feature matrix...
2026-04-08 01:43:45 | INFO     | app.features.pipeline:get_team_features:444 - Team features shape: (1800, 87)
2026-04-08 01:43:45 | INFO     | app.services.backtest:run:66 - Backtest on 1575 samples with 71 features.
2026-04-08 01:43:45 | INFO     | app.pricing.models:fit:191 - Training LogisticRegression component...
2026-04-08 01:43:45 | WARNING  | app.services.backtest:run:109 - Training failed at fold 20: This solver needs samples of at least 2 classes in the data, but the data contains only one class: 0
2026-04-08 01:43:45 | INFO     | app.pricing.models:fit:191 - Training LogisticRegression component...
2026-04-08 01:43:45 | WARNING  | app.services.backtest:run:109 - Training failed at fold 25: This solver needs samples of at least 2 classes in the data, but the data contains only one class: 0
2026-04-08 01:43:45 | INFO     | app.pricing.models:fit:191 - Training LogisticRegression component...
2026-04-08 01:43:45 | WARNING  | app.services.backtest:run:109 - Training failed at fold 30: This solver needs samples of at least 2 classes in the data, but the data contains only one class: 0
2026-04-08 01:43:45 | INFO     | app.pricing.models:fit:191 - Training LogisticRegression component...
2026-04-08 01:43:45 | INFO     | app.pricing.models:fit:193 - Training XGBoost component...
2026-04-08 01:43:45 | INFO     | app.pricing.calibration:fit:37 - Isotonic calibrator fitted.
2026-04-08 01:43:45 | WARNING  | app.services.backtest:run:109 - Training failed at fold 35: y_true contains only one label (1). Please provide the true labels explicitly through the labels argument.
2026-04-08 01:43:45 | INFO     | app.pricing.models:fit:191 - Training LogisticRegression component...
2026-04-08 01:43:45 | INFO     | app.pricing.models:fit:193 - Training XGBoost component...
2026-04-08 01:43:45 | INFO     | app.pricing.calibration:fit:37 - Isotonic calibrator fitted.
2026-04-08 01:43:45 | WARNING  | app.services.backtest:run:109 - Training failed at fold 40: y_true contains only one label (1). Please provide the true labels explicitly through the labels argument.
2026-04-08 01:43:46 | INFO     | app.pricing.models:fit:191 - Training LogisticRegression component...
2026-04-08 01:43:46 | INFO     | app.pricing.models:fit:193 - Training XGBoost component...
2026-04-08 01:43:46 | INFO     | app.pricing.calibration:fit:37 - Isotonic calibrator fitted.
2026-04-08 01:43:46 | WARNING  | app.services.backtest:run:109 - Training failed at fold 45: y_true contains only one label (1). Please provide the true labels explicitly through the labels argument.
2026-04-08 01:43:46 | INFO     | app.pricing.models:fit:191 - Training LogisticRegression component...
2026-04-08 01:43:46 | INFO     | app.pricing.models:fit:193 - Training XGBoost component...
2026-04-08 01:43:46 | INFO     | app.pricing.calibration:fit:37 - Isotonic calibrator fitted.
2026-04-08 01:43:46 | WARNING  | app.services.backtest:run:109 - Training failed at fold 50: y_true contains only one label (1). Please provide the true labels explicitly through the labels argument.
2026-04-08 01:43:46 | INFO     | app.pricing.models:fit:191 - Training LogisticRegression component...
2026-04-08 01:43:46 | INFO     | app.pricing.models:fit:193 - Training XGBoost component...
2026-04-08 01:43:46 | INFO     | app.pricing.calibration:fit:37 - Isotonic calibrator fitted.
2026-04-08 01:43:46 | INFO     | app.pricing.models:fit:320 - Calibration report: raw_brier=0.0653, cal_brier=0.0
2026-04-08 01:43:46 | INFO     | app.pricing.models:fit:191 - Training LogisticRegression component...
2026-04-08 01:43:46 | INFO     | app.pricing.models:fit:193 - Training XGBoost component...
2026-04-08 01:43:46 | INFO     | app.pricing.calibration:fit:37 - Isotonic calibrator fitted.
2026-04-08 01:43:46 | WARNING  | app.services.backtest:run:109 - Training failed at fold 60: y_true contains only one label (0). Please provide the true labels explicitly through the labels argument.
2026-04-08 01:43:46 | INFO     | app.pricing.models:fit:191 - Training LogisticRegression component...
2026-04-08 01:43:46 | INFO     | app.pricing.models:fit:193 - Training XGBoost component...
2026-04-08 01:43:46 | INFO     | app.pricing.calibration:fit:37 - Isotonic calibrator fitted.
2026-04-08 01:43:46 | WARNING  | app.services.backtest:run:109 - Training failed at fold 65: y_true contains only one label (0). Please provide the true labels explicitly through the labels argument.
2026-04-08 01:43:46 | INFO     | app.pricing.models:fit:191 - Training LogisticRegression component...
2026-04-08 01:43:46 | INFO     | app.pricing.models:fit:193 - Training XGBoost component...
2026-04-08 01:43:46 | INFO     | app.pricing.calibration:fit:37 - Isotonic calibrator fitted.
2026-04-08 01:43:46 | WARNING  | app.services.backtest:run:109 - Training failed at fold 70: y_true contains only one label (0). Please provide the true labels explicitly through the labels argument.
2026-04-08 01:43:46 | INFO     | app.pricing.models:fit:191 - Training LogisticRegression component...
2026-04-08 01:43:46 | INFO     | app.pricing.models:fit:193 - Training XGBoost component...
2026-04-08 01:43:46 | INFO     | app.pricing.calibration:fit:37 - Isotonic calibrator fitted.
2026-04-08 01:43:46 | WARNING  | app.services.backtest:run:109 - Training failed at fold 75: y_true contains only one label (0). Please provide the true labels explicitly through the labels argument.
2026-04-08 01:43:46 | INFO     | app.pricing.models:fit:191 - Training LogisticRegression component...
2026-04-08 01:43:46 | INFO     | app.pricing.models:fit:193 - Training XGBoost component...
2026-04-08 01:43:46 | INFO     | app.pricing.calibration:fit:37 - Isotonic calibrator fitted.
2026-04-08 01:43:46 | INFO     | app.pricing.models:fit:320 - Calibration report: raw_brier=0.2423, cal_brier=0.05556
2026-04-08 01:43:46 | INFO     | app.pricing.models:fit:191 - Training LogisticRegression component...
2026-04-08 01:43:46 | INFO     | app.pricing.models:fit:193 - Training XGBoost component...
2026-04-08 01:43:46 | INFO     | app.pricing.calibration:fit:37 - Isotonic calibrator fitted.
2026-04-08 01:43:46 | INFO     | app.pricing.models:fit:320 - Calibration report: raw_brier=0.4522, cal_brier=0.0
2026-04-08 01:43:46 | INFO     | app.pricing.models:fit:191 - Training LogisticRegression component...
2026-04-08 01:43:46 | INFO     | app.pricing.models:fit:193 - Training XGBoost component...
2026-04-08 01:43:46 | INFO     | app.pricing.calibration:fit:37 - Isotonic calibrator fitted.
2026-04-08 01:43:46 | WARNING  | app.services.backtest:run:109 - Training failed at fold 90: y_true contains only one label (1). Please provide the true labels explicitly through the labels argument.
2026-04-08 01:43:46 | INFO     | app.pricing.models:fit:191 - Training LogisticRegression component...
2026-04-08 01:43:46 | INFO     | app.pricing.models:fit:193 - Training XGBoost component...
2026-04-08 01:43:46 | INFO     | app.pricing.calibration:fit:37 - Isotonic calibrator fitted.
2026-04-08 01:43:46 | WARNING  | app.services.backtest:run:109 - Training failed at fold 95: y_true contains only one label (1). Please provide the true labels explicitly through the labels argument.
2026-04-08 01:43:46 | INFO     | app.pricing.models:fit:191 - Training LogisticRegression component...
2026-04-08 01:43:46 | INFO     | app.pricing.models:fit:193 - Training XGBoost component...
2026-04-08 01:43:46 | INFO     | app.pricing.calibration:fit:37 - Isotonic calibrator fitted.
2026-04-08 01:43:46 | WARNING  | app.services.backtest:run:109 - Training failed at fold 100: y_true contains only one label (1). Please provide the true labels explicitly through the labels argument.
2026-04-08 01:43:46 | INFO     | app.pricing.models:fit:191 - Training LogisticRegression component...
2026-04-08 01:43:46 | INFO     | app.pricing.models:fit:193 - Training XGBoost component...
2026-04-08 01:43:46 | INFO     | app.pricing.calibration:fit:37 - Isotonic calibrator fitted.
2026-04-08 01:43:46 | WARNING  | app.services.backtest:run:109 - Training failed at fold 105: y_true contains only one label (1). Please provide the true labels explicitly through the labels argument.
2026-04-08 01:43:46 | INFO     | app.pricing.models:fit:191 - Training LogisticRegression component...
2026-04-08 01:43:46 | INFO     | app.pricing.models:fit:193 - Training XGBoost component...
2026-04-08 01:43:46 | INFO     | app.pricing.calibration:fit:37 - Isotonic calibrator fitted.
2026-04-08 01:43:46 | WARNING  | app.services.backtest:run:109 - Training failed at fold 110: y_true contains only one label (1). Please provide the true labels explicitly through the labels argument.
2026-04-08 01:43:46 | INFO     | app.pricing.models:fit:191 - Training LogisticRegression component...
2026-04-08 01:43:46 | INFO     | app.pricing.models:fit:193 - Training XGBoost component...
2026-04-08 01:43:46 | INFO     | app.pricing.calibration:fit:37 - Isotonic calibrator fitted.
2026-04-08 01:43:46 | WARNING  | app.services.backtest:run:109 - Training failed at fold 115: y_true contains only one label (1). Please provide the true labels explicitly through the labels argument.
2026-04-08 01:43:46 | INFO     | app.pricing.models:fit:191 - Training LogisticRegression component...
2026-04-08 01:43:46 | INFO     | app.pricing.models:fit:193 - Training XGBoost component...
2026-04-08 01:43:46 | INFO     | app.pricing.calibration:fit:37 - Isotonic calibrator fitted.
2026-04-08 01:43:46 | WARNING  | app.services.backtest:run:109 - Training failed at fold 120: y_true contains only one label (1). Please provide the true labels explicitly through the labels argument.
2026-04-08 01:43:46 | INFO     | app.pricing.models:fit:191 - Training LogisticRegression component...
2026-04-08 01:43:46 | INFO     | app.pricing.models:fit:193 - Training XGBoost component...
2026-04-08 01:43:46 | INFO     | app.pricing.calibration:fit:37 - Isotonic calibrator fitted.
2026-04-08 01:43:46 | WARNING  | app.services.backtest:run:109 - Training failed at fold 125: y_true contains only one label (1). Please provide the true labels explicitly through the labels argument.
2026-04-08 01:43:46 | INFO     | app.pricing.models:fit:191 - Training LogisticRegression component...
2026-04-08 01:43:46 | INFO     | app.pricing.models:fit:193 - Training XGBoost component...
2026-04-08 01:43:46 | INFO     | app.pricing.calibration:fit:37 - Isotonic calibrator fitted.
2026-04-08 01:43:46 | WARNING  | app.services.backtest:run:109 - Training failed at fold 130: y_true contains only one label (1). Please provide the true labels explicitly through the labels argument.
2026-04-08 01:43:46 | INFO     | app.pricing.models:fit:191 - Training LogisticRegression component...
2026-04-08 01:43:46 | INFO     | app.pricing.models:fit:193 - Training XGBoost component...
2026-04-08 01:43:46 | INFO     | app.pricing.calibration:fit:37 - Isotonic calibrator fitted.
2026-04-08 01:43:46 | WARNING  | app.services.backtest:run:109 - Training failed at fold 135: y_true contains only one label (1). Please provide the true labels explicitly through the labels argument.
2026-04-08 01:43:46 | INFO     | app.pricing.models:fit:191 - Training LogisticRegression component...
2026-04-08 01:43:46 | INFO     | app.pricing.models:fit:193 - Training XGBoost component...
2026-04-08 01:43:46 | INFO     | app.pricing.calibration:fit:37 - Isotonic calibrator fitted.
2026-04-08 01:43:46 | WARNING  | app.services.backtest:run:109 - Training failed at fold 140: y_true contains only one label (1). Please provide the true labels explicitly through the labels argument.
2026-04-08 01:43:46 | INFO     | app.pricing.models:fit:191 - Training LogisticRegression component...
2026-04-08 01:43:46 | INFO     | app.pricing.models:fit:193 - Training XGBoost component...
2026-04-08 01:43:46 | INFO     | app.pricing.calibration:fit:37 - Isotonic calibrator fitted.
2026-04-08 01:43:46 | WARNING  | app.services.backtest:run:109 - Training failed at fold 145: y_true contains only one label (1). Please provide the true labels explicitly through the labels argument.
2026-04-08 01:43:46 | INFO     | app.pricing.models:fit:191 - Training LogisticRegression component...
2026-04-08 01:43:46 | INFO     | app.pricing.models:fit:193 - Training XGBoost component...
2026-04-08 01:43:46 | INFO     | app.pricing.calibration:fit:37 - Isotonic calibrator fitted.
2026-04-08 01:43:46 | WARNING  | app.services.backtest:run:109 - Training failed at fold 150: y_true contains only one label (1). Please provide the true labels explicitly through the labels argument.
2026-04-08 01:43:46 | INFO     | app.pricing.models:fit:191 - Training LogisticRegression component...
2026-04-08 01:43:46 | INFO     | app.pricing.models:fit:193 - Training XGBoost component...
2026-04-08 01:43:46 | INFO     | app.pricing.calibration:fit:37 - Isotonic calibrator fitted.
2026-04-08 01:43:46 | WARNING  | app.services.backtest:run:109 - Training failed at fold 155: y_true contains only one label (1). Please provide the true labels explicitly through the labels argument.
2026-04-08 01:43:46 | INFO     | app.pricing.models:fit:191 - Training LogisticRegression component...
2026-04-08 01:43:46 | INFO     | app.pricing.models:fit:193 - Training XGBoost component...
2026-04-08 01:43:46 | INFO     | app.pricing.calibration:fit:37 - Isotonic calibrator fitted.
2026-04-08 01:43:46 | WARNING  | app.services.backtest:run:109 - Training failed at fold 160: y_true contains only one label (1). Please provide the true labels explicitly through the labels argument.
2026-04-08 01:43:46 | INFO     | app.pricing.models:fit:191 - Training LogisticRegression component...
2026-04-08 01:43:46 | INFO     | app.pricing.models:fit:193 - Training XGBoost component...
2026-04-08 01:43:46 | INFO     | app.pricing.calibration:fit:37 - Isotonic calibrator fitted.
2026-04-08 01:43:46 | WARNING  | app.services.backtest:run:109 - Training failed at fold 165: y_true contains only one label (1). Please provide the true labels explicitly through the labels argument.
2026-04-08 01:43:46 | INFO     | app.pricing.models:fit:191 - Training LogisticRegression component...
2026-04-08 01:43:46 | INFO     | app.pricing.models:fit:193 - Training XGBoost component...
2026-04-08 01:43:46 | INFO     | app.pricing.calibration:fit:37 - Isotonic calibrator fitted.
2026-04-08 01:43:46 | WARNING  | app.services.backtest:run:109 - Training failed at fold 170: y_true contains only one label (1). Please provide the true labels explicitly through the labels argument.
2026-04-08 01:43:46 | INFO     | app.pricing.models:fit:191 - Training LogisticRegression component...
2026-04-08 01:43:46 | INFO     | app.pricing.models:fit:193 - Training XGBoost component...
2026-04-08 01:43:46 | INFO     | app.pricing.calibration:fit:37 - Isotonic calibrator fitted.
2026-04-08 01:43:46 | WARNING  | app.services.backtest:run:109 - Training failed at fold 175: y_true contains only one label (1). Please provide the true labels explicitly through the labels argument.
2026-04-08 01:43:46 | INFO     | app.pricing.models:fit:191 - Training LogisticRegression component...
2026-04-08 01:43:46 | INFO     | app.pricing.models:fit:193 - Training XGBoost component...
2026-04-08 01:43:46 | INFO     | app.pricing.calibration:fit:37 - Isotonic calibrator fitted.
2026-04-08 01:43:46 | WARNING  | app.services.backtest:run:109 - Training failed at fold 180: y_true contains only one label (1). Please provide the true labels explicitly through the labels argument.
2026-04-08 01:43:46 | INFO     | app.pricing.models:fit:191 - Training LogisticRegression component...
2026-04-08 01:43:46 | INFO     | app.pricing.models:fit:193 - Training XGBoost component...
2026-04-08 01:43:46 | INFO     | app.pricing.calibration:fit:37 - Isotonic calibrator fitted.
2026-04-08 01:43:46 | WARNING  | app.services.backtest:run:109 - Training failed at fold 185: y_true contains only one label (1). Please provide the true labels explicitly through the labels argument.
2026-04-08 01:43:46 | INFO     | app.pricing.models:fit:191 - Training LogisticRegression component...
2026-04-08 01:43:46 | INFO     | app.pricing.models:fit:193 - Training XGBoost component...
2026-04-08 01:43:46 | INFO     | app.pricing.calibration:fit:37 - Isotonic calibrator fitted.
2026-04-08 01:43:46 | WARNING  | app.services.backtest:run:109 - Training failed at fold 190: y_true contains only one label (1). Please provide the true labels explicitly through the labels argument.
2026-04-08 01:43:46 | INFO     | app.pricing.models:fit:191 - Training LogisticRegression component...
2026-04-08 01:43:46 | INFO     | app.pricing.models:fit:193 - Training XGBoost component...
2026-04-08 01:43:46 | INFO     | app.pricing.calibration:fit:37 - Isotonic calibrator fitted.
2026-04-08 01:43:46 | WARNING  | app.services.backtest:run:109 - Training failed at fold 195: y_true contains only one label (1). Please provide the true labels explicitly through the labels argument.
2026-04-08 01:43:46 | INFO     | app.pricing.models:fit:191 - Training LogisticRegression component...
2026-04-08 01:43:46 | INFO     | app.pricing.models:fit:193 - Training XGBoost component...
2026-04-08 01:43:46 | INFO     | app.pricing.calibration:fit:37 - Isotonic calibrator fitted.
2026-04-08 01:43:46 | WARNING  | app.services.backtest:run:109 - Training failed at fold 200: y_true contains only one label (1). Please provide the true labels explicitly through the labels argument.
2026-04-08 01:43:46 | INFO     | app.pricing.models:fit:191 - Training LogisticRegression component...
2026-04-08 01:43:46 | INFO     | app.pricing.models:fit:193 - Training XGBoost component...
2026-04-08 01:43:46 | INFO     | app.pricing.calibration:fit:37 - Isotonic calibrator fitted.
2026-04-08 01:43:46 | INFO     | app.pricing.models:fit:320 - Calibration report: raw_brier=0.2798, cal_brier=0.04
2026-04-08 01:43:46 | INFO     | app.pricing.models:fit:191 - Training LogisticRegression component...
2026-04-08 01:43:46 | INFO     | app.pricing.models:fit:193 - Training XGBoost component...
2026-04-08 01:43:46 | INFO     | app.pricing.calibration:fit:37 - Isotonic calibrator fitted.
2026-04-08 01:43:46 | INFO     | app.pricing.models:fit:320 - Calibration report: raw_brier=0.0858, cal_brier=0.0
2026-04-08 01:43:46 | INFO     | app.pricing.models:fit:191 - Training LogisticRegression component...
2026-04-08 01:43:46 | INFO     | app.pricing.models:fit:193 - Training XGBoost component...
2026-04-08 01:43:47 | INFO     | app.pricing.calibration:fit:37 - Isotonic calibrator fitted.
2026-04-08 01:43:47 | INFO     | app.pricing.models:fit:320 - Calibration report: raw_brier=0.1246, cal_brier=0.0
2026-04-08 01:43:47 | INFO     | app.pricing.models:fit:191 - Training LogisticRegression component...
2026-04-08 01:43:47 | INFO     | app.pricing.models:fit:193 - Training XGBoost component...
2026-04-08 01:43:47 | INFO     | app.pricing.calibration:fit:37 - Isotonic calibrator fitted.
2026-04-08 01:43:47 | INFO     | app.pricing.models:fit:320 - Calibration report: raw_brier=0.1888, cal_brier=0.0202
2026-04-08 01:43:47 | INFO     | app.pricing.models:fit:191 - Training LogisticRegression component...
2026-04-08 01:43:47 | INFO     | app.pricing.models:fit:193 - Training XGBoost component...
2026-04-08 01:43:47 | INFO     | app.pricing.calibration:fit:37 - Isotonic calibrator fitted.
2026-04-08 01:43:47 | INFO     | app.pricing.models:fit:320 - Calibration report: raw_brier=0.2552, cal_brier=0.0
2026-04-08 01:43:47 | INFO     | app.pricing.models:fit:191 - Training LogisticRegression component...
2026-04-08 01:43:47 | INFO     | app.pricing.models:fit:193 - Training XGBoost component...
2026-04-08 01:43:47 | INFO     | app.pricing.calibration:fit:37 - Isotonic calibrator fitted.
2026-04-08 01:43:47 | INFO     | app.pricing.models:fit:320 - Calibration report: raw_brier=0.2753, cal_brier=0.10208
2026-04-08 01:43:47 | INFO     | app.pricing.models:fit:191 - Training LogisticRegression component...
2026-04-08 01:43:47 | INFO     | app.pricing.models:fit:193 - Training XGBoost component...
2026-04-08 01:43:47 | INFO     | app.pricing.calibration:fit:37 - Isotonic calibrator fitted.
2026-04-08 01:43:47 | INFO     | app.pricing.models:fit:320 - Calibration report: raw_brier=0.3241, cal_brier=0.18681
2026-04-08 01:43:47 | INFO     | app.pricing.models:fit:191 - Training LogisticRegression component...
2026-04-08 01:43:47 | INFO     | app.pricing.models:fit:193 - Training XGBoost component...
2026-04-08 01:43:47 | INFO     | app.pricing.calibration:fit:37 - Isotonic calibrator fitted.
2026-04-08 01:43:47 | INFO     | app.pricing.models:fit:320 - Calibration report: raw_brier=0.2188, cal_brier=0.18519
2026-04-08 01:43:47 | INFO     | app.pricing.models:fit:191 - Training LogisticRegression component...
2026-04-08 01:43:47 | INFO     | app.pricing.models:fit:193 - Training XGBoost component...
2026-04-08 01:43:47 | INFO     | app.pricing.calibration:fit:37 - Isotonic calibrator fitted.
2026-04-08 01:43:47 | INFO     | app.pricing.models:fit:320 - Calibration report: raw_brier=0.2400, cal_brier=0.13333
2026-04-08 01:43:47 | INFO     | app.pricing.models:fit:191 - Training LogisticRegression component...
2026-04-08 01:43:47 | INFO     | app.pricing.models:fit:193 - Training XGBoost component...
2026-04-08 01:43:47 | INFO     | app.pricing.calibration:fit:37 - Isotonic calibrator fitted.
2026-04-08 01:43:47 | INFO     | app.pricing.models:fit:320 - Calibration report: raw_brier=0.2424, cal_brier=0.0
2026-04-08 01:43:47 | INFO     | app.pricing.models:fit:191 - Training LogisticRegression component...
2026-04-08 01:43:47 | INFO     | app.pricing.models:fit:193 - Training XGBoost component...
2026-04-08 01:43:47 | INFO     | app.pricing.calibration:fit:37 - Isotonic calibrator fitted.
2026-04-08 01:43:47 | INFO     | app.pricing.models:fit:320 - Calibration report: raw_brier=0.2954, cal_brier=0.0
2026-04-08 01:43:47 | INFO     | app.pricing.models:fit:191 - Training LogisticRegression component...
2026-04-08 01:43:47 | INFO     | app.pricing.models:fit:193 - Training XGBoost component...
2026-04-08 01:43:47 | INFO     | app.pricing.calibration:fit:37 - Isotonic calibrator fitted.
2026-04-08 01:43:47 | INFO     | app.pricing.models:fit:320 - Calibration report: raw_brier=0.3605, cal_brier=0.0
2026-04-08 01:43:47 | INFO     | app.pricing.models:fit:191 - Training LogisticRegression component...
2026-04-08 01:43:47 | INFO     | app.pricing.models:fit:193 - Training XGBoost component...
2026-04-08 01:43:47 | INFO     | app.pricing.calibration:fit:37 - Isotonic calibrator fitted.
2026-04-08 01:43:47 | WARNING  | app.services.backtest:run:109 - Training failed at fold 265: y_true contains only one label (1). Please provide the true labels explicitly through the labels argument.
2026-04-08 01:43:47 | INFO     | app.pricing.models:fit:191 - Training LogisticRegression component...
2026-04-08 01:43:47 | INFO     | app.pricing.models:fit:193 - Training XGBoost component...
2026-04-08 01:43:47 | INFO     | app.pricing.calibration:fit:37 - Isotonic calibrator fitted.
2026-04-08 01:43:47 | WARNING  | app.services.backtest:run:109 - Training failed at fold 270: y_true contains only one label (1). Please provide the true labels explicitly through the labels argument.
2026-04-08 01:43:47 | INFO     | app.pricing.models:fit:191 - Training LogisticRegression component...
2026-04-08 01:43:47 | INFO     | app.pricing.models:fit:193 - Training XGBoost component...
2026-04-08 01:43:47 | INFO     | app.pricing.calibration:fit:37 - Isotonic calibrator fitted.
2026-04-08 01:43:47 | WARNING  | app.services.backtest:run:109 - Training failed at fold 275: y_true contains only one label (1). Please provide the true labels explicitly through the labels argument.
2026-04-08 01:43:47 | INFO     | app.pricing.models:fit:191 - Training LogisticRegression component...
2026-04-08 01:43:47 | INFO     | app.pricing.models:fit:193 - Training XGBoost component...
2026-04-08 01:43:47 | INFO     | app.pricing.calibration:fit:37 - Isotonic calibrator fitted.
2026-04-08 01:43:47 | INFO     | app.pricing.models:fit:320 - Calibration report: raw_brier=0.1717, cal_brier=0.09524
2026-04-08 01:43:47 | INFO     | app.pricing.models:fit:191 - Training LogisticRegression component...
2026-04-08 01:43:47 | INFO     | app.pricing.models:fit:193 - Training XGBoost component...
2026-04-08 01:43:47 | INFO     | app.pricing.calibration:fit:37 - Isotonic calibrator fitted.
2026-04-08 01:43:47 | INFO     | app.pricing.models:fit:320 - Calibration report: raw_brier=0.2117, cal_brier=0.15873
2026-04-08 01:43:47 | INFO     | app.pricing.models:fit:191 - Training LogisticRegression component...
2026-04-08 01:43:47 | INFO     | app.pricing.models:fit:193 - Training XGBoost component...
2026-04-08 01:43:47 | INFO     | app.pricing.calibration:fit:37 - Isotonic calibrator fitted.
2026-04-08 01:43:47 | INFO     | app.pricing.models:fit:320 - Calibration report: raw_brier=0.2486, cal_brier=0.19934
2026-04-08 01:43:47 | INFO     | app.pricing.models:fit:191 - Training LogisticRegression component...
2026-04-08 01:43:47 | INFO     | app.pricing.models:fit:193 - Training XGBoost component...
2026-04-08 01:43:47 | INFO     | app.pricing.calibration:fit:37 - Isotonic calibrator fitted.
2026-04-08 01:43:47 | INFO     | app.pricing.models:fit:320 - Calibration report: raw_brier=0.2705, cal_brier=0.22727
2026-04-08 01:43:47 | INFO     | app.pricing.models:fit:191 - Training LogisticRegression component...
2026-04-08 01:43:47 | INFO     | app.pricing.models:fit:193 - Training XGBoost component...
2026-04-08 01:43:47 | INFO     | app.pricing.calibration:fit:37 - Isotonic calibrator fitted.
2026-04-08 01:43:47 | INFO     | app.pricing.models:fit:320 - Calibration report: raw_brier=0.1862, cal_brier=0.0
2026-04-08 01:43:47 | INFO     | app.pricing.models:fit:191 - Training LogisticRegression component...
2026-04-08 01:43:47 | INFO     | app.pricing.models:fit:193 - Training XGBoost component...
2026-04-08 01:43:47 | INFO     | app.pricing.calibration:fit:37 - Isotonic calibrator fitted.
2026-04-08 01:43:47 | INFO     | app.pricing.models:fit:320 - Calibration report: raw_brier=0.2054, cal_brier=0.0
2026-04-08 01:43:47 | INFO     | app.pricing.models:fit:191 - Training LogisticRegression component...
2026-04-08 01:43:47 | INFO     | app.pricing.models:fit:193 - Training XGBoost component...
2026-04-08 01:43:47 | INFO     | app.pricing.calibration:fit:37 - Isotonic calibrator fitted.
2026-04-08 01:43:48 | INFO     | app.pricing.models:fit:320 - Calibration report: raw_brier=0.2299, cal_brier=0.0
2026-04-08 01:43:48 | INFO     | app.pricing.models:fit:191 - Training LogisticRegression component...
2026-04-08 01:43:48 | INFO     | app.pricing.models:fit:193 - Training XGBoost component...
2026-04-08 01:43:48 | INFO     | app.pricing.calibration:fit:37 - Isotonic calibrator fitted.
2026-04-08 01:43:48 | INFO     | app.pricing.models:fit:320 - Calibration report: raw_brier=0.2514, cal_brier=0.0
2026-04-08 01:43:48 | INFO     | app.pricing.models:fit:191 - Training LogisticRegression component...
2026-04-08 01:43:48 | INFO     | app.pricing.models:fit:193 - Training XGBoost component...
2026-04-08 01:43:48 | INFO     | app.pricing.calibration:fit:37 - Isotonic calibrator fitted.
2026-04-08 01:43:48 | INFO     | app.pricing.models:fit:320 - Calibration report: raw_brier=0.2792, cal_brier=0.0
2026-04-08 01:43:48 | INFO     | app.pricing.models:fit:191 - Training LogisticRegression component...
2026-04-08 01:43:48 | INFO     | app.pricing.models:fit:193 - Training XGBoost component...
2026-04-08 01:43:48 | INFO     | app.pricing.calibration:fit:37 - Isotonic calibrator fitted.
2026-04-08 01:43:48 | WARNING  | app.services.backtest:run:109 - Training failed at fold 325: y_true contains only one label (0). Please provide the true labels explicitly through the labels argument.
2026-04-08 01:43:48 | INFO     | app.pricing.models:fit:191 - Training LogisticRegression component...
2026-04-08 01:43:48 | INFO     | app.pricing.models:fit:193 - Training XGBoost component...
2026-04-08 01:43:48 | INFO     | app.pricing.calibration:fit:37 - Isotonic calibrator fitted.
2026-04-08 01:43:48 | INFO     | app.pricing.models:fit:320 - Calibration report: raw_brier=0.1854, cal_brier=0.06803
2026-04-08 01:43:48 | INFO     | app.pricing.models:fit:191 - Training LogisticRegression component...
2026-04-08 01:43:48 | INFO     | app.pricing.models:fit:193 - Training XGBoost component...
2026-04-08 01:43:48 | INFO     | app.pricing.calibration:fit:37 - Isotonic calibrator fitted.
2026-04-08 01:43:48 | INFO     | app.pricing.models:fit:320 - Calibration report: raw_brier=0.2163, cal_brier=0.1
2026-04-08 01:43:48 | INFO     | app.pricing.models:fit:191 - Training LogisticRegression component...
2026-04-08 01:43:48 | INFO     | app.pricing.models:fit:193 - Training XGBoost component...
2026-04-08 01:43:48 | INFO     | app.pricing.calibration:fit:37 - Isotonic calibrator fitted.
2026-04-08 01:43:48 | INFO     | app.pricing.models:fit:320 - Calibration report: raw_brier=0.2268, cal_brier=0.11765
2026-04-08 01:43:48 | INFO     | app.pricing.models:fit:191 - Training LogisticRegression component...
2026-04-08 01:43:48 | INFO     | app.pricing.models:fit:193 - Training XGBoost component...
2026-04-08 01:43:48 | INFO     | app.pricing.calibration:fit:37 - Isotonic calibrator fitted.
2026-04-08 01:43:48 | INFO     | app.pricing.models:fit:320 - Calibration report: raw_brier=0.2485, cal_brier=0.13072
2026-04-08 01:43:48 | INFO     | app.pricing.models:fit:191 - Training LogisticRegression component...
2026-04-08 01:43:48 | INFO     | app.pricing.models:fit:193 - Training XGBoost component...
2026-04-08 01:43:48 | INFO     | app.pricing.calibration:fit:37 - Isotonic calibrator fitted.
2026-04-08 01:43:48 | INFO     | app.pricing.models:fit:320 - Calibration report: raw_brier=0.2560, cal_brier=0.13736
2026-04-08 01:43:48 | INFO     | app.pricing.models:fit:191 - Training LogisticRegression component...
2026-04-08 01:43:48 | INFO     | app.pricing.models:fit:193 - Training XGBoost component...
2026-04-08 01:43:48 | INFO     | app.pricing.calibration:fit:37 - Isotonic calibrator fitted.
2026-04-08 01:43:48 | INFO     | app.pricing.models:fit:320 - Calibration report: raw_brier=0.2148, cal_brier=0.0
2026-04-08 01:43:48 | INFO     | app.pricing.models:fit:191 - Training LogisticRegression component...
2026-04-08 01:43:48 | INFO     | app.pricing.models:fit:193 - Training XGBoost component...
2026-04-08 01:43:48 | INFO     | app.pricing.calibration:fit:37 - Isotonic calibrator fitted.
2026-04-08 01:43:48 | INFO     | app.pricing.models:fit:320 - Calibration report: raw_brier=0.2059, cal_brier=0.0
2026-04-08 01:43:48 | INFO     | app.pricing.models:fit:191 - Training LogisticRegression component...
2026-04-08 01:43:48 | INFO     | app.pricing.models:fit:193 - Training XGBoost component...
2026-04-08 01:43:48 | INFO     | app.pricing.calibration:fit:37 - Isotonic calibrator fitted.
2026-04-08 01:43:48 | INFO     | app.pricing.models:fit:320 - Calibration report: raw_brier=0.2368, cal_brier=0.0
2026-04-08 01:43:48 | INFO     | app.pricing.models:fit:191 - Training LogisticRegression component...
2026-04-08 01:43:48 | INFO     | app.pricing.models:fit:193 - Training XGBoost component...
2026-04-08 01:43:48 | INFO     | app.pricing.calibration:fit:37 - Isotonic calibrator fitted.
2026-04-08 01:43:48 | INFO     | app.pricing.models:fit:320 - Calibration report: raw_brier=0.2285, cal_brier=0.0
2026-04-08 01:43:48 | INFO     | app.pricing.models:fit:191 - Training LogisticRegression component...
2026-04-08 01:43:48 | INFO     | app.pricing.models:fit:193 - Training XGBoost component...
2026-04-08 01:43:48 | INFO     | app.pricing.calibration:fit:37 - Isotonic calibrator fitted.
2026-04-08 01:43:48 | INFO     | app.pricing.models:fit:320 - Calibration report: raw_brier=0.2451, cal_brier=0.0
2026-04-08 01:43:48 | INFO     | app.pricing.models:fit:191 - Training LogisticRegression component...
2026-04-08 01:43:48 | INFO     | app.pricing.models:fit:193 - Training XGBoost component...
2026-04-08 01:43:48 | INFO     | app.pricing.calibration:fit:37 - Isotonic calibrator fitted.
2026-04-08 01:43:48 | INFO     | app.pricing.models:fit:320 - Calibration report: raw_brier=0.2499, cal_brier=0.0
2026-04-08 01:43:49 | INFO     | app.pricing.models:fit:191 - Training LogisticRegression component...
2026-04-08 01:43:49 | INFO     | app.pricing.models:fit:193 - Training XGBoost component...
2026-04-08 01:43:49 | INFO     | app.pricing.calibration:fit:37 - Isotonic calibrator fitted.
2026-04-08 01:43:49 | INFO     | app.pricing.models:fit:320 - Calibration report: raw_brier=0.1044, cal_brier=0.0
2026-04-08 01:43:49 | INFO     | app.pricing.models:fit:191 - Training LogisticRegression component...
2026-04-08 01:43:49 | INFO     | app.pricing.models:fit:193 - Training XGBoost component...
2026-04-08 01:43:49 | INFO     | app.pricing.calibration:fit:37 - Isotonic calibrator fitted.
2026-04-08 01:43:49 | INFO     | app.pricing.models:fit:320 - Calibration report: raw_brier=0.0576, cal_brier=0.0
2026-04-08 01:43:49 | INFO     | app.pricing.models:fit:191 - Training LogisticRegression component...
2026-04-08 01:43:49 | INFO     | app.pricing.models:fit:193 - Training XGBoost component...
2026-04-08 01:43:49 | INFO     | app.pricing.calibration:fit:37 - Isotonic calibrator fitted.
2026-04-08 01:43:49 | INFO     | app.pricing.models:fit:320 - Calibration report: raw_brier=0.0555, cal_brier=0.0
2026-04-08 01:43:49 | INFO     | app.pricing.models:fit:191 - Training LogisticRegression component...
2026-04-08 01:43:49 | INFO     | app.pricing.models:fit:193 - Training XGBoost component...
2026-04-08 01:43:49 | INFO     | app.pricing.calibration:fit:37 - Isotonic calibrator fitted.
2026-04-08 01:43:49 | INFO     | app.pricing.models:fit:320 - Calibration report: raw_brier=0.0620, cal_brier=0.0
2026-04-08 01:43:49 | INFO     | app.pricing.models:fit:191 - Training LogisticRegression component...
2026-04-08 01:43:49 | INFO     | app.pricing.models:fit:193 - Training XGBoost component...
2026-04-08 01:43:49 | INFO     | app.pricing.calibration:fit:37 - Isotonic calibrator fitted.
2026-04-08 01:43:49 | INFO     | app.pricing.models:fit:320 - Calibration report: raw_brier=0.1352, cal_brier=0.02167
2026-04-08 01:43:49 | INFO     | app.pricing.models:fit:191 - Training LogisticRegression component...
2026-04-08 01:43:49 | INFO     | app.pricing.models:fit:193 - Training XGBoost component...
2026-04-08 01:43:49 | INFO     | app.pricing.calibration:fit:37 - Isotonic calibrator fitted.
2026-04-08 01:43:49 | INFO     | app.pricing.models:fit:320 - Calibration report: raw_brier=0.2047, cal_brier=0.0082
2026-04-08 01:43:49 | INFO     | app.pricing.models:fit:191 - Training LogisticRegression component...
2026-04-08 01:43:49 | INFO     | app.pricing.models:fit:193 - Training XGBoost component...
2026-04-08 01:43:49 | INFO     | app.pricing.calibration:fit:37 - Isotonic calibrator fitted.
2026-04-08 01:43:49 | INFO     | app.pricing.models:fit:320 - Calibration report: raw_brier=0.2124, cal_brier=0.0
2026-04-08 01:43:49 | INFO     | app.pricing.models:fit:191 - Training LogisticRegression component...
2026-04-08 01:43:49 | INFO     | app.pricing.models:fit:193 - Training XGBoost component...
2026-04-08 01:43:49 | INFO     | app.pricing.calibration:fit:37 - Isotonic calibrator fitted.
2026-04-08 01:43:49 | INFO     | app.pricing.models:fit:320 - Calibration report: raw_brier=0.2649, cal_brier=0.0
2026-04-08 01:43:49 | INFO     | app.pricing.models:fit:191 - Training LogisticRegression component...
2026-04-08 01:43:49 | INFO     | app.pricing.models:fit:193 - Training XGBoost component...
2026-04-08 01:43:49 | INFO     | app.pricing.calibration:fit:37 - Isotonic calibrator fitted.
2026-04-08 01:43:49 | INFO     | app.pricing.models:fit:320 - Calibration report: raw_brier=0.3235, cal_brier=0.0
2026-04-08 01:43:49 | INFO     | app.pricing.models:fit:191 - Training LogisticRegression component...
2026-04-08 01:43:49 | INFO     | app.pricing.models:fit:193 - Training XGBoost component...
2026-04-08 01:43:49 | INFO     | app.pricing.calibration:fit:37 - Isotonic calibrator fitted.
2026-04-08 01:43:49 | INFO     | app.pricing.models:fit:320 - Calibration report: raw_brier=0.3365, cal_brier=0.02083
2026-04-08 01:43:49 | INFO     | app.pricing.models:fit:191 - Training LogisticRegression component...
2026-04-08 01:43:49 | INFO     | app.pricing.models:fit:193 - Training XGBoost component...
2026-04-08 01:43:49 | INFO     | app.pricing.calibration:fit:37 - Isotonic calibrator fitted.
2026-04-08 01:43:49 | INFO     | app.pricing.models:fit:320 - Calibration report: raw_brier=0.3492, cal_brier=0.01538
2026-04-08 01:43:49 | INFO     | app.pricing.models:fit:191 - Training LogisticRegression component...
2026-04-08 01:43:49 | INFO     | app.pricing.models:fit:193 - Training XGBoost component...
2026-04-08 01:43:49 | INFO     | app.pricing.calibration:fit:37 - Isotonic calibrator fitted.
2026-04-08 01:43:49 | INFO     | app.pricing.models:fit:320 - Calibration report: raw_brier=0.3598, cal_brier=0.03319
2026-04-08 01:43:49 | INFO     | app.pricing.models:fit:191 - Training LogisticRegression component...
2026-04-08 01:43:49 | INFO     | app.pricing.models:fit:193 - Training XGBoost component...
2026-04-08 01:43:49 | INFO     | app.pricing.calibration:fit:37 - Isotonic calibrator fitted.
2026-04-08 01:43:49 | INFO     | app.pricing.models:fit:320 - Calibration report: raw_brier=0.3823, cal_brier=0.0
2026-04-08 01:43:49 | INFO     | app.pricing.models:fit:191 - Training LogisticRegression component...
2026-04-08 01:43:49 | INFO     | app.pricing.models:fit:193 - Training XGBoost component...
2026-04-08 01:43:49 | INFO     | app.pricing.calibration:fit:37 - Isotonic calibrator fitted.
2026-04-08 01:43:49 | INFO     | app.pricing.models:fit:320 - Calibration report: raw_brier=0.3954, cal_brier=0.0
2026-04-08 01:43:49 | INFO     | app.pricing.models:fit:191 - Training LogisticRegression component...
2026-04-08 01:43:49 | INFO     | app.pricing.models:fit:193 - Training XGBoost component...
2026-04-08 01:43:49 | INFO     | app.pricing.calibration:fit:37 - Isotonic calibrator fitted.
2026-04-08 01:43:49 | INFO     | app.pricing.models:fit:320 - Calibration report: raw_brier=0.4105, cal_brier=0.06684
2026-04-08 01:43:49 | INFO     | app.pricing.models:fit:191 - Training LogisticRegression component...
2026-04-08 01:43:49 | INFO     | app.pricing.models:fit:193 - Training XGBoost component...
2026-04-08 01:43:49 | INFO     | app.pricing.calibration:fit:37 - Isotonic calibrator fitted.
2026-04-08 01:43:49 | INFO     | app.pricing.models:fit:320 - Calibration report: raw_brier=0.4263, cal_brier=0.12077
2026-04-08 01:43:49 | INFO     | app.pricing.models:fit:191 - Training LogisticRegression component...
2026-04-08 01:43:49 | INFO     | app.pricing.models:fit:193 - Training XGBoost component...
2026-04-08 01:43:49 | INFO     | app.pricing.calibration:fit:37 - Isotonic calibrator fitted.
2026-04-08 01:43:49 | INFO     | app.pricing.models:fit:320 - Calibration report: raw_brier=0.4499, cal_brier=0.16722
2026-04-08 01:43:49 | INFO     | app.pricing.models:fit:191 - Training LogisticRegression component...
2026-04-08 01:43:49 | INFO     | app.pricing.models:fit:193 - Training XGBoost component...
2026-04-08 01:43:49 | INFO     | app.pricing.calibration:fit:37 - Isotonic calibrator fitted.
2026-04-08 01:43:49 | INFO     | app.pricing.models:fit:320 - Calibration report: raw_brier=0.4649, cal_brier=0.20408
2026-04-08 01:43:49 | INFO     | app.pricing.models:fit:191 - Training LogisticRegression component...
2026-04-08 01:43:49 | INFO     | app.pricing.models:fit:193 - Training XGBoost component...
2026-04-08 01:43:50 | INFO     | app.pricing.calibration:fit:37 - Isotonic calibrator fitted.
2026-04-08 01:43:50 | INFO     | app.pricing.models:fit:320 - Calibration report: raw_brier=0.3208, cal_brier=0.22813
2026-04-08 01:43:50 | INFO     | app.pricing.models:fit:191 - Training LogisticRegression component...
2026-04-08 01:43:50 | INFO     | app.pricing.models:fit:193 - Training XGBoost component...
2026-04-08 01:43:50 | INFO     | app.pricing.calibration:fit:37 - Isotonic calibrator fitted.
2026-04-08 01:43:50 | INFO     | app.pricing.models:fit:320 - Calibration report: raw_brier=0.2975, cal_brier=0.21368
2026-04-08 01:43:50 | INFO     | app.pricing.models:fit:191 - Training LogisticRegression component...
2026-04-08 01:43:50 | INFO     | app.pricing.models:fit:193 - Training XGBoost component...
2026-04-08 01:43:50 | INFO     | app.pricing.calibration:fit:37 - Isotonic calibrator fitted.
2026-04-08 01:43:50 | INFO     | app.pricing.models:fit:320 - Calibration report: raw_brier=0.2761, cal_brier=0.18029
2026-04-08 01:43:50 | INFO     | app.pricing.models:fit:191 - Training LogisticRegression component...
2026-04-08 01:43:50 | INFO     | app.pricing.models:fit:193 - Training XGBoost component...
2026-04-08 01:43:50 | INFO     | app.pricing.calibration:fit:37 - Isotonic calibrator fitted.
2026-04-08 01:43:50 | INFO     | app.pricing.models:fit:320 - Calibration report: raw_brier=0.2819, cal_brier=0.17459
2026-04-08 01:43:50 | INFO     | app.pricing.models:fit:191 - Training LogisticRegression component...
2026-04-08 01:43:50 | INFO     | app.pricing.models:fit:193 - Training XGBoost component...
2026-04-08 01:43:50 | INFO     | app.pricing.calibration:fit:37 - Isotonic calibrator fitted.
2026-04-08 01:43:50 | INFO     | app.pricing.models:fit:320 - Calibration report: raw_brier=0.2762, cal_brier=0.16892
2026-04-08 01:43:50 | INFO     | app.pricing.models:fit:191 - Training LogisticRegression component...
2026-04-08 01:43:50 | INFO     | app.pricing.models:fit:193 - Training XGBoost component...
2026-04-08 01:43:50 | INFO     | app.pricing.calibration:fit:37 - Isotonic calibrator fitted.
2026-04-08 01:43:50 | INFO     | app.pricing.models:fit:320 - Calibration report: raw_brier=0.2776, cal_brier=0.16667
2026-04-08 01:43:50 | INFO     | app.pricing.models:fit:191 - Training LogisticRegression component...
2026-04-08 01:43:50 | INFO     | app.pricing.models:fit:193 - Training XGBoost component...
2026-04-08 01:43:50 | INFO     | app.pricing.calibration:fit:37 - Isotonic calibrator fitted.
2026-04-08 01:43:50 | INFO     | app.pricing.models:fit:320 - Calibration report: raw_brier=0.1918, cal_brier=0.0
2026-04-08 01:43:50 | INFO     | app.pricing.models:fit:191 - Training LogisticRegression component...
2026-04-08 01:43:50 | INFO     | app.pricing.models:fit:193 - Training XGBoost component...
2026-04-08 01:43:50 | INFO     | app.pricing.calibration:fit:37 - Isotonic calibrator fitted.
2026-04-08 01:43:50 | INFO     | app.pricing.models:fit:320 - Calibration report: raw_brier=0.1964, cal_brier=0.0
2026-04-08 01:43:50 | INFO     | app.pricing.models:fit:191 - Training LogisticRegression component...
2026-04-08 01:43:50 | INFO     | app.pricing.models:fit:193 - Training XGBoost component...
2026-04-08 01:43:50 | INFO     | app.pricing.calibration:fit:37 - Isotonic calibrator fitted.
2026-04-08 01:43:50 | INFO     | app.pricing.models:fit:320 - Calibration report: raw_brier=0.1925, cal_brier=0.0
2026-04-08 01:43:50 | INFO     | app.pricing.models:fit:191 - Training LogisticRegression component...
2026-04-08 01:43:50 | INFO     | app.pricing.models:fit:193 - Training XGBoost component...
2026-04-08 01:43:50 | INFO     | app.pricing.calibration:fit:37 - Isotonic calibrator fitted.
2026-04-08 01:43:50 | INFO     | app.pricing.models:fit:320 - Calibration report: raw_brier=0.1955, cal_brier=0.0
2026-04-08 01:43:50 | INFO     | app.pricing.models:fit:191 - Training LogisticRegression component...
2026-04-08 01:43:50 | INFO     | app.pricing.models:fit:193 - Training XGBoost component...
2026-04-08 01:43:50 | INFO     | app.pricing.calibration:fit:37 - Isotonic calibrator fitted.
2026-04-08 01:43:50 | INFO     | app.pricing.models:fit:320 - Calibration report: raw_brier=0.1941, cal_brier=0.0
2026-04-08 01:43:50 | INFO     | app.pricing.models:fit:191 - Training LogisticRegression component...
2026-04-08 01:43:50 | INFO     | app.pricing.models:fit:193 - Training XGBoost component...
2026-04-08 01:43:50 | INFO     | app.pricing.calibration:fit:37 - Isotonic calibrator fitted.
2026-04-08 01:43:50 | INFO     | app.pricing.models:fit:320 - Calibration report: raw_brier=0.1738, cal_brier=0.05238
2026-04-08 01:43:50 | INFO     | app.pricing.models:fit:191 - Training LogisticRegression component...
2026-04-08 01:43:50 | INFO     | app.pricing.models:fit:193 - Training XGBoost component...
2026-04-08 01:43:50 | INFO     | app.pricing.calibration:fit:37 - Isotonic calibrator fitted.
2026-04-08 01:43:50 | INFO     | app.pricing.models:fit:320 - Calibration report: raw_brier=0.1083, cal_brier=0.05833
2026-04-08 01:43:50 | INFO     | app.pricing.models:fit:191 - Training LogisticRegression component...
2026-04-08 01:43:50 | INFO     | app.pricing.models:fit:193 - Training XGBoost component...
2026-04-08 01:43:50 | INFO     | app.pricing.calibration:fit:37 - Isotonic calibrator fitted.
2026-04-08 01:43:50 | INFO     | app.pricing.models:fit:320 - Calibration report: raw_brier=0.1034, cal_brier=0.05391
2026-04-08 01:43:50 | INFO     | app.pricing.models:fit:191 - Training LogisticRegression component...
2026-04-08 01:43:50 | INFO     | app.pricing.models:fit:193 - Training XGBoost component...
2026-04-08 01:43:50 | INFO     | app.pricing.calibration:fit:37 - Isotonic calibrator fitted.
2026-04-08 01:43:50 | INFO     | app.pricing.models:fit:320 - Calibration report: raw_brier=0.1119, cal_brier=0.04783
2026-04-08 01:43:50 | INFO     | app.pricing.models:fit:191 - Training LogisticRegression component...
2026-04-08 01:43:50 | INFO     | app.pricing.models:fit:193 - Training XGBoost component...
2026-04-08 01:43:50 | INFO     | app.pricing.calibration:fit:37 - Isotonic calibrator fitted.
2026-04-08 01:43:50 | INFO     | app.pricing.models:fit:320 - Calibration report: raw_brier=0.1242, cal_brier=0.05035
2026-04-08 01:43:50 | INFO     | app.pricing.models:fit:191 - Training LogisticRegression component...
2026-04-08 01:43:50 | INFO     | app.pricing.models:fit:193 - Training XGBoost component...
2026-04-08 01:43:51 | INFO     | app.pricing.calibration:fit:37 - Isotonic calibrator fitted.
2026-04-08 01:43:51 | INFO     | app.pricing.models:fit:320 - Calibration report: raw_brier=0.1216, cal_brier=0.0507
2026-04-08 01:43:51 | INFO     | app.pricing.models:fit:191 - Training LogisticRegression component...
2026-04-08 01:43:51 | INFO     | app.pricing.models:fit:193 - Training XGBoost component...
2026-04-08 01:43:51 | INFO     | app.pricing.calibration:fit:37 - Isotonic calibrator fitted.
2026-04-08 01:43:51 | INFO     | app.pricing.models:fit:320 - Calibration report: raw_brier=0.1262, cal_brier=0.05258
2026-04-08 01:43:51 | INFO     | app.pricing.models:fit:191 - Training LogisticRegression component...
2026-04-08 01:43:51 | INFO     | app.pricing.models:fit:193 - Training XGBoost component...
2026-04-08 01:43:51 | INFO     | app.pricing.calibration:fit:37 - Isotonic calibrator fitted.
2026-04-08 01:43:51 | INFO     | app.pricing.models:fit:320 - Calibration report: raw_brier=0.1200, cal_brier=0.05088
2026-04-08 01:43:51 | INFO     | app.pricing.models:fit:191 - Training LogisticRegression component...
2026-04-08 01:43:51 | INFO     | app.pricing.models:fit:193 - Training XGBoost component...
2026-04-08 01:43:51 | INFO     | app.pricing.calibration:fit:37 - Isotonic calibrator fitted.
2026-04-08 01:43:51 | INFO     | app.pricing.models:fit:320 - Calibration report: raw_brier=0.1152, cal_brier=0.04891
2026-04-08 01:43:51 | INFO     | app.pricing.models:fit:191 - Training LogisticRegression component...
2026-04-08 01:43:51 | INFO     | app.pricing.models:fit:193 - Training XGBoost component...
2026-04-08 01:43:51 | INFO     | app.pricing.calibration:fit:37 - Isotonic calibrator fitted.
2026-04-08 01:43:51 | INFO     | app.pricing.models:fit:320 - Calibration report: raw_brier=0.1157, cal_brier=0.04834
2026-04-08 01:43:51 | INFO     | app.pricing.models:fit:191 - Training LogisticRegression component...
2026-04-08 01:43:51 | INFO     | app.pricing.models:fit:193 - Training XGBoost component...
2026-04-08 01:43:51 | INFO     | app.pricing.calibration:fit:37 - Isotonic calibrator fitted.
2026-04-08 01:43:51 | INFO     | app.pricing.models:fit:320 - Calibration report: raw_brier=0.1118, cal_brier=0.04141
2026-04-08 01:43:51 | INFO     | app.pricing.models:fit:191 - Training LogisticRegression component...
2026-04-08 01:43:51 | INFO     | app.pricing.models:fit:193 - Training XGBoost component...
2026-04-08 01:43:51 | INFO     | app.pricing.calibration:fit:37 - Isotonic calibrator fitted.
2026-04-08 01:43:51 | INFO     | app.pricing.models:fit:320 - Calibration report: raw_brier=0.1168, cal_brier=0.04778
2026-04-08 01:43:51 | INFO     | app.pricing.models:fit:191 - Training LogisticRegression component...
2026-04-08 01:43:51 | INFO     | app.pricing.models:fit:193 - Training XGBoost component...
2026-04-08 01:43:51 | INFO     | app.pricing.calibration:fit:37 - Isotonic calibrator fitted.
2026-04-08 01:43:51 | INFO     | app.pricing.models:fit:320 - Calibration report: raw_brier=0.1011, cal_brier=0.02895
2026-04-08 01:43:51 | INFO     | app.pricing.models:fit:191 - Training LogisticRegression component...
2026-04-08 01:43:51 | INFO     | app.pricing.models:fit:193 - Training XGBoost component...
2026-04-08 01:43:51 | INFO     | app.pricing.calibration:fit:37 - Isotonic calibrator fitted.
2026-04-08 01:43:51 | INFO     | app.pricing.models:fit:320 - Calibration report: raw_brier=0.0931, cal_brier=0.01348
2026-04-08 01:43:51 | INFO     | app.pricing.models:fit:191 - Training LogisticRegression component...
2026-04-08 01:43:51 | INFO     | app.pricing.models:fit:193 - Training XGBoost component...
2026-04-08 01:43:51 | INFO     | app.pricing.calibration:fit:37 - Isotonic calibrator fitted.
2026-04-08 01:43:51 | INFO     | app.pricing.models:fit:320 - Calibration report: raw_brier=0.0918, cal_brier=0.0
2026-04-08 01:43:51 | INFO     | app.pricing.models:fit:191 - Training LogisticRegression component...
2026-04-08 01:43:51 | INFO     | app.pricing.models:fit:193 - Training XGBoost component...
2026-04-08 01:43:51 | INFO     | app.pricing.calibration:fit:37 - Isotonic calibrator fitted.
2026-04-08 01:43:51 | INFO     | app.pricing.models:fit:320 - Calibration report: raw_brier=0.0893, cal_brier=0.0
2026-04-08 01:43:51 | INFO     | app.pricing.models:fit:191 - Training LogisticRegression component...
2026-04-08 01:43:51 | INFO     | app.pricing.models:fit:193 - Training XGBoost component...
2026-04-08 01:43:51 | INFO     | app.pricing.calibration:fit:37 - Isotonic calibrator fitted.
2026-04-08 01:43:51 | INFO     | app.pricing.models:fit:320 - Calibration report: raw_brier=0.0831, cal_brier=0.0
2026-04-08 01:43:51 | INFO     | app.pricing.models:fit:191 - Training LogisticRegression component...
2026-04-08 01:43:51 | INFO     | app.pricing.models:fit:193 - Training XGBoost component...
2026-04-08 01:43:51 | INFO     | app.pricing.calibration:fit:37 - Isotonic calibrator fitted.
2026-04-08 01:43:51 | INFO     | app.pricing.models:fit:320 - Calibration report: raw_brier=0.0848, cal_brier=0.0
2026-04-08 01:43:51 | INFO     | app.pricing.models:fit:191 - Training LogisticRegression component...
2026-04-08 01:43:51 | INFO     | app.pricing.models:fit:193 - Training XGBoost component...
2026-04-08 01:43:51 | INFO     | app.pricing.calibration:fit:37 - Isotonic calibrator fitted.
2026-04-08 01:43:51 | INFO     | app.pricing.models:fit:320 - Calibration report: raw_brier=0.0406, cal_brier=0.0
2026-04-08 01:43:51 | INFO     | app.pricing.models:fit:191 - Training LogisticRegression component...
2026-04-08 01:43:51 | INFO     | app.pricing.models:fit:193 - Training XGBoost component...
2026-04-08 01:43:51 | INFO     | app.pricing.calibration:fit:37 - Isotonic calibrator fitted.
2026-04-08 01:43:51 | INFO     | app.pricing.models:fit:320 - Calibration report: raw_brier=0.0284, cal_brier=0.0
2026-04-08 01:43:51 | INFO     | app.pricing.models:fit:191 - Training LogisticRegression component...
2026-04-08 01:43:51 | INFO     | app.pricing.models:fit:193 - Training XGBoost component...
2026-04-08 01:43:51 | INFO     | app.pricing.calibration:fit:37 - Isotonic calibrator fitted.
2026-04-08 01:43:51 | INFO     | app.pricing.models:fit:320 - Calibration report: raw_brier=0.0361, cal_brier=0.0
2026-04-08 01:43:51 | INFO     | app.pricing.models:fit:191 - Training LogisticRegression component...
2026-04-08 01:43:51 | INFO     | app.pricing.models:fit:193 - Training XGBoost component...
2026-04-08 01:43:51 | INFO     | app.pricing.calibration:fit:37 - Isotonic calibrator fitted.
2026-04-08 01:43:52 | INFO     | app.pricing.models:fit:320 - Calibration report: raw_brier=0.0441, cal_brier=0.0
2026-04-08 01:43:52 | INFO     | app.pricing.models:fit:191 - Training LogisticRegression component...
2026-04-08 01:43:52 | INFO     | app.pricing.models:fit:193 - Training XGBoost component...
2026-04-08 01:43:52 | INFO     | app.pricing.calibration:fit:37 - Isotonic calibrator fitted.
2026-04-08 01:43:52 | INFO     | app.pricing.models:fit:320 - Calibration report: raw_brier=0.0529, cal_brier=0.0
2026-04-08 01:43:52 | INFO     | app.pricing.models:fit:191 - Training LogisticRegression component...
2026-04-08 01:43:52 | INFO     | app.pricing.models:fit:193 - Training XGBoost component...
2026-04-08 01:43:52 | INFO     | app.pricing.calibration:fit:37 - Isotonic calibrator fitted.
2026-04-08 01:43:52 | INFO     | app.pricing.models:fit:320 - Calibration report: raw_brier=0.0647, cal_brier=0.0
2026-04-08 01:43:52 | INFO     | app.pricing.models:fit:191 - Training LogisticRegression component...
2026-04-08 01:43:52 | INFO     | app.pricing.models:fit:193 - Training XGBoost component...
2026-04-08 01:43:52 | INFO     | app.pricing.calibration:fit:37 - Isotonic calibrator fitted.
2026-04-08 01:43:52 | INFO     | app.pricing.models:fit:320 - Calibration report: raw_brier=0.0712, cal_brier=0.0
2026-04-08 01:43:52 | INFO     | app.pricing.models:fit:191 - Training LogisticRegression component...
2026-04-08 01:43:52 | INFO     | app.pricing.models:fit:193 - Training XGBoost component...
2026-04-08 01:43:52 | INFO     | app.pricing.calibration:fit:37 - Isotonic calibrator fitted.
2026-04-08 01:43:52 | INFO     | app.pricing.models:fit:320 - Calibration report: raw_brier=0.0857, cal_brier=0.02551
2026-04-08 01:43:52 | INFO     | app.pricing.models:fit:191 - Training LogisticRegression component...
2026-04-08 01:43:52 | INFO     | app.pricing.models:fit:193 - Training XGBoost component...
2026-04-08 01:43:52 | INFO     | app.pricing.calibration:fit:37 - Isotonic calibrator fitted.
2026-04-08 01:43:52 | INFO     | app.pricing.models:fit:320 - Calibration report: raw_brier=0.0942, cal_brier=0.0
2026-04-08 01:43:52 | INFO     | app.pricing.models:fit:191 - Training LogisticRegression component...
2026-04-08 01:43:52 | INFO     | app.pricing.models:fit:193 - Training XGBoost component...
2026-04-08 01:43:52 | INFO     | app.pricing.calibration:fit:37 - Isotonic calibrator fitted.
2026-04-08 01:43:52 | INFO     | app.pricing.models:fit:320 - Calibration report: raw_brier=0.1095, cal_brier=0.01783
2026-04-08 01:43:52 | INFO     | app.pricing.models:fit:191 - Training LogisticRegression component...
2026-04-08 01:43:52 | INFO     | app.pricing.models:fit:193 - Training XGBoost component...
2026-04-08 01:43:52 | INFO     | app.pricing.calibration:fit:37 - Isotonic calibrator fitted.
2026-04-08 01:43:52 | INFO     | app.pricing.models:fit:320 - Calibration report: raw_brier=0.1198, cal_brier=0.03156
2026-04-08 01:43:52 | INFO     | app.pricing.models:fit:191 - Training LogisticRegression component...
2026-04-08 01:43:52 | INFO     | app.pricing.models:fit:193 - Training XGBoost component...
2026-04-08 01:43:52 | INFO     | app.pricing.calibration:fit:37 - Isotonic calibrator fitted.
2026-04-08 01:43:52 | INFO     | app.pricing.models:fit:320 - Calibration report: raw_brier=0.1283, cal_brier=0.00825
2026-04-08 01:43:52 | INFO     | app.pricing.models:fit:191 - Training LogisticRegression component...
2026-04-08 01:43:52 | INFO     | app.pricing.models:fit:193 - Training XGBoost component...
2026-04-08 01:43:52 | INFO     | app.pricing.calibration:fit:37 - Isotonic calibrator fitted.
2026-04-08 01:43:52 | INFO     | app.pricing.models:fit:320 - Calibration report: raw_brier=0.1442, cal_brier=0.10526
2026-04-08 01:43:52 | INFO     | app.pricing.models:fit:191 - Training LogisticRegression component...
2026-04-08 01:43:52 | INFO     | app.pricing.models:fit:193 - Training XGBoost component...
2026-04-08 01:43:52 | INFO     | app.pricing.calibration:fit:37 - Isotonic calibrator fitted.
2026-04-08 01:43:52 | INFO     | app.pricing.models:fit:320 - Calibration report: raw_brier=0.1623, cal_brier=0.14297
2026-04-08 01:43:52 | INFO     | app.pricing.models:fit:191 - Training LogisticRegression component...
2026-04-08 01:43:52 | INFO     | app.pricing.models:fit:193 - Training XGBoost component...
2026-04-08 01:43:52 | INFO     | app.pricing.calibration:fit:37 - Isotonic calibrator fitted.
2026-04-08 01:43:52 | INFO     | app.pricing.models:fit:320 - Calibration report: raw_brier=0.1665, cal_brier=0.14159
2026-04-08 01:43:52 | INFO     | app.pricing.models:fit:191 - Training LogisticRegression component...
2026-04-08 01:43:52 | INFO     | app.pricing.models:fit:193 - Training XGBoost component...
2026-04-08 01:43:52 | INFO     | app.pricing.calibration:fit:37 - Isotonic calibrator fitted.
2026-04-08 01:43:52 | INFO     | app.pricing.models:fit:320 - Calibration report: raw_brier=0.1831, cal_brier=0.15453
2026-04-08 01:43:52 | INFO     | app.pricing.models:fit:191 - Training LogisticRegression component...
2026-04-08 01:43:52 | INFO     | app.pricing.models:fit:193 - Training XGBoost component...
2026-04-08 01:43:52 | INFO     | app.pricing.calibration:fit:37 - Isotonic calibrator fitted.
2026-04-08 01:43:52 | INFO     | app.pricing.models:fit:320 - Calibration report: raw_brier=0.1916, cal_brier=0.15873
2026-04-08 01:43:52 | INFO     | app.pricing.models:fit:191 - Training LogisticRegression component...
2026-04-08 01:43:52 | INFO     | app.pricing.models:fit:193 - Training XGBoost component...
2026-04-08 01:43:52 | INFO     | app.pricing.calibration:fit:37 - Isotonic calibrator fitted.
2026-04-08 01:43:52 | INFO     | app.pricing.models:fit:320 - Calibration report: raw_brier=0.1975, cal_brier=0.15873
2026-04-08 01:43:52 | INFO     | app.pricing.models:fit:191 - Training LogisticRegression component...
2026-04-08 01:43:52 | INFO     | app.pricing.models:fit:193 - Training XGBoost component...
2026-04-08 01:43:52 | INFO     | app.pricing.calibration:fit:37 - Isotonic calibrator fitted.
2026-04-08 01:43:52 | INFO     | app.pricing.models:fit:320 - Calibration report: raw_brier=0.2039, cal_brier=0.15723
2026-04-08 01:43:52 | INFO     | app.pricing.models:fit:191 - Training LogisticRegression component...
2026-04-08 01:43:53 | INFO     | app.pricing.models:fit:193 - Training XGBoost component...
2026-04-08 01:43:53 | INFO     | app.pricing.calibration:fit:37 - Isotonic calibrator fitted.
2026-04-08 01:43:53 | INFO     | app.pricing.models:fit:320 - Calibration report: raw_brier=0.2045, cal_brier=0.15576
2026-04-08 01:43:53 | INFO     | app.pricing.models:fit:191 - Training LogisticRegression component...
2026-04-08 01:43:53 | INFO     | app.pricing.models:fit:193 - Training XGBoost component...
2026-04-08 01:43:53 | INFO     | app.pricing.calibration:fit:37 - Isotonic calibrator fitted.
2026-04-08 01:43:53 | INFO     | app.pricing.models:fit:320 - Calibration report: raw_brier=0.2124, cal_brier=0.15432
2026-04-08 01:43:53 | INFO     | app.pricing.models:fit:191 - Training LogisticRegression component...
2026-04-08 01:43:53 | INFO     | app.pricing.models:fit:193 - Training XGBoost component...
2026-04-08 01:43:53 | INFO     | app.pricing.calibration:fit:37 - Isotonic calibrator fitted.
2026-04-08 01:43:53 | INFO     | app.pricing.models:fit:320 - Calibration report: raw_brier=0.2053, cal_brier=0.15432
2026-04-08 01:43:53 | INFO     | app.pricing.models:fit:191 - Training LogisticRegression component...
2026-04-08 01:43:53 | INFO     | app.pricing.models:fit:193 - Training XGBoost component...
2026-04-08 01:43:53 | INFO     | app.pricing.calibration:fit:37 - Isotonic calibrator fitted.
2026-04-08 01:43:53 | INFO     | app.pricing.models:fit:320 - Calibration report: raw_brier=0.2059, cal_brier=0.15291
2026-04-08 01:43:53 | INFO     | app.pricing.models:fit:191 - Training LogisticRegression component...
2026-04-08 01:43:53 | INFO     | app.pricing.models:fit:193 - Training XGBoost component...
2026-04-08 01:43:53 | INFO     | app.pricing.calibration:fit:37 - Isotonic calibrator fitted.
2026-04-08 01:43:53 | INFO     | app.pricing.models:fit:320 - Calibration report: raw_brier=0.2047, cal_brier=0.15152
2026-04-08 01:43:53 | INFO     | app.pricing.models:fit:191 - Training LogisticRegression component...
2026-04-08 01:43:53 | INFO     | app.pricing.models:fit:193 - Training XGBoost component...
2026-04-08 01:43:53 | INFO     | app.pricing.calibration:fit:37 - Isotonic calibrator fitted.
2026-04-08 01:43:53 | INFO     | app.pricing.models:fit:320 - Calibration report: raw_brier=0.1720, cal_brier=0.11482
2026-04-08 01:43:53 | INFO     | app.pricing.models:fit:191 - Training LogisticRegression component...
2026-04-08 01:43:53 | INFO     | app.pricing.models:fit:193 - Training XGBoost component...
2026-04-08 01:43:53 | INFO     | app.pricing.calibration:fit:37 - Isotonic calibrator fitted.
2026-04-08 01:43:53 | INFO     | app.pricing.models:fit:320 - Calibration report: raw_brier=0.1746, cal_brier=0.11482
2026-04-08 01:43:53 | INFO     | app.pricing.models:fit:191 - Training LogisticRegression component...
2026-04-08 01:43:53 | INFO     | app.pricing.models:fit:193 - Training XGBoost component...
2026-04-08 01:43:53 | INFO     | app.pricing.calibration:fit:37 - Isotonic calibrator fitted.
2026-04-08 01:43:53 | INFO     | app.pricing.models:fit:320 - Calibration report: raw_brier=0.1706, cal_brier=0.1138
2026-04-08 01:43:53 | INFO     | app.pricing.models:fit:191 - Training LogisticRegression component...
2026-04-08 01:43:53 | INFO     | app.pricing.models:fit:193 - Training XGBoost component...
2026-04-08 01:43:53 | INFO     | app.pricing.calibration:fit:37 - Isotonic calibrator fitted.
2026-04-08 01:43:53 | INFO     | app.pricing.models:fit:320 - Calibration report: raw_brier=0.1741, cal_brier=0.12278
2026-04-08 01:43:53 | INFO     | app.pricing.models:fit:191 - Training LogisticRegression component...
2026-04-08 01:43:53 | INFO     | app.pricing.models:fit:193 - Training XGBoost component...
2026-04-08 01:43:53 | INFO     | app.pricing.calibration:fit:37 - Isotonic calibrator fitted.
2026-04-08 01:43:53 | INFO     | app.pricing.models:fit:320 - Calibration report: raw_brier=0.1818, cal_brier=0.12969
2026-04-08 01:43:53 | INFO     | app.pricing.models:fit:191 - Training LogisticRegression component...
2026-04-08 01:43:53 | INFO     | app.pricing.models:fit:193 - Training XGBoost component...
2026-04-08 01:43:53 | INFO     | app.pricing.calibration:fit:37 - Isotonic calibrator fitted.
2026-04-08 01:43:53 | INFO     | app.pricing.models:fit:320 - Calibration report: raw_brier=0.1942, cal_brier=0.17016
2026-04-08 01:43:53 | INFO     | app.pricing.models:fit:191 - Training LogisticRegression component...
2026-04-08 01:43:53 | INFO     | app.pricing.models:fit:193 - Training XGBoost component...
2026-04-08 01:43:53 | INFO     | app.pricing.calibration:fit:37 - Isotonic calibrator fitted.
2026-04-08 01:43:53 | INFO     | app.pricing.models:fit:320 - Calibration report: raw_brier=0.2235, cal_brier=0.12451
2026-04-08 01:43:53 | INFO     | app.pricing.models:fit:191 - Training LogisticRegression component...
2026-04-08 01:43:53 | INFO     | app.pricing.models:fit:193 - Training XGBoost component...
2026-04-08 01:43:53 | INFO     | app.pricing.calibration:fit:37 - Isotonic calibrator fitted.
2026-04-08 01:43:53 | INFO     | app.pricing.models:fit:320 - Calibration report: raw_brier=0.2445, cal_brier=0.13694
2026-04-08 01:43:53 | INFO     | app.pricing.models:fit:191 - Training LogisticRegression component...
2026-04-08 01:43:53 | INFO     | app.pricing.models:fit:193 - Training XGBoost component...
2026-04-08 01:43:53 | INFO     | app.pricing.calibration:fit:37 - Isotonic calibrator fitted.
2026-04-08 01:43:53 | INFO     | app.pricing.models:fit:320 - Calibration report: raw_brier=0.2425, cal_brier=0.13051
2026-04-08 01:43:53 | INFO     | app.pricing.models:fit:191 - Training LogisticRegression component...
2026-04-08 01:43:53 | INFO     | app.pricing.models:fit:193 - Training XGBoost component...
2026-04-08 01:43:53 | INFO     | app.pricing.calibration:fit:37 - Isotonic calibrator fitted.
2026-04-08 01:43:53 | INFO     | app.pricing.models:fit:320 - Calibration report: raw_brier=0.2383, cal_brier=0.15139
2026-04-08 01:43:53 | INFO     | app.pricing.models:fit:191 - Training LogisticRegression component...
2026-04-08 01:43:53 | INFO     | app.pricing.models:fit:193 - Training XGBoost component...
2026-04-08 01:43:54 | INFO     | app.pricing.calibration:fit:37 - Isotonic calibrator fitted.
2026-04-08 01:43:54 | INFO     | app.pricing.models:fit:320 - Calibration report: raw_brier=0.2327, cal_brier=0.1289
2026-04-08 01:43:54 | INFO     | app.pricing.models:fit:191 - Training LogisticRegression component...
2026-04-08 01:43:54 | INFO     | app.pricing.models:fit:193 - Training XGBoost component...
2026-04-08 01:43:54 | INFO     | app.pricing.calibration:fit:37 - Isotonic calibrator fitted.
2026-04-08 01:43:54 | INFO     | app.pricing.models:fit:320 - Calibration report: raw_brier=0.2142, cal_brier=0.14006
2026-04-08 01:43:54 | INFO     | app.pricing.models:fit:191 - Training LogisticRegression component...
2026-04-08 01:43:54 | INFO     | app.pricing.models:fit:193 - Training XGBoost component...
2026-04-08 01:43:54 | INFO     | app.pricing.calibration:fit:37 - Isotonic calibrator fitted.
2026-04-08 01:43:54 | INFO     | app.pricing.models:fit:320 - Calibration report: raw_brier=0.1950, cal_brier=0.11418
2026-04-08 01:43:54 | INFO     | app.pricing.models:fit:191 - Training LogisticRegression component...
2026-04-08 01:43:54 | INFO     | app.pricing.models:fit:193 - Training XGBoost component...
2026-04-08 01:43:54 | INFO     | app.pricing.calibration:fit:37 - Isotonic calibrator fitted.
2026-04-08 01:43:54 | INFO     | app.pricing.models:fit:320 - Calibration report: raw_brier=0.1997, cal_brier=0.13254
2026-04-08 01:43:54 | INFO     | app.pricing.models:fit:191 - Training LogisticRegression component...
2026-04-08 01:43:54 | INFO     | app.pricing.models:fit:193 - Training XGBoost component...
2026-04-08 01:43:54 | INFO     | app.pricing.calibration:fit:37 - Isotonic calibrator fitted.
2026-04-08 01:43:54 | INFO     | app.pricing.models:fit:320 - Calibration report: raw_brier=0.2081, cal_brier=0.14765
2026-04-08 01:43:54 | INFO     | app.pricing.models:fit:191 - Training LogisticRegression component...
2026-04-08 01:43:54 | INFO     | app.pricing.models:fit:193 - Training XGBoost component...
2026-04-08 01:43:54 | INFO     | app.pricing.calibration:fit:37 - Isotonic calibrator fitted.
2026-04-08 01:43:54 | INFO     | app.pricing.models:fit:320 - Calibration report: raw_brier=0.2162, cal_brier=0.15673
2026-04-08 01:43:54 | INFO     | app.pricing.models:fit:191 - Training LogisticRegression component...
2026-04-08 01:43:54 | INFO     | app.pricing.models:fit:193 - Training XGBoost component...
2026-04-08 01:43:54 | INFO     | app.pricing.calibration:fit:37 - Isotonic calibrator fitted.
2026-04-08 01:43:54 | INFO     | app.pricing.models:fit:320 - Calibration report: raw_brier=0.2252, cal_brier=0.1665
2026-04-08 01:43:54 | INFO     | app.pricing.models:fit:191 - Training LogisticRegression component...
2026-04-08 01:43:54 | INFO     | app.pricing.models:fit:193 - Training XGBoost component...
2026-04-08 01:43:54 | INFO     | app.pricing.calibration:fit:37 - Isotonic calibrator fitted.
2026-04-08 01:43:54 | INFO     | app.pricing.models:fit:320 - Calibration report: raw_brier=0.2272, cal_brier=0.15696
2026-04-08 01:43:54 | INFO     | app.pricing.models:fit:191 - Training LogisticRegression component...
2026-04-08 01:43:54 | INFO     | app.pricing.models:fit:193 - Training XGBoost component...
2026-04-08 01:43:54 | INFO     | app.pricing.calibration:fit:37 - Isotonic calibrator fitted.
2026-04-08 01:43:54 | INFO     | app.pricing.models:fit:320 - Calibration report: raw_brier=0.2092, cal_brier=0.1335
2026-04-08 01:43:54 | INFO     | app.pricing.models:fit:191 - Training LogisticRegression component...
2026-04-08 01:43:54 | INFO     | app.pricing.models:fit:193 - Training XGBoost component...
2026-04-08 01:43:54 | INFO     | app.pricing.calibration:fit:37 - Isotonic calibrator fitted.
2026-04-08 01:43:54 | INFO     | app.pricing.models:fit:320 - Calibration report: raw_brier=0.2057, cal_brier=0.13333
2026-04-08 01:43:54 | INFO     | app.pricing.models:fit:191 - Training LogisticRegression component...
2026-04-08 01:43:54 | INFO     | app.pricing.models:fit:193 - Training XGBoost component...
2026-04-08 01:43:54 | INFO     | app.pricing.calibration:fit:37 - Isotonic calibrator fitted.
2026-04-08 01:43:54 | INFO     | app.pricing.models:fit:320 - Calibration report: raw_brier=0.2004, cal_brier=0.12228
2026-04-08 01:43:54 | INFO     | app.pricing.models:fit:191 - Training LogisticRegression component...
2026-04-08 01:43:54 | INFO     | app.pricing.models:fit:193 - Training XGBoost component...
2026-04-08 01:43:54 | INFO     | app.pricing.calibration:fit:37 - Isotonic calibrator fitted.
2026-04-08 01:43:54 | INFO     | app.pricing.models:fit:320 - Calibration report: raw_brier=0.1954, cal_brier=0.13262
2026-04-08 01:43:54 | INFO     | app.pricing.models:fit:191 - Training LogisticRegression component...
2026-04-08 01:43:54 | INFO     | app.pricing.models:fit:193 - Training XGBoost component...
2026-04-08 01:43:54 | INFO     | app.pricing.calibration:fit:37 - Isotonic calibrator fitted.
2026-04-08 01:43:54 | INFO     | app.pricing.models:fit:320 - Calibration report: raw_brier=0.1936, cal_brier=0.13294
2026-04-08 01:43:54 | INFO     | app.pricing.models:fit:191 - Training LogisticRegression component...
2026-04-08 01:43:54 | INFO     | app.pricing.models:fit:193 - Training XGBoost component...
2026-04-08 01:43:54 | INFO     | app.pricing.calibration:fit:37 - Isotonic calibrator fitted.
2026-04-08 01:43:54 | INFO     | app.pricing.models:fit:320 - Calibration report: raw_brier=0.2186, cal_brier=0.14423
2026-04-08 01:43:54 | INFO     | app.pricing.models:fit:191 - Training LogisticRegression component...
2026-04-08 01:43:54 | INFO     | app.pricing.models:fit:193 - Training XGBoost component...
2026-04-08 01:43:54 | INFO     | app.pricing.calibration:fit:37 - Isotonic calibrator fitted.
2026-04-08 01:43:54 | INFO     | app.pricing.models:fit:320 - Calibration report: raw_brier=0.2470, cal_brier=0.15106
2026-04-08 01:43:54 | INFO     | app.pricing.models:fit:191 - Training LogisticRegression component...
2026-04-08 01:43:54 | INFO     | app.pricing.models:fit:193 - Training XGBoost component...
2026-04-08 01:43:55 | INFO     | app.pricing.calibration:fit:37 - Isotonic calibrator fitted.
2026-04-08 01:43:55 | INFO     | app.pricing.models:fit:320 - Calibration report: raw_brier=0.2742, cal_brier=0.15308
2026-04-08 01:43:55 | INFO     | app.pricing.models:fit:191 - Training LogisticRegression component...
2026-04-08 01:43:55 | INFO     | app.pricing.models:fit:193 - Training XGBoost component...
2026-04-08 01:43:55 | INFO     | app.pricing.calibration:fit:37 - Isotonic calibrator fitted.
2026-04-08 01:43:55 | INFO     | app.pricing.models:fit:320 - Calibration report: raw_brier=0.2967, cal_brier=0.15144
2026-04-08 01:43:55 | INFO     | app.pricing.models:fit:191 - Training LogisticRegression component...
2026-04-08 01:43:55 | INFO     | app.pricing.models:fit:193 - Training XGBoost component...
2026-04-08 01:43:55 | INFO     | app.pricing.calibration:fit:37 - Isotonic calibrator fitted.
2026-04-08 01:43:55 | INFO     | app.pricing.models:fit:320 - Calibration report: raw_brier=0.3241, cal_brier=0.14607
2026-04-08 01:43:55 | INFO     | app.pricing.models:fit:191 - Training LogisticRegression component...
2026-04-08 01:43:55 | INFO     | app.pricing.models:fit:193 - Training XGBoost component...
2026-04-08 01:43:55 | INFO     | app.pricing.calibration:fit:37 - Isotonic calibrator fitted.
2026-04-08 01:43:55 | INFO     | app.pricing.models:fit:320 - Calibration report: raw_brier=0.3412, cal_brier=0.1372
2026-04-08 01:43:55 | INFO     | app.pricing.models:fit:191 - Training LogisticRegression component...
2026-04-08 01:43:55 | INFO     | app.pricing.models:fit:193 - Training XGBoost component...
2026-04-08 01:43:55 | INFO     | app.pricing.calibration:fit:37 - Isotonic calibrator fitted.
2026-04-08 01:43:55 | INFO     | app.pricing.models:fit:320 - Calibration report: raw_brier=0.2638, cal_brier=0.10223
2026-04-08 01:43:55 | INFO     | app.pricing.models:fit:191 - Training LogisticRegression component...
2026-04-08 01:43:55 | INFO     | app.pricing.models:fit:193 - Training XGBoost component...
2026-04-08 01:43:55 | INFO     | app.pricing.calibration:fit:37 - Isotonic calibrator fitted.
2026-04-08 01:43:55 | INFO     | app.pricing.models:fit:320 - Calibration report: raw_brier=0.1933, cal_brier=0.05992
2026-04-08 01:43:55 | INFO     | app.pricing.models:fit:191 - Training LogisticRegression component...
2026-04-08 01:43:55 | INFO     | app.pricing.models:fit:193 - Training XGBoost component...
2026-04-08 01:43:55 | INFO     | app.pricing.calibration:fit:37 - Isotonic calibrator fitted.
2026-04-08 01:43:55 | INFO     | app.pricing.models:fit:320 - Calibration report: raw_brier=0.1968, cal_brier=0.06772
2026-04-08 01:43:55 | INFO     | app.pricing.models:fit:191 - Training LogisticRegression component...
2026-04-08 01:43:55 | INFO     | app.pricing.models:fit:193 - Training XGBoost component...
2026-04-08 01:43:55 | INFO     | app.pricing.calibration:fit:37 - Isotonic calibrator fitted.
2026-04-08 01:43:55 | INFO     | app.pricing.models:fit:320 - Calibration report: raw_brier=0.2067, cal_brier=0.06899
2026-04-08 01:43:55 | INFO     | app.pricing.models:fit:191 - Training LogisticRegression component...
2026-04-08 01:43:55 | INFO     | app.pricing.models:fit:193 - Training XGBoost component...
2026-04-08 01:43:55 | INFO     | app.pricing.calibration:fit:37 - Isotonic calibrator fitted.
2026-04-08 01:43:55 | INFO     | app.pricing.models:fit:320 - Calibration report: raw_brier=0.2230, cal_brier=0.08311
2026-04-08 01:43:55 | INFO     | app.pricing.models:fit:191 - Training LogisticRegression component...
2026-04-08 01:43:55 | INFO     | app.pricing.models:fit:193 - Training XGBoost component...
2026-04-08 01:43:55 | INFO     | app.pricing.calibration:fit:37 - Isotonic calibrator fitted.
2026-04-08 01:43:55 | INFO     | app.pricing.models:fit:320 - Calibration report: raw_brier=0.2415, cal_brier=0.06825
2026-04-08 01:43:55 | INFO     | app.pricing.models:fit:191 - Training LogisticRegression component...
2026-04-08 01:43:55 | INFO     | app.pricing.models:fit:193 - Training XGBoost component...
2026-04-08 01:43:55 | INFO     | app.pricing.calibration:fit:37 - Isotonic calibrator fitted.
2026-04-08 01:43:55 | INFO     | app.pricing.models:fit:320 - Calibration report: raw_brier=0.2554, cal_brier=0.06861
2026-04-08 01:43:55 | INFO     | app.pricing.models:fit:191 - Training LogisticRegression component...
2026-04-08 01:43:55 | INFO     | app.pricing.models:fit:193 - Training XGBoost component...
2026-04-08 01:43:55 | INFO     | app.pricing.calibration:fit:37 - Isotonic calibrator fitted.
2026-04-08 01:43:55 | INFO     | app.pricing.models:fit:320 - Calibration report: raw_brier=0.2678, cal_brier=0.06563
2026-04-08 01:43:55 | INFO     | app.pricing.models:fit:191 - Training LogisticRegression component...
2026-04-08 01:43:55 | INFO     | app.pricing.models:fit:193 - Training XGBoost component...
2026-04-08 01:43:55 | INFO     | app.pricing.calibration:fit:37 - Isotonic calibrator fitted.
2026-04-08 01:43:55 | INFO     | app.pricing.models:fit:320 - Calibration report: raw_brier=0.2868, cal_brier=0.07331
2026-04-08 01:43:55 | INFO     | app.pricing.models:fit:191 - Training LogisticRegression component...
2026-04-08 01:43:55 | INFO     | app.pricing.models:fit:193 - Training XGBoost component...
2026-04-08 01:43:56 | INFO     | app.pricing.calibration:fit:37 - Isotonic calibrator fitted.
2026-04-08 01:43:56 | INFO     | app.pricing.models:fit:320 - Calibration report: raw_brier=0.2989, cal_brier=0.09641
2026-04-08 01:43:56 | INFO     | app.pricing.models:fit:191 - Training LogisticRegression component...
2026-04-08 01:43:56 | INFO     | app.pricing.models:fit:193 - Training XGBoost component...
2026-04-08 01:43:56 | INFO     | app.pricing.calibration:fit:37 - Isotonic calibrator fitted.
2026-04-08 01:43:56 | INFO     | app.pricing.models:fit:320 - Calibration report: raw_brier=0.3182, cal_brier=0.13235
2026-04-08 01:43:56 | INFO     | app.pricing.models:fit:191 - Training LogisticRegression component...
2026-04-08 01:43:56 | INFO     | app.pricing.models:fit:193 - Training XGBoost component...
2026-04-08 01:43:56 | INFO     | app.pricing.calibration:fit:37 - Isotonic calibrator fitted.
2026-04-08 01:43:56 | INFO     | app.pricing.models:fit:320 - Calibration report: raw_brier=0.3307, cal_brier=0.16093
2026-04-08 01:43:56 | INFO     | app.pricing.models:fit:191 - Training LogisticRegression component...
2026-04-08 01:43:56 | INFO     | app.pricing.models:fit:193 - Training XGBoost component...
2026-04-08 01:43:56 | INFO     | app.pricing.calibration:fit:37 - Isotonic calibrator fitted.
2026-04-08 01:43:56 | INFO     | app.pricing.models:fit:320 - Calibration report: raw_brier=0.3305, cal_brier=0.17464
2026-04-08 01:43:56 | INFO     | app.pricing.models:fit:191 - Training LogisticRegression component...
2026-04-08 01:43:56 | INFO     | app.pricing.models:fit:193 - Training XGBoost component...
2026-04-08 01:43:56 | INFO     | app.pricing.calibration:fit:37 - Isotonic calibrator fitted.
2026-04-08 01:43:56 | INFO     | app.pricing.models:fit:320 - Calibration report: raw_brier=0.3289, cal_brier=0.18077
2026-04-08 01:43:56 | INFO     | app.pricing.models:fit:191 - Training LogisticRegression component...
2026-04-08 01:43:56 | INFO     | app.pricing.models:fit:193 - Training XGBoost component...
2026-04-08 01:43:56 | INFO     | app.pricing.calibration:fit:37 - Isotonic calibrator fitted.
2026-04-08 01:43:56 | INFO     | app.pricing.models:fit:320 - Calibration report: raw_brier=0.3326, cal_brier=0.18189
2026-04-08 01:43:56 | INFO     | app.pricing.models:fit:191 - Training LogisticRegression component...
2026-04-08 01:43:56 | INFO     | app.pricing.models:fit:193 - Training XGBoost component...
2026-04-08 01:43:56 | INFO     | app.pricing.calibration:fit:37 - Isotonic calibrator fitted.
2026-04-08 01:43:56 | INFO     | app.pricing.models:fit:320 - Calibration report: raw_brier=0.3232, cal_brier=0.17426
2026-04-08 01:43:56 | INFO     | app.pricing.models:fit:191 - Training LogisticRegression component...
2026-04-08 01:43:56 | INFO     | app.pricing.models:fit:193 - Training XGBoost component...
2026-04-08 01:43:56 | INFO     | app.pricing.calibration:fit:37 - Isotonic calibrator fitted.
2026-04-08 01:43:56 | INFO     | app.pricing.models:fit:320 - Calibration report: raw_brier=0.3188, cal_brier=0.17715
2026-04-08 01:43:56 | INFO     | app.pricing.models:fit:191 - Training LogisticRegression component...
2026-04-08 01:43:56 | INFO     | app.pricing.models:fit:193 - Training XGBoost component...
2026-04-08 01:43:56 | INFO     | app.pricing.calibration:fit:37 - Isotonic calibrator fitted.
2026-04-08 01:43:56 | INFO     | app.pricing.models:fit:320 - Calibration report: raw_brier=0.3222, cal_brier=0.17094
2026-04-08 01:43:56 | INFO     | app.pricing.models:fit:191 - Training LogisticRegression component...
2026-04-08 01:43:56 | INFO     | app.pricing.models:fit:193 - Training XGBoost component...
2026-04-08 01:43:56 | INFO     | app.pricing.calibration:fit:37 - Isotonic calibrator fitted.
2026-04-08 01:43:56 | INFO     | app.pricing.models:fit:320 - Calibration report: raw_brier=0.3179, cal_brier=0.16403
2026-04-08 01:43:56 | INFO     | app.pricing.models:fit:191 - Training LogisticRegression component...
2026-04-08 01:43:56 | INFO     | app.pricing.models:fit:193 - Training XGBoost component...
2026-04-08 01:43:56 | INFO     | app.pricing.calibration:fit:37 - Isotonic calibrator fitted.
2026-04-08 01:43:56 | INFO     | app.pricing.models:fit:320 - Calibration report: raw_brier=0.3211, cal_brier=0.14676
2026-04-08 01:43:56 | INFO     | app.pricing.models:fit:191 - Training LogisticRegression component...
2026-04-08 01:43:56 | INFO     | app.pricing.models:fit:193 - Training XGBoost component...
2026-04-08 01:43:56 | INFO     | app.pricing.calibration:fit:37 - Isotonic calibrator fitted.
2026-04-08 01:43:56 | INFO     | app.pricing.models:fit:320 - Calibration report: raw_brier=0.3286, cal_brier=0.13734
2026-04-08 01:43:56 | INFO     | app.pricing.models:fit:191 - Training LogisticRegression component...
2026-04-08 01:43:56 | INFO     | app.pricing.models:fit:193 - Training XGBoost component...
2026-04-08 01:43:56 | INFO     | app.pricing.calibration:fit:37 - Isotonic calibrator fitted.
2026-04-08 01:43:56 | INFO     | app.pricing.models:fit:320 - Calibration report: raw_brier=0.3357, cal_brier=0.13788
2026-04-08 01:43:56 | INFO     | app.pricing.models:fit:191 - Training LogisticRegression component...
2026-04-08 01:43:56 | INFO     | app.pricing.models:fit:193 - Training XGBoost component...
2026-04-08 01:43:56 | INFO     | app.pricing.calibration:fit:37 - Isotonic calibrator fitted.
2026-04-08 01:43:56 | INFO     | app.pricing.models:fit:320 - Calibration report: raw_brier=0.3374, cal_brier=0.13791
2026-04-08 01:43:56 | INFO     | app.pricing.models:fit:191 - Training LogisticRegression component...
2026-04-08 01:43:56 | INFO     | app.pricing.models:fit:193 - Training XGBoost component...
2026-04-08 01:43:57 | INFO     | app.pricing.calibration:fit:37 - Isotonic calibrator fitted.
2026-04-08 01:43:57 | INFO     | app.pricing.models:fit:320 - Calibration report: raw_brier=0.3477, cal_brier=0.13333
2026-04-08 01:43:57 | INFO     | app.pricing.models:fit:191 - Training LogisticRegression component...
2026-04-08 01:43:57 | INFO     | app.pricing.models:fit:193 - Training XGBoost component...
2026-04-08 01:43:57 | INFO     | app.pricing.calibration:fit:37 - Isotonic calibrator fitted.
2026-04-08 01:43:57 | INFO     | app.pricing.models:fit:320 - Calibration report: raw_brier=0.3279, cal_brier=0.15606
2026-04-08 01:43:57 | INFO     | app.pricing.models:fit:191 - Training LogisticRegression component...
2026-04-08 01:43:57 | INFO     | app.pricing.models:fit:193 - Training XGBoost component...
2026-04-08 01:43:57 | INFO     | app.pricing.calibration:fit:37 - Isotonic calibrator fitted.
2026-04-08 01:43:57 | INFO     | app.pricing.models:fit:320 - Calibration report: raw_brier=0.3236, cal_brier=0.16937
2026-04-08 01:43:57 | INFO     | app.pricing.models:fit:191 - Training LogisticRegression component...
2026-04-08 01:43:57 | INFO     | app.pricing.models:fit:193 - Training XGBoost component...
2026-04-08 01:43:57 | INFO     | app.pricing.calibration:fit:37 - Isotonic calibrator fitted.
2026-04-08 01:43:57 | INFO     | app.pricing.models:fit:320 - Calibration report: raw_brier=0.3242, cal_brier=0.17812
2026-04-08 01:43:57 | INFO     | app.pricing.models:fit:191 - Training LogisticRegression component...
2026-04-08 01:43:57 | INFO     | app.pricing.models:fit:193 - Training XGBoost component...
2026-04-08 01:43:57 | INFO     | app.pricing.calibration:fit:37 - Isotonic calibrator fitted.
2026-04-08 01:43:57 | INFO     | app.pricing.models:fit:320 - Calibration report: raw_brier=0.3213, cal_brier=0.1878
2026-04-08 01:43:57 | INFO     | app.pricing.models:fit:191 - Training LogisticRegression component...
2026-04-08 01:43:57 | INFO     | app.pricing.models:fit:193 - Training XGBoost component...
2026-04-08 01:43:57 | INFO     | app.pricing.calibration:fit:37 - Isotonic calibrator fitted.
2026-04-08 01:43:57 | INFO     | app.pricing.models:fit:320 - Calibration report: raw_brier=0.3333, cal_brier=0.19993
2026-04-08 01:43:57 | INFO     | app.pricing.models:fit:191 - Training LogisticRegression component...
2026-04-08 01:43:57 | INFO     | app.pricing.models:fit:193 - Training XGBoost component...
2026-04-08 01:43:57 | INFO     | app.pricing.calibration:fit:37 - Isotonic calibrator fitted.
2026-04-08 01:43:57 | INFO     | app.pricing.models:fit:320 - Calibration report: raw_brier=0.2875, cal_brier=0.21207
2026-04-08 01:43:57 | INFO     | app.pricing.models:fit:191 - Training LogisticRegression component...
2026-04-08 01:43:57 | INFO     | app.pricing.models:fit:193 - Training XGBoost component...
2026-04-08 01:43:57 | INFO     | app.pricing.calibration:fit:37 - Isotonic calibrator fitted.
2026-04-08 01:43:57 | INFO     | app.pricing.models:fit:320 - Calibration report: raw_brier=0.3037, cal_brier=0.21569
2026-04-08 01:43:57 | INFO     | app.pricing.models:fit:191 - Training LogisticRegression component...
2026-04-08 01:43:57 | INFO     | app.pricing.models:fit:193 - Training XGBoost component...
2026-04-08 01:43:57 | INFO     | app.pricing.calibration:fit:37 - Isotonic calibrator fitted.
2026-04-08 01:43:57 | INFO     | app.pricing.models:fit:320 - Calibration report: raw_brier=0.3176, cal_brier=0.21776
2026-04-08 01:43:57 | INFO     | app.pricing.models:fit:191 - Training LogisticRegression component...
2026-04-08 01:43:57 | INFO     | app.pricing.models:fit:193 - Training XGBoost component...
2026-04-08 01:43:57 | INFO     | app.pricing.calibration:fit:37 - Isotonic calibrator fitted.
2026-04-08 01:43:57 | INFO     | app.pricing.models:fit:320 - Calibration report: raw_brier=0.3240, cal_brier=0.21848
2026-04-08 01:43:57 | INFO     | app.pricing.models:fit:191 - Training LogisticRegression component...
2026-04-08 01:43:57 | INFO     | app.pricing.models:fit:193 - Training XGBoost component...
2026-04-08 01:43:57 | INFO     | app.pricing.calibration:fit:37 - Isotonic calibrator fitted.
2026-04-08 01:43:57 | INFO     | app.pricing.models:fit:320 - Calibration report: raw_brier=0.3368, cal_brier=0.21459
2026-04-08 01:43:57 | INFO     | app.pricing.models:fit:191 - Training LogisticRegression component...
2026-04-08 01:43:57 | INFO     | app.pricing.models:fit:193 - Training XGBoost component...
2026-04-08 01:43:57 | INFO     | app.pricing.calibration:fit:37 - Isotonic calibrator fitted.
2026-04-08 01:43:57 | INFO     | app.pricing.models:fit:320 - Calibration report: raw_brier=0.3453, cal_brier=0.21664
2026-04-08 01:43:58 | INFO     | app.pricing.models:fit:191 - Training LogisticRegression component...
2026-04-08 01:43:58 | INFO     | app.pricing.models:fit:193 - Training XGBoost component...
2026-04-08 01:43:58 | INFO     | app.pricing.calibration:fit:37 - Isotonic calibrator fitted.
2026-04-08 01:43:58 | INFO     | app.pricing.models:fit:320 - Calibration report: raw_brier=0.3474, cal_brier=0.20769
2026-04-08 01:43:58 | INFO     | app.pricing.models:fit:191 - Training LogisticRegression component...
2026-04-08 01:43:58 | INFO     | app.pricing.models:fit:193 - Training XGBoost component...
2026-04-08 01:43:58 | INFO     | app.pricing.calibration:fit:37 - Isotonic calibrator fitted.
2026-04-08 01:43:58 | INFO     | app.pricing.models:fit:320 - Calibration report: raw_brier=0.3356, cal_brier=0.20076
2026-04-08 01:43:58 | INFO     | app.pricing.models:fit:191 - Training LogisticRegression component...
2026-04-08 01:43:58 | INFO     | app.pricing.models:fit:193 - Training XGBoost component...
2026-04-08 01:43:58 | INFO     | app.pricing.calibration:fit:37 - Isotonic calibrator fitted.
2026-04-08 01:43:58 | INFO     | app.pricing.models:fit:320 - Calibration report: raw_brier=0.3361, cal_brier=0.19978
2026-04-08 01:43:58 | INFO     | app.pricing.models:fit:191 - Training LogisticRegression component...
2026-04-08 01:43:58 | INFO     | app.pricing.models:fit:193 - Training XGBoost component...
2026-04-08 01:43:58 | INFO     | app.pricing.calibration:fit:37 - Isotonic calibrator fitted.
2026-04-08 01:43:58 | INFO     | app.pricing.models:fit:320 - Calibration report: raw_brier=0.3392, cal_brier=0.20481
2026-04-08 01:43:58 | INFO     | app.pricing.models:fit:191 - Training LogisticRegression component...
2026-04-08 01:43:58 | INFO     | app.pricing.models:fit:193 - Training XGBoost component...
2026-04-08 01:43:58 | INFO     | app.pricing.calibration:fit:37 - Isotonic calibrator fitted.
2026-04-08 01:43:58 | INFO     | app.pricing.models:fit:320 - Calibration report: raw_brier=0.3329, cal_brier=0.19764
2026-04-08 01:43:58 | INFO     | app.pricing.models:fit:191 - Training LogisticRegression component...
2026-04-08 01:43:58 | INFO     | app.pricing.models:fit:193 - Training XGBoost component...
2026-04-08 01:43:58 | INFO     | app.pricing.calibration:fit:37 - Isotonic calibrator fitted.
2026-04-08 01:43:58 | INFO     | app.pricing.models:fit:320 - Calibration report: raw_brier=0.3356, cal_brier=0.20017
2026-04-08 01:43:58 | INFO     | app.pricing.models:fit:191 - Training LogisticRegression component...
2026-04-08 01:43:58 | INFO     | app.pricing.models:fit:193 - Training XGBoost component...
2026-04-08 01:43:58 | INFO     | app.pricing.calibration:fit:37 - Isotonic calibrator fitted.
2026-04-08 01:43:58 | INFO     | app.pricing.models:fit:320 - Calibration report: raw_brier=0.2826, cal_brier=0.20283
2026-04-08 01:43:58 | INFO     | app.pricing.models:fit:191 - Training LogisticRegression component...
2026-04-08 01:43:58 | INFO     | app.pricing.models:fit:193 - Training XGBoost component...
2026-04-08 01:43:58 | INFO     | app.pricing.calibration:fit:37 - Isotonic calibrator fitted.
2026-04-08 01:43:58 | INFO     | app.pricing.models:fit:320 - Calibration report: raw_brier=0.2549, cal_brier=0.19449
2026-04-08 01:43:58 | INFO     | app.pricing.models:fit:191 - Training LogisticRegression component...
2026-04-08 01:43:58 | INFO     | app.pricing.models:fit:193 - Training XGBoost component...
2026-04-08 01:43:58 | INFO     | app.pricing.calibration:fit:37 - Isotonic calibrator fitted.
2026-04-08 01:43:58 | INFO     | app.pricing.models:fit:320 - Calibration report: raw_brier=0.2429, cal_brier=0.18856
2026-04-08 01:43:58 | INFO     | app.pricing.models:fit:191 - Training LogisticRegression component...
2026-04-08 01:43:58 | INFO     | app.pricing.models:fit:193 - Training XGBoost component...
2026-04-08 01:43:58 | INFO     | app.pricing.calibration:fit:37 - Isotonic calibrator fitted.
2026-04-08 01:43:58 | INFO     | app.pricing.models:fit:320 - Calibration report: raw_brier=0.2565, cal_brier=0.19112
2026-04-08 01:43:58 | INFO     | app.pricing.models:fit:191 - Training LogisticRegression component...
2026-04-08 01:43:58 | INFO     | app.pricing.models:fit:193 - Training XGBoost component...
2026-04-08 01:43:58 | INFO     | app.pricing.calibration:fit:37 - Isotonic calibrator fitted.
2026-04-08 01:43:58 | INFO     | app.pricing.models:fit:320 - Calibration report: raw_brier=0.2628, cal_brier=0.19066
2026-04-08 01:43:58 | INFO     | app.pricing.models:fit:191 - Training LogisticRegression component...
2026-04-08 01:43:58 | INFO     | app.pricing.models:fit:193 - Training XGBoost component...
2026-04-08 01:43:58 | INFO     | app.pricing.calibration:fit:37 - Isotonic calibrator fitted.
2026-04-08 01:43:58 | INFO     | app.pricing.models:fit:320 - Calibration report: raw_brier=0.2795, cal_brier=0.19414
2026-04-08 01:43:58 | INFO     | app.pricing.models:fit:191 - Training LogisticRegression component...
2026-04-08 01:43:58 | INFO     | app.pricing.models:fit:193 - Training XGBoost component...
2026-04-08 01:43:58 | INFO     | app.pricing.calibration:fit:37 - Isotonic calibrator fitted.
2026-04-08 01:43:58 | INFO     | app.pricing.models:fit:320 - Calibration report: raw_brier=0.2992, cal_brier=0.20071
2026-04-08 01:43:58 | INFO     | app.pricing.models:fit:191 - Training LogisticRegression component...
2026-04-08 01:43:59 | INFO     | app.pricing.models:fit:193 - Training XGBoost component...
2026-04-08 01:43:59 | INFO     | app.pricing.calibration:fit:37 - Isotonic calibrator fitted.
2026-04-08 01:43:59 | INFO     | app.pricing.models:fit:320 - Calibration report: raw_brier=0.3213, cal_brier=0.20855
2026-04-08 01:43:59 | INFO     | app.pricing.models:fit:191 - Training LogisticRegression component...
2026-04-08 01:43:59 | INFO     | app.pricing.models:fit:193 - Training XGBoost component...
2026-04-08 01:43:59 | INFO     | app.pricing.calibration:fit:37 - Isotonic calibrator fitted.
2026-04-08 01:43:59 | INFO     | app.pricing.models:fit:320 - Calibration report: raw_brier=0.3408, cal_brier=0.21705
2026-04-08 01:43:59 | INFO     | app.pricing.models:fit:191 - Training LogisticRegression component...
2026-04-08 01:43:59 | INFO     | app.pricing.models:fit:193 - Training XGBoost component...
2026-04-08 01:43:59 | INFO     | app.pricing.calibration:fit:37 - Isotonic calibrator fitted.
2026-04-08 01:43:59 | INFO     | app.pricing.models:fit:320 - Calibration report: raw_brier=0.3549, cal_brier=0.22332
2026-04-08 01:43:59 | INFO     | app.pricing.models:fit:191 - Training LogisticRegression component...
2026-04-08 01:43:59 | INFO     | app.pricing.models:fit:193 - Training XGBoost component...
2026-04-08 01:43:59 | INFO     | app.pricing.calibration:fit:37 - Isotonic calibrator fitted.
2026-04-08 01:43:59 | INFO     | app.pricing.models:fit:320 - Calibration report: raw_brier=0.3696, cal_brier=0.22918
2026-04-08 01:43:59 | INFO     | app.pricing.models:fit:191 - Training LogisticRegression component...
2026-04-08 01:43:59 | INFO     | app.pricing.models:fit:193 - Training XGBoost component...
2026-04-08 01:43:59 | INFO     | app.pricing.calibration:fit:37 - Isotonic calibrator fitted.
2026-04-08 01:43:59 | INFO     | app.pricing.models:fit:320 - Calibration report: raw_brier=0.3836, cal_brier=0.23587
2026-04-08 01:43:59 | INFO     | app.pricing.models:fit:191 - Training LogisticRegression component...
2026-04-08 01:43:59 | INFO     | app.pricing.models:fit:193 - Training XGBoost component...
2026-04-08 01:43:59 | INFO     | app.pricing.calibration:fit:37 - Isotonic calibrator fitted.
2026-04-08 01:43:59 | INFO     | app.pricing.models:fit:320 - Calibration report: raw_brier=0.3742, cal_brier=0.23503
2026-04-08 01:43:59 | INFO     | app.pricing.models:fit:191 - Training LogisticRegression component...
2026-04-08 01:43:59 | INFO     | app.pricing.models:fit:193 - Training XGBoost component...
2026-04-08 01:43:59 | INFO     | app.pricing.calibration:fit:37 - Isotonic calibrator fitted.
2026-04-08 01:43:59 | INFO     | app.pricing.models:fit:320 - Calibration report: raw_brier=0.3599, cal_brier=0.2311
2026-04-08 01:43:59 | INFO     | app.pricing.models:fit:191 - Training LogisticRegression component...
2026-04-08 01:43:59 | INFO     | app.pricing.models:fit:193 - Training XGBoost component...
2026-04-08 01:43:59 | INFO     | app.pricing.calibration:fit:37 - Isotonic calibrator fitted.
2026-04-08 01:43:59 | INFO     | app.pricing.models:fit:320 - Calibration report: raw_brier=0.3546, cal_brier=0.2275
2026-04-08 01:43:59 | INFO     | app.pricing.models:fit:191 - Training LogisticRegression component...
2026-04-08 01:43:59 | INFO     | app.pricing.models:fit:193 - Training XGBoost component...
2026-04-08 01:43:59 | INFO     | app.pricing.calibration:fit:37 - Isotonic calibrator fitted.
2026-04-08 01:43:59 | INFO     | app.pricing.models:fit:320 - Calibration report: raw_brier=0.3565, cal_brier=0.22694
2026-04-08 01:43:59 | INFO     | app.pricing.models:fit:191 - Training LogisticRegression component...
2026-04-08 01:43:59 | INFO     | app.pricing.models:fit:193 - Training XGBoost component...
2026-04-08 01:43:59 | INFO     | app.pricing.calibration:fit:37 - Isotonic calibrator fitted.
2026-04-08 01:43:59 | INFO     | app.pricing.models:fit:320 - Calibration report: raw_brier=0.3493, cal_brier=0.22772
2026-04-08 01:43:59 | INFO     | app.pricing.models:fit:191 - Training LogisticRegression component...
2026-04-08 01:43:59 | INFO     | app.pricing.models:fit:193 - Training XGBoost component...
2026-04-08 01:43:59 | INFO     | app.pricing.calibration:fit:37 - Isotonic calibrator fitted.
2026-04-08 01:43:59 | INFO     | app.pricing.models:fit:320 - Calibration report: raw_brier=0.3529, cal_brier=0.22779
2026-04-08 01:43:59 | INFO     | app.pricing.models:fit:191 - Training LogisticRegression component...
2026-04-08 01:43:59 | INFO     | app.pricing.models:fit:193 - Training XGBoost component...
2026-04-08 01:43:59 | INFO     | app.pricing.calibration:fit:37 - Isotonic calibrator fitted.
2026-04-08 01:43:59 | INFO     | app.pricing.models:fit:320 - Calibration report: raw_brier=0.3509, cal_brier=0.23199
2026-04-08 01:43:59 | INFO     | app.pricing.models:fit:191 - Training LogisticRegression component...
2026-04-08 01:43:59 | INFO     | app.pricing.models:fit:193 - Training XGBoost component...
2026-04-08 01:43:59 | INFO     | app.pricing.calibration:fit:37 - Isotonic calibrator fitted.
2026-04-08 01:43:59 | INFO     | app.pricing.models:fit:320 - Calibration report: raw_brier=0.3439, cal_brier=0.23132
2026-04-08 01:43:59 | INFO     | app.pricing.models:fit:191 - Training LogisticRegression component...
2026-04-08 01:44:00 | INFO     | app.pricing.models:fit:193 - Training XGBoost component...
2026-04-08 01:44:00 | INFO     | app.pricing.calibration:fit:37 - Isotonic calibrator fitted.
2026-04-08 01:44:00 | INFO     | app.pricing.models:fit:320 - Calibration report: raw_brier=0.3556, cal_brier=0.23264
2026-04-08 01:44:00 | INFO     | app.pricing.models:fit:191 - Training LogisticRegression component...
2026-04-08 01:44:00 | INFO     | app.pricing.models:fit:193 - Training XGBoost component...
2026-04-08 01:44:00 | INFO     | app.pricing.calibration:fit:37 - Isotonic calibrator fitted.
2026-04-08 01:44:00 | INFO     | app.pricing.models:fit:320 - Calibration report: raw_brier=0.3598, cal_brier=0.23136
2026-04-08 01:44:00 | INFO     | app.pricing.models:fit:191 - Training LogisticRegression component...
2026-04-08 01:44:00 | INFO     | app.pricing.models:fit:193 - Training XGBoost component...
2026-04-08 01:44:00 | INFO     | app.pricing.calibration:fit:37 - Isotonic calibrator fitted.
2026-04-08 01:44:00 | INFO     | app.pricing.models:fit:320 - Calibration report: raw_brier=0.3608, cal_brier=0.23965
2026-04-08 01:44:00 | INFO     | app.pricing.models:fit:191 - Training LogisticRegression component...
2026-04-08 01:44:00 | INFO     | app.pricing.models:fit:193 - Training XGBoost component...
2026-04-08 01:44:00 | INFO     | app.pricing.calibration:fit:37 - Isotonic calibrator fitted.
2026-04-08 01:44:00 | INFO     | app.pricing.models:fit:320 - Calibration report: raw_brier=0.3694, cal_brier=0.23831
2026-04-08 01:44:00 | INFO     | app.pricing.models:fit:191 - Training LogisticRegression component...
2026-04-08 01:44:00 | INFO     | app.pricing.models:fit:193 - Training XGBoost component...
2026-04-08 01:44:00 | INFO     | app.pricing.calibration:fit:37 - Isotonic calibrator fitted.
2026-04-08 01:44:00 | INFO     | app.pricing.models:fit:320 - Calibration report: raw_brier=0.3342, cal_brier=0.23028
2026-04-08 01:44:00 | INFO     | app.pricing.models:fit:191 - Training LogisticRegression component...
2026-04-08 01:44:00 | INFO     | app.pricing.models:fit:193 - Training XGBoost component...
2026-04-08 01:44:00 | INFO     | app.pricing.calibration:fit:37 - Isotonic calibrator fitted.
2026-04-08 01:44:00 | INFO     | app.pricing.models:fit:320 - Calibration report: raw_brier=0.3163, cal_brier=0.22293
2026-04-08 01:44:00 | INFO     | app.pricing.models:fit:191 - Training LogisticRegression component...
2026-04-08 01:44:00 | INFO     | app.pricing.models:fit:193 - Training XGBoost component...
2026-04-08 01:44:00 | INFO     | app.pricing.calibration:fit:37 - Isotonic calibrator fitted.
2026-04-08 01:44:00 | INFO     | app.pricing.models:fit:320 - Calibration report: raw_brier=0.3128, cal_brier=0.21667
2026-04-08 01:44:00 | INFO     | app.pricing.models:fit:191 - Training LogisticRegression component...
2026-04-08 01:44:00 | INFO     | app.pricing.models:fit:193 - Training XGBoost component...
2026-04-08 01:44:00 | INFO     | app.pricing.calibration:fit:37 - Isotonic calibrator fitted.
2026-04-08 01:44:00 | INFO     | app.pricing.models:fit:320 - Calibration report: raw_brier=0.3145, cal_brier=0.20752
2026-04-08 01:44:00 | INFO     | app.pricing.models:fit:191 - Training LogisticRegression component...
2026-04-08 01:44:00 | INFO     | app.pricing.models:fit:193 - Training XGBoost component...
2026-04-08 01:44:00 | INFO     | app.pricing.calibration:fit:37 - Isotonic calibrator fitted.
2026-04-08 01:44:00 | INFO     | app.pricing.models:fit:320 - Calibration report: raw_brier=0.3189, cal_brier=0.20871
2026-04-08 01:44:00 | INFO     | app.pricing.models:fit:191 - Training LogisticRegression component...
2026-04-08 01:44:00 | INFO     | app.pricing.models:fit:193 - Training XGBoost component...
2026-04-08 01:44:00 | INFO     | app.pricing.calibration:fit:37 - Isotonic calibrator fitted.
2026-04-08 01:44:00 | INFO     | app.pricing.models:fit:320 - Calibration report: raw_brier=0.3379, cal_brier=0.20918
2026-04-08 01:44:00 | INFO     | app.pricing.models:fit:191 - Training LogisticRegression component...
2026-04-08 01:44:00 | INFO     | app.pricing.models:fit:193 - Training XGBoost component...
2026-04-08 01:44:00 | INFO     | app.pricing.calibration:fit:37 - Isotonic calibrator fitted.
2026-04-08 01:44:00 | INFO     | app.pricing.models:fit:320 - Calibration report: raw_brier=0.3398, cal_brier=0.21505
2026-04-08 01:44:00 | INFO     | app.pricing.models:fit:191 - Training LogisticRegression component...
2026-04-08 01:44:00 | INFO     | app.pricing.models:fit:193 - Training XGBoost component...
2026-04-08 01:44:00 | INFO     | app.pricing.calibration:fit:37 - Isotonic calibrator fitted.
2026-04-08 01:44:00 | INFO     | app.pricing.models:fit:320 - Calibration report: raw_brier=0.3545, cal_brier=0.22035
2026-04-08 01:44:00 | INFO     | app.pricing.models:fit:191 - Training LogisticRegression component...
2026-04-08 01:44:00 | INFO     | app.pricing.models:fit:193 - Training XGBoost component...
2026-04-08 01:44:01 | INFO     | app.pricing.calibration:fit:37 - Isotonic calibrator fitted.
2026-04-08 01:44:01 | INFO     | app.pricing.models:fit:320 - Calibration report: raw_brier=0.3726, cal_brier=0.22202
2026-04-08 01:44:01 | INFO     | app.pricing.models:fit:191 - Training LogisticRegression component...
2026-04-08 01:44:01 | INFO     | app.pricing.models:fit:193 - Training XGBoost component...
2026-04-08 01:44:01 | INFO     | app.pricing.calibration:fit:37 - Isotonic calibrator fitted.
2026-04-08 01:44:01 | INFO     | app.pricing.models:fit:320 - Calibration report: raw_brier=0.3848, cal_brier=0.2229
2026-04-08 01:44:01 | INFO     | app.pricing.models:fit:191 - Training LogisticRegression component...
2026-04-08 01:44:01 | INFO     | app.pricing.models:fit:193 - Training XGBoost component...
2026-04-08 01:44:01 | INFO     | app.pricing.calibration:fit:37 - Isotonic calibrator fitted.
2026-04-08 01:44:01 | INFO     | app.pricing.models:fit:320 - Calibration report: raw_brier=0.3944, cal_brier=0.22083
2026-04-08 01:44:01 | INFO     | app.pricing.models:fit:191 - Training LogisticRegression component...
2026-04-08 01:44:01 | INFO     | app.pricing.models:fit:193 - Training XGBoost component...
2026-04-08 01:44:01 | INFO     | app.pricing.calibration:fit:37 - Isotonic calibrator fitted.
2026-04-08 01:44:01 | INFO     | app.pricing.models:fit:320 - Calibration report: raw_brier=0.3889, cal_brier=0.21956
2026-04-08 01:44:01 | INFO     | app.pricing.models:fit:191 - Training LogisticRegression component...
2026-04-08 01:44:01 | INFO     | app.pricing.models:fit:193 - Training XGBoost component...
2026-04-08 01:44:01 | INFO     | app.pricing.calibration:fit:37 - Isotonic calibrator fitted.
2026-04-08 01:44:01 | INFO     | app.pricing.models:fit:320 - Calibration report: raw_brier=0.4065, cal_brier=0.22384
2026-04-08 01:44:01 | INFO     | app.pricing.models:fit:191 - Training LogisticRegression component...
2026-04-08 01:44:01 | INFO     | app.pricing.models:fit:193 - Training XGBoost component...
2026-04-08 01:44:01 | INFO     | app.pricing.calibration:fit:37 - Isotonic calibrator fitted.
2026-04-08 01:44:01 | INFO     | app.pricing.models:fit:320 - Calibration report: raw_brier=0.4153, cal_brier=0.22776
2026-04-08 01:44:01 | INFO     | app.pricing.models:fit:191 - Training LogisticRegression component...
2026-04-08 01:44:01 | INFO     | app.pricing.models:fit:193 - Training XGBoost component...
2026-04-08 01:44:01 | INFO     | app.pricing.calibration:fit:37 - Isotonic calibrator fitted.
2026-04-08 01:44:01 | INFO     | app.pricing.models:fit:320 - Calibration report: raw_brier=0.4209, cal_brier=0.23466
2026-04-08 01:44:01 | INFO     | app.pricing.models:fit:191 - Training LogisticRegression component...
2026-04-08 01:44:01 | INFO     | app.pricing.models:fit:193 - Training XGBoost component...
2026-04-08 01:44:01 | INFO     | app.pricing.calibration:fit:37 - Isotonic calibrator fitted.
2026-04-08 01:44:01 | INFO     | app.pricing.models:fit:320 - Calibration report: raw_brier=0.4237, cal_brier=0.24082
2026-04-08 01:44:01 | INFO     | app.pricing.models:fit:191 - Training LogisticRegression component...
2026-04-08 01:44:01 | INFO     | app.pricing.models:fit:193 - Training XGBoost component...
2026-04-08 01:44:01 | INFO     | app.pricing.calibration:fit:37 - Isotonic calibrator fitted.
2026-04-08 01:44:01 | INFO     | app.pricing.models:fit:320 - Calibration report: raw_brier=0.4249, cal_brier=0.24543
2026-04-08 01:44:01 | INFO     | app.pricing.models:fit:191 - Training LogisticRegression component...
2026-04-08 01:44:01 | INFO     | app.pricing.models:fit:193 - Training XGBoost component...
2026-04-08 01:44:01 | INFO     | app.pricing.calibration:fit:37 - Isotonic calibrator fitted.
2026-04-08 01:44:01 | INFO     | app.pricing.models:fit:320 - Calibration report: raw_brier=0.3822, cal_brier=0.24989
2026-04-08 01:44:01 | INFO     | app.pricing.models:fit:191 - Training LogisticRegression component...
2026-04-08 01:44:01 | INFO     | app.pricing.models:fit:193 - Training XGBoost component...
2026-04-08 01:44:01 | INFO     | app.pricing.calibration:fit:37 - Isotonic calibrator fitted.
2026-04-08 01:44:01 | INFO     | app.pricing.models:fit:320 - Calibration report: raw_brier=0.3406, cal_brier=0.247
2026-04-08 01:44:01 | INFO     | app.pricing.models:fit:191 - Training LogisticRegression component...
2026-04-08 01:44:01 | INFO     | app.pricing.models:fit:193 - Training XGBoost component...
2026-04-08 01:44:01 | INFO     | app.pricing.calibration:fit:37 - Isotonic calibrator fitted.
2026-04-08 01:44:01 | INFO     | app.pricing.models:fit:320 - Calibration report: raw_brier=0.3453, cal_brier=0.24487
2026-04-08 01:44:01 | INFO     | app.pricing.models:fit:191 - Training LogisticRegression component...
2026-04-08 01:44:01 | INFO     | app.pricing.models:fit:193 - Training XGBoost component...
2026-04-08 01:44:02 | INFO     | app.pricing.calibration:fit:37 - Isotonic calibrator fitted.
2026-04-08 01:44:02 | INFO     | app.pricing.models:fit:320 - Calibration report: raw_brier=0.3568, cal_brier=0.24503
2026-04-08 01:44:02 | INFO     | app.pricing.models:fit:191 - Training LogisticRegression component...
2026-04-08 01:44:02 | INFO     | app.pricing.models:fit:193 - Training XGBoost component...
2026-04-08 01:44:02 | INFO     | app.pricing.calibration:fit:37 - Isotonic calibrator fitted.
2026-04-08 01:44:02 | INFO     | app.pricing.models:fit:320 - Calibration report: raw_brier=0.3744, cal_brier=0.24294
2026-04-08 01:44:02 | INFO     | app.pricing.models:fit:191 - Training LogisticRegression component...
2026-04-08 01:44:02 | INFO     | app.pricing.models:fit:193 - Training XGBoost component...
2026-04-08 01:44:02 | INFO     | app.pricing.calibration:fit:37 - Isotonic calibrator fitted.
2026-04-08 01:44:02 | INFO     | app.pricing.models:fit:320 - Calibration report: raw_brier=0.3701, cal_brier=0.23875
2026-04-08 01:44:02 | INFO     | app.pricing.models:fit:191 - Training LogisticRegression component...
2026-04-08 01:44:02 | INFO     | app.pricing.models:fit:193 - Training XGBoost component...
2026-04-08 01:44:02 | INFO     | app.pricing.calibration:fit:37 - Isotonic calibrator fitted.
2026-04-08 01:44:02 | INFO     | app.pricing.models:fit:320 - Calibration report: raw_brier=0.3734, cal_brier=0.23526
2026-04-08 01:44:02 | INFO     | app.pricing.models:fit:191 - Training LogisticRegression component...
2026-04-08 01:44:02 | INFO     | app.pricing.models:fit:193 - Training XGBoost component...
2026-04-08 01:44:02 | INFO     | app.pricing.calibration:fit:37 - Isotonic calibrator fitted.
2026-04-08 01:44:02 | INFO     | app.pricing.models:fit:320 - Calibration report: raw_brier=0.3340, cal_brier=0.22729
2026-04-08 01:44:02 | INFO     | app.pricing.models:fit:191 - Training LogisticRegression component...
2026-04-08 01:44:02 | INFO     | app.pricing.models:fit:193 - Training XGBoost component...
2026-04-08 01:44:02 | INFO     | app.pricing.calibration:fit:37 - Isotonic calibrator fitted.
2026-04-08 01:44:02 | INFO     | app.pricing.models:fit:320 - Calibration report: raw_brier=0.3298, cal_brier=0.2252
2026-04-08 01:44:02 | INFO     | app.pricing.models:fit:191 - Training LogisticRegression component...
2026-04-08 01:44:02 | INFO     | app.pricing.models:fit:193 - Training XGBoost component...
2026-04-08 01:44:02 | INFO     | app.pricing.calibration:fit:37 - Isotonic calibrator fitted.
2026-04-08 01:44:02 | INFO     | app.pricing.models:fit:320 - Calibration report: raw_brier=0.3278, cal_brier=0.22153
2026-04-08 01:44:02 | INFO     | app.pricing.models:fit:191 - Training LogisticRegression component...
2026-04-08 01:44:02 | INFO     | app.pricing.models:fit:193 - Training XGBoost component...
2026-04-08 01:44:02 | INFO     | app.pricing.calibration:fit:37 - Isotonic calibrator fitted.
2026-04-08 01:44:02 | INFO     | app.pricing.models:fit:320 - Calibration report: raw_brier=0.3168, cal_brier=0.21447
2026-04-08 01:44:02 | INFO     | app.pricing.models:fit:191 - Training LogisticRegression component...
2026-04-08 01:44:02 | INFO     | app.pricing.models:fit:193 - Training XGBoost component...
2026-04-08 01:44:02 | INFO     | app.pricing.calibration:fit:37 - Isotonic calibrator fitted.
2026-04-08 01:44:02 | INFO     | app.pricing.models:fit:320 - Calibration report: raw_brier=0.3095, cal_brier=0.21673
2026-04-08 01:44:02 | INFO     | app.pricing.models:fit:191 - Training LogisticRegression component...
2026-04-08 01:44:02 | INFO     | app.pricing.models:fit:193 - Training XGBoost component...
2026-04-08 01:44:02 | INFO     | app.pricing.calibration:fit:37 - Isotonic calibrator fitted.
2026-04-08 01:44:02 | INFO     | app.pricing.models:fit:320 - Calibration report: raw_brier=0.3114, cal_brier=0.22831
2026-04-08 01:44:02 | INFO     | app.pricing.models:fit:191 - Training LogisticRegression component...
2026-04-08 01:44:02 | INFO     | app.pricing.models:fit:193 - Training XGBoost component...
2026-04-08 01:44:02 | INFO     | app.pricing.calibration:fit:37 - Isotonic calibrator fitted.
2026-04-08 01:44:02 | INFO     | app.pricing.models:fit:320 - Calibration report: raw_brier=0.3155, cal_brier=0.22843
2026-04-08 01:44:02 | INFO     | app.pricing.models:fit:191 - Training LogisticRegression component...
2026-04-08 01:44:02 | INFO     | app.pricing.models:fit:193 - Training XGBoost component...
2026-04-08 01:44:02 | INFO     | app.pricing.calibration:fit:37 - Isotonic calibrator fitted.
2026-04-08 01:44:02 | INFO     | app.pricing.models:fit:320 - Calibration report: raw_brier=0.3269, cal_brier=0.22882
2026-04-08 01:44:02 | INFO     | app.pricing.models:fit:191 - Training LogisticRegression component...
2026-04-08 01:44:02 | INFO     | app.pricing.models:fit:193 - Training XGBoost component...
2026-04-08 01:44:03 | INFO     | app.pricing.calibration:fit:37 - Isotonic calibrator fitted.
2026-04-08 01:44:03 | INFO     | app.pricing.models:fit:320 - Calibration report: raw_brier=0.3451, cal_brier=0.22365
2026-04-08 01:44:03 | INFO     | app.pricing.models:fit:191 - Training LogisticRegression component...
2026-04-08 01:44:03 | INFO     | app.pricing.models:fit:193 - Training XGBoost component...
2026-04-08 01:44:03 | INFO     | app.pricing.calibration:fit:37 - Isotonic calibrator fitted.
2026-04-08 01:44:03 | INFO     | app.pricing.models:fit:320 - Calibration report: raw_brier=0.3573, cal_brier=0.22304
2026-04-08 01:44:03 | INFO     | app.pricing.models:fit:191 - Training LogisticRegression component...
2026-04-08 01:44:03 | INFO     | app.pricing.models:fit:193 - Training XGBoost component...
2026-04-08 01:44:03 | INFO     | app.pricing.calibration:fit:37 - Isotonic calibrator fitted.
2026-04-08 01:44:03 | INFO     | app.pricing.models:fit:320 - Calibration report: raw_brier=0.3570, cal_brier=0.22394
2026-04-08 01:44:03 | INFO     | app.pricing.models:fit:191 - Training LogisticRegression component...
2026-04-08 01:44:03 | INFO     | app.pricing.models:fit:193 - Training XGBoost component...
2026-04-08 01:44:03 | INFO     | app.pricing.calibration:fit:37 - Isotonic calibrator fitted.
2026-04-08 01:44:03 | INFO     | app.pricing.models:fit:320 - Calibration report: raw_brier=0.3497, cal_brier=0.22427
2026-04-08 01:44:03 | INFO     | app.pricing.models:fit:191 - Training LogisticRegression component...
2026-04-08 01:44:03 | INFO     | app.pricing.models:fit:193 - Training XGBoost component...
2026-04-08 01:44:03 | INFO     | app.pricing.calibration:fit:37 - Isotonic calibrator fitted.
2026-04-08 01:44:03 | INFO     | app.pricing.models:fit:320 - Calibration report: raw_brier=0.3410, cal_brier=0.22253
2026-04-08 01:44:03 | INFO     | app.pricing.models:fit:191 - Training LogisticRegression component...
2026-04-08 01:44:03 | INFO     | app.pricing.models:fit:193 - Training XGBoost component...
2026-04-08 01:44:03 | INFO     | app.pricing.calibration:fit:37 - Isotonic calibrator fitted.
2026-04-08 01:44:03 | INFO     | app.pricing.models:fit:320 - Calibration report: raw_brier=0.3517, cal_brier=0.22302
2026-04-08 01:44:03 | INFO     | app.pricing.models:fit:191 - Training LogisticRegression component...
2026-04-08 01:44:03 | INFO     | app.pricing.models:fit:193 - Training XGBoost component...
2026-04-08 01:44:03 | INFO     | app.pricing.calibration:fit:37 - Isotonic calibrator fitted.
2026-04-08 01:44:03 | INFO     | app.pricing.models:fit:320 - Calibration report: raw_brier=0.3524, cal_brier=0.22258
2026-04-08 01:44:03 | INFO     | app.pricing.models:fit:191 - Training LogisticRegression component...
2026-04-08 01:44:03 | INFO     | app.pricing.models:fit:193 - Training XGBoost component...
2026-04-08 01:44:03 | INFO     | app.pricing.calibration:fit:37 - Isotonic calibrator fitted.
2026-04-08 01:44:03 | INFO     | app.pricing.models:fit:320 - Calibration report: raw_brier=0.3531, cal_brier=0.22358
2026-04-08 01:44:03 | INFO     | app.pricing.models:fit:191 - Training LogisticRegression component...
2026-04-08 01:44:03 | INFO     | app.pricing.models:fit:193 - Training XGBoost component...
2026-04-08 01:44:03 | INFO     | app.pricing.calibration:fit:37 - Isotonic calibrator fitted.
2026-04-08 01:44:03 | INFO     | app.pricing.models:fit:320 - Calibration report: raw_brier=0.3475, cal_brier=0.22184
2026-04-08 01:44:03 | INFO     | app.pricing.models:fit:191 - Training LogisticRegression component...
2026-04-08 01:44:03 | INFO     | app.pricing.models:fit:193 - Training XGBoost component...
2026-04-08 01:44:03 | INFO     | app.pricing.calibration:fit:37 - Isotonic calibrator fitted.
2026-04-08 01:44:03 | INFO     | app.pricing.models:fit:320 - Calibration report: raw_brier=0.3371, cal_brier=0.22079
2026-04-08 01:44:03 | INFO     | app.pricing.models:fit:191 - Training LogisticRegression component...
2026-04-08 01:44:03 | INFO     | app.pricing.models:fit:193 - Training XGBoost component...
2026-04-08 01:44:03 | INFO     | app.pricing.calibration:fit:37 - Isotonic calibrator fitted.
2026-04-08 01:44:03 | INFO     | app.pricing.models:fit:320 - Calibration report: raw_brier=0.3245, cal_brier=0.21433
2026-04-08 01:44:03 | INFO     | app.pricing.models:fit:191 - Training LogisticRegression component...
2026-04-08 01:44:03 | INFO     | app.pricing.models:fit:193 - Training XGBoost component...
2026-04-08 01:44:03 | INFO     | app.pricing.calibration:fit:37 - Isotonic calibrator fitted.
2026-04-08 01:44:03 | INFO     | app.pricing.models:fit:320 - Calibration report: raw_brier=0.3165, cal_brier=0.22367
2026-04-08 01:44:04 | INFO     | app.pricing.models:fit:191 - Training LogisticRegression component...
2026-04-08 01:44:04 | INFO     | app.pricing.models:fit:193 - Training XGBoost component...
2026-04-08 01:44:04 | INFO     | app.pricing.calibration:fit:37 - Isotonic calibrator fitted.
2026-04-08 01:44:04 | INFO     | app.pricing.models:fit:320 - Calibration report: raw_brier=0.3001, cal_brier=0.21333
2026-04-08 01:44:04 | INFO     | app.pricing.models:fit:191 - Training LogisticRegression component...
2026-04-08 01:44:04 | INFO     | app.pricing.models:fit:193 - Training XGBoost component...
2026-04-08 01:44:04 | INFO     | app.pricing.calibration:fit:37 - Isotonic calibrator fitted.
2026-04-08 01:44:04 | INFO     | app.pricing.models:fit:320 - Calibration report: raw_brier=0.2948, cal_brier=0.20381
2026-04-08 01:44:04 | INFO     | app.pricing.models:fit:191 - Training LogisticRegression component...
2026-04-08 01:44:04 | INFO     | app.pricing.models:fit:193 - Training XGBoost component...
2026-04-08 01:44:04 | INFO     | app.pricing.calibration:fit:37 - Isotonic calibrator fitted.
2026-04-08 01:44:04 | INFO     | app.pricing.models:fit:320 - Calibration report: raw_brier=0.3027, cal_brier=0.22296
2026-04-08 01:44:04 | INFO     | app.pricing.models:fit:191 - Training LogisticRegression component...
2026-04-08 01:44:04 | INFO     | app.pricing.models:fit:193 - Training XGBoost component...
2026-04-08 01:44:04 | INFO     | app.pricing.calibration:fit:37 - Isotonic calibrator fitted.
2026-04-08 01:44:04 | INFO     | app.pricing.models:fit:320 - Calibration report: raw_brier=0.2674, cal_brier=0.20483
2026-04-08 01:44:04 | INFO     | app.pricing.models:fit:191 - Training LogisticRegression component...
2026-04-08 01:44:04 | INFO     | app.pricing.models:fit:193 - Training XGBoost component...
2026-04-08 01:44:04 | INFO     | app.pricing.calibration:fit:37 - Isotonic calibrator fitted.
2026-04-08 01:44:04 | INFO     | app.pricing.models:fit:320 - Calibration report: raw_brier=0.2538, cal_brier=0.20072
2026-04-08 01:44:04 | INFO     | app.pricing.models:fit:191 - Training LogisticRegression component...
2026-04-08 01:44:04 | INFO     | app.pricing.models:fit:193 - Training XGBoost component...
2026-04-08 01:44:04 | INFO     | app.pricing.calibration:fit:37 - Isotonic calibrator fitted.
2026-04-08 01:44:04 | INFO     | app.pricing.models:fit:320 - Calibration report: raw_brier=0.2437, cal_brier=0.1942
2026-04-08 01:44:04 | INFO     | app.pricing.models:fit:191 - Training LogisticRegression component...
2026-04-08 01:44:04 | INFO     | app.pricing.models:fit:193 - Training XGBoost component...
2026-04-08 01:44:04 | INFO     | app.pricing.calibration:fit:37 - Isotonic calibrator fitted.
2026-04-08 01:44:04 | INFO     | app.pricing.models:fit:320 - Calibration report: raw_brier=0.2454, cal_brier=0.19996
2026-04-08 01:44:04 | INFO     | app.pricing.models:fit:191 - Training LogisticRegression component...
2026-04-08 01:44:04 | INFO     | app.pricing.models:fit:193 - Training XGBoost component...
2026-04-08 01:44:04 | INFO     | app.pricing.calibration:fit:37 - Isotonic calibrator fitted.
2026-04-08 01:44:04 | INFO     | app.pricing.models:fit:320 - Calibration report: raw_brier=0.2456, cal_brier=0.20066
2026-04-08 01:44:04 | INFO     | app.pricing.models:fit:191 - Training LogisticRegression component...
2026-04-08 01:44:04 | INFO     | app.pricing.models:fit:193 - Training XGBoost component...
2026-04-08 01:44:04 | INFO     | app.pricing.calibration:fit:37 - Isotonic calibrator fitted.
2026-04-08 01:44:04 | INFO     | app.pricing.models:fit:320 - Calibration report: raw_brier=0.2530, cal_brier=0.20213
2026-04-08 01:44:04 | INFO     | app.pricing.models:fit:191 - Training LogisticRegression component...
2026-04-08 01:44:04 | INFO     | app.pricing.models:fit:193 - Training XGBoost component...
2026-04-08 01:44:04 | INFO     | app.pricing.calibration:fit:37 - Isotonic calibrator fitted.
2026-04-08 01:44:04 | INFO     | app.pricing.models:fit:320 - Calibration report: raw_brier=0.2346, cal_brier=0.18303
2026-04-08 01:44:04 | INFO     | app.pricing.models:fit:191 - Training LogisticRegression component...
2026-04-08 01:44:04 | INFO     | app.pricing.models:fit:193 - Training XGBoost component...
2026-04-08 01:44:04 | INFO     | app.pricing.calibration:fit:37 - Isotonic calibrator fitted.
2026-04-08 01:44:04 | INFO     | app.pricing.models:fit:320 - Calibration report: raw_brier=0.2280, cal_brier=0.16613
2026-04-08 01:44:04 | INFO     | app.pricing.models:fit:191 - Training LogisticRegression component...
2026-04-08 01:44:04 | INFO     | app.pricing.models:fit:193 - Training XGBoost component...
2026-04-08 01:44:04 | INFO     | app.pricing.calibration:fit:37 - Isotonic calibrator fitted.
2026-04-08 01:44:04 | INFO     | app.pricing.models:fit:320 - Calibration report: raw_brier=0.2234, cal_brier=0.17254
2026-04-08 01:44:04 | INFO     | app.pricing.models:fit:191 - Training LogisticRegression component...
2026-04-08 01:44:05 | INFO     | app.pricing.models:fit:193 - Training XGBoost component...
2026-04-08 01:44:05 | INFO     | app.pricing.calibration:fit:37 - Isotonic calibrator fitted.
2026-04-08 01:44:05 | INFO     | app.pricing.models:fit:320 - Calibration report: raw_brier=0.2241, cal_brier=0.16883
2026-04-08 01:44:05 | INFO     | app.pricing.models:fit:191 - Training LogisticRegression component...
2026-04-08 01:44:05 | INFO     | app.pricing.models:fit:193 - Training XGBoost component...
2026-04-08 01:44:05 | INFO     | app.pricing.calibration:fit:37 - Isotonic calibrator fitted.
2026-04-08 01:44:05 | INFO     | app.pricing.models:fit:320 - Calibration report: raw_brier=0.2274, cal_brier=0.16909
2026-04-08 01:44:05 | INFO     | app.pricing.models:fit:191 - Training LogisticRegression component...
2026-04-08 01:44:05 | INFO     | app.pricing.models:fit:193 - Training XGBoost component...
2026-04-08 01:44:05 | INFO     | app.pricing.calibration:fit:37 - Isotonic calibrator fitted.
2026-04-08 01:44:05 | INFO     | app.pricing.models:fit:320 - Calibration report: raw_brier=0.2271, cal_brier=0.16626
2026-04-08 01:44:05 | INFO     | app.pricing.models:fit:191 - Training LogisticRegression component...
2026-04-08 01:44:05 | INFO     | app.pricing.models:fit:193 - Training XGBoost component...
2026-04-08 01:44:05 | INFO     | app.pricing.calibration:fit:37 - Isotonic calibrator fitted.
2026-04-08 01:44:05 | INFO     | app.pricing.models:fit:320 - Calibration report: raw_brier=0.2322, cal_brier=0.17714
2026-04-08 01:44:05 | INFO     | app.pricing.models:fit:191 - Training LogisticRegression component...
2026-04-08 01:44:05 | INFO     | app.pricing.models:fit:193 - Training XGBoost component...
2026-04-08 01:44:05 | INFO     | app.pricing.calibration:fit:37 - Isotonic calibrator fitted.
2026-04-08 01:44:05 | INFO     | app.pricing.models:fit:320 - Calibration report: raw_brier=0.2393, cal_brier=0.19194
2026-04-08 01:44:05 | INFO     | app.pricing.models:fit:191 - Training LogisticRegression component...
2026-04-08 01:44:05 | INFO     | app.pricing.models:fit:193 - Training XGBoost component...
2026-04-08 01:44:05 | INFO     | app.pricing.calibration:fit:37 - Isotonic calibrator fitted.
2026-04-08 01:44:05 | INFO     | app.pricing.models:fit:320 - Calibration report: raw_brier=0.2442, cal_brier=0.19977
2026-04-08 01:44:05 | INFO     | app.pricing.models:fit:191 - Training LogisticRegression component...
2026-04-08 01:44:05 | INFO     | app.pricing.models:fit:193 - Training XGBoost component...
2026-04-08 01:44:05 | INFO     | app.pricing.calibration:fit:37 - Isotonic calibrator fitted.
2026-04-08 01:44:05 | INFO     | app.pricing.models:fit:320 - Calibration report: raw_brier=0.2405, cal_brier=0.19886
2026-04-08 01:44:05 | INFO     | app.pricing.models:fit:191 - Training LogisticRegression component...
2026-04-08 01:44:05 | INFO     | app.pricing.models:fit:193 - Training XGBoost component...
2026-04-08 01:44:05 | INFO     | app.pricing.calibration:fit:37 - Isotonic calibrator fitted.
2026-04-08 01:44:05 | INFO     | app.pricing.models:fit:320 - Calibration report: raw_brier=0.2444, cal_brier=0.20362
2026-04-08 01:44:05 | INFO     | app.pricing.models:fit:191 - Training LogisticRegression component...
2026-04-08 01:44:05 | INFO     | app.pricing.models:fit:193 - Training XGBoost component...
2026-04-08 01:44:05 | INFO     | app.pricing.calibration:fit:37 - Isotonic calibrator fitted.
2026-04-08 01:44:05 | INFO     | app.pricing.models:fit:320 - Calibration report: raw_brier=0.2083, cal_brier=0.16392
2026-04-08 01:44:05 | INFO     | app.pricing.models:fit:191 - Training LogisticRegression component...
2026-04-08 01:44:05 | INFO     | app.pricing.models:fit:193 - Training XGBoost component...
2026-04-08 01:44:05 | INFO     | app.pricing.calibration:fit:37 - Isotonic calibrator fitted.
2026-04-08 01:44:05 | INFO     | app.pricing.models:fit:320 - Calibration report: raw_brier=0.2135, cal_brier=0.18137
2026-04-08 01:44:05 | INFO     | app.pricing.models:fit:191 - Training LogisticRegression component...
2026-04-08 01:44:05 | INFO     | app.pricing.models:fit:193 - Training XGBoost component...
2026-04-08 01:44:05 | INFO     | app.pricing.calibration:fit:37 - Isotonic calibrator fitted.
2026-04-08 01:44:05 | INFO     | app.pricing.models:fit:320 - Calibration report: raw_brier=0.2094, cal_brier=0.16958
2026-04-08 01:44:05 | INFO     | app.pricing.models:fit:191 - Training LogisticRegression component...
2026-04-08 01:44:05 | INFO     | app.pricing.models:fit:193 - Training XGBoost component...
2026-04-08 01:44:05 | INFO     | app.pricing.calibration:fit:37 - Isotonic calibrator fitted.
2026-04-08 01:44:05 | INFO     | app.pricing.models:fit:320 - Calibration report: raw_brier=0.2056, cal_brier=0.15336
2026-04-08 01:44:06 | INFO     | app.pricing.models:fit:191 - Training LogisticRegression component...
2026-04-08 01:44:06 | INFO     | app.pricing.models:fit:193 - Training XGBoost component...
2026-04-08 01:44:06 | INFO     | app.pricing.calibration:fit:37 - Isotonic calibrator fitted.
2026-04-08 01:44:06 | INFO     | app.pricing.models:fit:320 - Calibration report: raw_brier=0.2061, cal_brier=0.15935
2026-04-08 01:44:06 | INFO     | app.pricing.models:fit:191 - Training LogisticRegression component...
2026-04-08 01:44:06 | INFO     | app.pricing.models:fit:193 - Training XGBoost component...
2026-04-08 01:44:06 | INFO     | app.pricing.calibration:fit:37 - Isotonic calibrator fitted.
2026-04-08 01:44:06 | INFO     | app.pricing.models:fit:320 - Calibration report: raw_brier=0.2019, cal_brier=0.1481
2026-04-08 01:44:06 | INFO     | app.pricing.models:fit:191 - Training LogisticRegression component...
2026-04-08 01:44:06 | INFO     | app.pricing.models:fit:193 - Training XGBoost component...
2026-04-08 01:44:06 | INFO     | app.pricing.calibration:fit:37 - Isotonic calibrator fitted.
2026-04-08 01:44:06 | INFO     | app.pricing.models:fit:320 - Calibration report: raw_brier=0.2074, cal_brier=0.16758
2026-04-08 01:44:06 | INFO     | app.pricing.models:fit:191 - Training LogisticRegression component...
2026-04-08 01:44:06 | INFO     | app.pricing.models:fit:193 - Training XGBoost component...
2026-04-08 01:44:06 | INFO     | app.pricing.calibration:fit:37 - Isotonic calibrator fitted.
2026-04-08 01:44:06 | INFO     | app.pricing.models:fit:320 - Calibration report: raw_brier=0.1989, cal_brier=0.14962
2026-04-08 01:44:06 | INFO     | app.pricing.models:fit:191 - Training LogisticRegression component...
2026-04-08 01:44:06 | INFO     | app.pricing.models:fit:193 - Training XGBoost component...
2026-04-08 01:44:06 | INFO     | app.pricing.calibration:fit:37 - Isotonic calibrator fitted.
2026-04-08 01:44:06 | INFO     | app.pricing.models:fit:320 - Calibration report: raw_brier=0.2007, cal_brier=0.15043
2026-04-08 01:44:06 | INFO     | app.services.backtest:run:209 - [31700d14] Backtest complete. Brier: 0.2175, LogLoss: 1.1819, Accuracy: 62.5%
